Region,SSP,ESL_class
1,SSP1-2.6,1
1,SSP1-2.6,1
1,SSP1-2.6,1
1,SSP1-2.6,1
1,SSP1-2.6,1
1,SSP1-2.6,1
1,SSP1-2.6,1
1,SSP1-2.6,1
1,SSP1-2.6,1
1,SSP1-2.6,1
1,SSP1-2.6,1
1,SSP1-2.6,1
1,SSP1-2.6,1
1,SSP1-2.6,1
1,SSP1-2.6,1
1,SSP1-2.6,1
1,SSP1-2.6,1
1,SSP1-2.6,1
1,SSP1-2.6,1
1,SSP1-2.6,1
1,SSP1-2.6,1
1,SSP1-2.6,1
1,SSP1-2.6,1
1,SSP1-2.6,1
1,SSP1-2.6,1
1,SSP1-2.6,1
1,SSP1-2.6,1
1,SSP1-2.6,1
1,SSP1-2.6,1
1,SSP1-2.6,1
1,SSP1-2.6,1
1,SSP1-2.6,1
1,SSP1-2.6,1
1,SSP1-2.6,1
1,SSP1-2.6,1
1,SSP1-2.6,1
1,SSP1-2.6,1
1,SSP1-2.6,1
1,SSP1-2.6,1
1,SSP1-2.6,1
1,SSP1-2.6,1
1,SSP1-2.6,1
1,SSP1-2.6,1
1,SSP1-2.6,1
1,SSP1-2.6,1
1,SSP1-2.6,1
1,SSP1-2.6,1
1,SSP1-2.6,1
1,SSP1-2.6,1
1,SSP1-2.6,1
1,SSP1-2.6,1
1,SSP1-2.6,1
1,SSP1-2.6,2
1,SSP1-2.6,2
1,SSP1-2.6,2
1,SSP1-2.6,2
1,SSP1-2.6,2
1,SSP1-2.6,2
1,SSP1-2.6,2
1,SSP1-2.6,2
1,SSP1-2.6,2
1,SSP1-2.6,2
1,SSP1-2.6,2
1,SSP1-2.6,2
1,SSP1-2.6,2
1,SSP1-2.6,2
1,SSP1-2.6,2
1,SSP1-2.6,2
1,SSP1-2.6,2
1,SSP1-2.6,2
1,SSP1-2.6,2
1,SSP1-2.6,2
1,SSP1-2.6,2
1,SSP1-2.6,2
1,SSP1-2.6,2
1,SSP1-2.6,2
1,SSP1-2.6,2
1,SSP1-2.6,2
1,SSP1-2.6,2
1,SSP1-2.6,2
1,SSP1-2.6,2
1,SSP1-2.6,2
1,SSP1-2.6,2
1,SSP1-2.6,2
1,SSP1-2.6,2
1,SSP1-2.6,2
1,SSP1-2.6,2
1,SSP1-2.6,2
1,SSP1-2.6,2
1,SSP1-2.6,3
1,SSP1-2.6,3
1,SSP1-2.6,3
1,SSP1-2.6,3
1,SSP1-2.6,3
1,SSP1-2.6,3
1,SSP1-2.6,3
1,SSP1-2.6,3
1,SSP1-2.6,3
1,SSP2-4.5,1
1,SSP2-4.5,1
1,SSP2-4.5,1
1,SSP2-4.5,1
1,SSP2-4.5,1
1,SSP2-4.5,1
1,SSP2-4.5,1
1,SSP2-4.5,1
1,SSP2-4.5,1
1,SSP2-4.5,1
1,SSP2-4.5,1
1,SSP2-4.5,1
1,SSP2-4.5,1
1,SSP2-4.5,1
1,SSP2-4.5,1
1,SSP2-4.5,1
1,SSP2-4.5,1
1,SSP2-4.5,1
1,SSP2-4.5,1
1,SSP2-4.5,1
1,SSP2-4.5,1
1,SSP2-4.5,1
1,SSP2-4.5,1
1,SSP2-4.5,2
1,SSP2-4.5,2
1,SSP2-4.5,2
1,SSP2-4.5,2
1,SSP2-4.5,2
1,SSP2-4.5,2
1,SSP2-4.5,2
1,SSP2-4.5,2
1,SSP2-4.5,2
1,SSP2-4.5,2
1,SSP2-4.5,2
1,SSP2-4.5,2
1,SSP2-4.5,2
1,SSP2-4.5,2
1,SSP2-4.5,2
1,SSP2-4.5,2
1,SSP2-4.5,2
1,SSP2-4.5,2
1,SSP2-4.5,2
1,SSP2-4.5,2
1,SSP2-4.5,2
1,SSP2-4.5,2
1,SSP2-4.5,2
1,SSP2-4.5,2
1,SSP2-4.5,2
1,SSP2-4.5,2
1,SSP2-4.5,2
1,SSP2-4.5,2
1,SSP2-4.5,2
1,SSP2-4.5,2
1,SSP2-4.5,2
1,SSP2-4.5,2
1,SSP2-4.5,2
1,SSP2-4.5,2
1,SSP2-4.5,2
1,SSP2-4.5,2
1,SSP2-4.5,2
1,SSP2-4.5,2
1,SSP2-4.5,2
1,SSP2-4.5,2
1,SSP2-4.5,2
1,SSP2-4.5,2
1,SSP2-4.5,2
1,SSP2-4.5,2
1,SSP2-4.5,2
1,SSP2-4.5,2
1,SSP2-4.5,2
1,SSP2-4.5,2
1,SSP2-4.5,2
1,SSP2-4.5,2
1,SSP2-4.5,3
1,SSP2-4.5,3
1,SSP2-4.5,3
1,SSP2-4.5,3
1,SSP2-4.5,3
1,SSP2-4.5,3
1,SSP2-4.5,3
1,SSP2-4.5,3
1,SSP2-4.5,3
1,SSP2-4.5,3
1,SSP2-4.5,3
1,SSP2-4.5,3
1,SSP2-4.5,3
1,SSP2-4.5,3
1,SSP2-4.5,3
1,SSP2-4.5,3
1,SSP2-4.5,4
1,SSP2-4.5,4
1,SSP2-4.5,4
1,SSP2-4.5,4
1,SSP2-4.5,4
1,SSP2-4.5,4
1,SSP2-4.5,4
1,SSP2-4.5,4
1,SSP2-4.5,4
1,SSP3-7.0,1
1,SSP3-7.0,1
1,SSP3-7.0,1
1,SSP3-7.0,1
1,SSP3-7.0,1
1,SSP3-7.0,1
1,SSP3-7.0,1
1,SSP3-7.0,1
1,SSP3-7.0,1
1,SSP3-7.0,1
1,SSP3-7.0,1
1,SSP3-7.0,1
1,SSP3-7.0,1
1,SSP3-7.0,1
1,SSP3-7.0,1
1,SSP3-7.0,1
1,SSP3-7.0,1
1,SSP3-7.0,1
1,SSP3-7.0,1
1,SSP3-7.0,1
1,SSP3-7.0,1
1,SSP3-7.0,1
1,SSP3-7.0,1
1,SSP3-7.0,1
1,SSP3-7.0,1
1,SSP3-7.0,2
1,SSP3-7.0,2
1,SSP3-7.0,2
1,SSP3-7.0,2
1,SSP3-7.0,2
1,SSP3-7.0,2
1,SSP3-7.0,2
1,SSP3-7.0,2
1,SSP3-7.0,2
1,SSP3-7.0,2
1,SSP3-7.0,2
1,SSP3-7.0,2
1,SSP3-7.0,2
1,SSP3-7.0,2
1,SSP3-7.0,2
1,SSP3-7.0,2
1,SSP3-7.0,2
1,SSP3-7.0,2
1,SSP3-7.0,2
1,SSP3-7.0,2
1,SSP3-7.0,2
1,SSP3-7.0,2
1,SSP3-7.0,2
1,SSP3-7.0,2
1,SSP3-7.0,2
1,SSP3-7.0,2
1,SSP3-7.0,2
1,SSP3-7.0,3
1,SSP3-7.0,3
1,SSP3-7.0,3
1,SSP3-7.0,3
1,SSP3-7.0,3
1,SSP3-7.0,3
1,SSP3-7.0,3
1,SSP3-7.0,3
1,SSP3-7.0,3
1,SSP3-7.0,3
1,SSP3-7.0,3
1,SSP3-7.0,3
1,SSP3-7.0,3
1,SSP3-7.0,3
1,SSP3-7.0,3
1,SSP3-7.0,3
1,SSP3-7.0,3
1,SSP3-7.0,3
1,SSP3-7.0,3
1,SSP3-7.0,3
1,SSP3-7.0,3
1,SSP3-7.0,3
1,SSP3-7.0,4
1,SSP3-7.0,4
1,SSP3-7.0,4
1,SSP3-7.0,4
1,SSP3-7.0,4
1,SSP3-7.0,4
1,SSP3-7.0,4
1,SSP3-7.0,4
1,SSP3-7.0,4
1,SSP3-7.0,4
1,SSP3-7.0,4
1,SSP3-7.0,4
1,SSP3-7.0,4
1,SSP3-7.0,4
1,SSP3-7.0,4
1,SSP3-7.0,4
1,SSP3-7.0,5
1,SSP3-7.0,5
1,SSP3-7.0,5
1,SSP3-7.0,5
1,SSP3-7.0,5
1,SSP3-7.0,5
1,SSP3-7.0,5
1,SSP3-7.0,5
1,SSP5-8.5,1
1,SSP5-8.5,1
1,SSP5-8.5,1
1,SSP5-8.5,1
1,SSP5-8.5,1
1,SSP5-8.5,1
1,SSP5-8.5,1
1,SSP5-8.5,1
1,SSP5-8.5,1
1,SSP5-8.5,1
1,SSP5-8.5,1
1,SSP5-8.5,1
1,SSP5-8.5,1
1,SSP5-8.5,1
1,SSP5-8.5,1
1,SSP5-8.5,1
1,SSP5-8.5,1
1,SSP5-8.5,1
1,SSP5-8.5,1
1,SSP5-8.5,1
1,SSP5-8.5,1
1,SSP5-8.5,1
1,SSP5-8.5,1
1,SSP5-8.5,1
1,SSP5-8.5,1
1,SSP5-8.5,1
1,SSP5-8.5,2
1,SSP5-8.5,2
1,SSP5-8.5,2
1,SSP5-8.5,2
1,SSP5-8.5,2
1,SSP5-8.5,2
1,SSP5-8.5,2
1,SSP5-8.5,2
1,SSP5-8.5,2
1,SSP5-8.5,2
1,SSP5-8.5,2
1,SSP5-8.5,2
1,SSP5-8.5,2
1,SSP5-8.5,2
1,SSP5-8.5,2
1,SSP5-8.5,2
1,SSP5-8.5,2
1,SSP5-8.5,2
1,SSP5-8.5,2
1,SSP5-8.5,2
1,SSP5-8.5,2
1,SSP5-8.5,2
1,SSP5-8.5,2
1,SSP5-8.5,2
1,SSP5-8.5,2
1,SSP5-8.5,2
1,SSP5-8.5,3
1,SSP5-8.5,3
1,SSP5-8.5,3
1,SSP5-8.5,3
1,SSP5-8.5,4
1,SSP5-8.5,4
1,SSP5-8.5,4
1,SSP5-8.5,4
1,SSP5-8.5,4
1,SSP5-8.5,4
1,SSP5-8.5,4
1,SSP5-8.5,4
1,SSP5-8.5,4
1,SSP5-8.5,4
1,SSP5-8.5,4
1,SSP5-8.5,4
1,SSP5-8.5,4
1,SSP5-8.5,4
1,SSP5-8.5,4
1,SSP5-8.5,4
1,SSP5-8.5,4
1,SSP5-8.5,4
1,SSP5-8.5,4
1,SSP5-8.5,4
1,SSP5-8.5,4
1,SSP5-8.5,4
1,SSP5-8.5,4
1,SSP5-8.5,4
1,SSP5-8.5,4
1,SSP5-8.5,4
1,SSP5-8.5,4
1,SSP5-8.5,4
1,SSP5-8.5,4
1,SSP5-8.5,4
1,SSP5-8.5,4
1,SSP5-8.5,4
1,SSP5-8.5,4
1,SSP5-8.5,5
1,SSP5-8.5,6
1,SSP5-8.5,6
1,SSP5-8.5,6
1,SSP5-8.5,6
1,SSP5-8.5,6
1,SSP5-8.5,6
1,SSP5-8.5,6
1,SSP5-8.5,6
2,SSP1-2.6,2
2,SSP1-2.6,2
2,SSP1-2.6,2
2,SSP1-2.6,2
2,SSP1-2.6,2
2,SSP1-2.6,2
2,SSP1-2.6,2
2,SSP1-2.6,2
2,SSP1-2.6,2
2,SSP1-2.6,2
2,SSP1-2.6,2
2,SSP1-2.6,2
2,SSP1-2.6,2
2,SSP1-2.6,2
2,SSP1-2.6,2
2,SSP1-2.6,2
2,SSP1-2.6,2
2,SSP1-2.6,2
2,SSP1-2.6,2
2,SSP1-2.6,2
2,SSP1-2.6,2
2,SSP1-2.6,2
2,SSP1-2.6,2
2,SSP1-2.6,2
2,SSP1-2.6,2
2,SSP1-2.6,2
2,SSP1-2.6,2
2,SSP1-2.6,2
2,SSP1-2.6,2
2,SSP1-2.6,2
2,SSP1-2.6,2
2,SSP1-2.6,2
2,SSP1-2.6,2
2,SSP1-2.6,2
2,SSP1-2.6,2
2,SSP1-2.6,2
2,SSP1-2.6,2
2,SSP1-2.6,2
2,SSP1-2.6,2
2,SSP1-2.6,2
2,SSP1-2.6,2
2,SSP1-2.6,2
2,SSP1-2.6,2
2,SSP1-2.6,2
2,SSP1-2.6,2
2,SSP1-2.6,2
2,SSP1-2.6,2
2,SSP1-2.6,2
2,SSP1-2.6,2
2,SSP1-2.6,2
2,SSP1-2.6,2
2,SSP1-2.6,2
2,SSP1-2.6,2
2,SSP1-2.6,2
2,SSP1-2.6,2
2,SSP1-2.6,2
2,SSP1-2.6,2
2,SSP1-2.6,2
2,SSP1-2.6,2
2,SSP1-2.6,2
2,SSP1-2.6,2
2,SSP1-2.6,2
2,SSP1-2.6,2
2,SSP1-2.6,2
2,SSP1-2.6,2
2,SSP1-2.6,2
2,SSP1-2.6,2
2,SSP1-2.6,2
2,SSP1-2.6,2
2,SSP1-2.6,2
2,SSP1-2.6,2
2,SSP1-2.6,2
2,SSP1-2.6,2
2,SSP1-2.6,2
2,SSP1-2.6,2
2,SSP1-2.6,2
2,SSP1-2.6,2
2,SSP1-2.6,2
2,SSP1-2.6,2
2,SSP1-2.6,2
2,SSP1-2.6,2
2,SSP1-2.6,2
2,SSP1-2.6,2
2,SSP1-2.6,2
2,SSP1-2.6,2
2,SSP1-2.6,2
2,SSP1-2.6,2
2,SSP1-2.6,2
2,SSP1-2.6,2
2,SSP1-2.6,2
2,SSP1-2.6,2
2,SSP1-2.6,2
2,SSP1-2.6,2
2,SSP1-2.6,3
2,SSP1-2.6,3
2,SSP1-2.6,3
2,SSP1-2.6,3
2,SSP1-2.6,3
2,SSP1-2.6,3
2,SSP2-4.5,3
2,SSP2-4.5,3
2,SSP2-4.5,3
2,SSP2-4.5,3
2,SSP2-4.5,3
2,SSP2-4.5,3
2,SSP2-4.5,3
2,SSP2-4.5,3
2,SSP2-4.5,3
2,SSP2-4.5,3
2,SSP2-4.5,3
2,SSP2-4.5,3
2,SSP2-4.5,3
2,SSP2-4.5,3
2,SSP2-4.5,3
2,SSP2-4.5,3
2,SSP2-4.5,3
2,SSP2-4.5,3
2,SSP2-4.5,3
2,SSP2-4.5,3
2,SSP2-4.5,3
2,SSP2-4.5,3
2,SSP2-4.5,3
2,SSP2-4.5,3
2,SSP2-4.5,3
2,SSP2-4.5,3
2,SSP2-4.5,3
2,SSP2-4.5,3
2,SSP2-4.5,3
2,SSP2-4.5,3
2,SSP2-4.5,3
2,SSP2-4.5,3
2,SSP2-4.5,3
2,SSP2-4.5,3
2,SSP2-4.5,3
2,SSP2-4.5,3
2,SSP2-4.5,3
2,SSP2-4.5,3
2,SSP2-4.5,3
2,SSP2-4.5,3
2,SSP2-4.5,3
2,SSP2-4.5,3
2,SSP2-4.5,3
2,SSP2-4.5,3
2,SSP2-4.5,3
2,SSP2-4.5,3
2,SSP2-4.5,3
2,SSP2-4.5,3
2,SSP2-4.5,3
2,SSP2-4.5,3
2,SSP2-4.5,3
2,SSP2-4.5,3
2,SSP2-4.5,3
2,SSP2-4.5,3
2,SSP2-4.5,3
2,SSP2-4.5,3
2,SSP2-4.5,3
2,SSP2-4.5,3
2,SSP2-4.5,3
2,SSP2-4.5,3
2,SSP2-4.5,3
2,SSP2-4.5,3
2,SSP2-4.5,3
2,SSP2-4.5,3
2,SSP2-4.5,3
2,SSP2-4.5,3
2,SSP2-4.5,3
2,SSP2-4.5,3
2,SSP2-4.5,3
2,SSP2-4.5,3
2,SSP2-4.5,3
2,SSP2-4.5,3
2,SSP2-4.5,3
2,SSP2-4.5,3
2,SSP2-4.5,3
2,SSP2-4.5,3
2,SSP2-4.5,3
2,SSP2-4.5,3
2,SSP2-4.5,3
2,SSP2-4.5,3
2,SSP2-4.5,3
2,SSP2-4.5,3
2,SSP2-4.5,3
2,SSP2-4.5,3
2,SSP2-4.5,3
2,SSP2-4.5,3
2,SSP2-4.5,3
2,SSP2-4.5,4
2,SSP2-4.5,4
2,SSP2-4.5,4
2,SSP2-4.5,4
2,SSP2-4.5,4
2,SSP2-4.5,4
2,SSP2-4.5,5
2,SSP2-4.5,5
2,SSP2-4.5,5
2,SSP2-4.5,5
2,SSP2-4.5,5
2,SSP2-4.5,5
2,SSP3-7.0,4
2,SSP3-7.0,4
2,SSP3-7.0,4
2,SSP3-7.0,4
2,SSP3-7.0,4
2,SSP3-7.0,4
2,SSP3-7.0,4
2,SSP3-7.0,4
2,SSP3-7.0,4
2,SSP3-7.0,4
2,SSP3-7.0,4
2,SSP3-7.0,4
2,SSP3-7.0,4
2,SSP3-7.0,4
2,SSP3-7.0,4
2,SSP3-7.0,4
2,SSP3-7.0,4
2,SSP3-7.0,4
2,SSP3-7.0,4
2,SSP3-7.0,4
2,SSP3-7.0,4
2,SSP3-7.0,4
2,SSP3-7.0,4
2,SSP3-7.0,4
2,SSP3-7.0,4
2,SSP3-7.0,4
2,SSP3-7.0,4
2,SSP3-7.0,4
2,SSP3-7.0,4
2,SSP3-7.0,4
2,SSP3-7.0,4
2,SSP3-7.0,4
2,SSP3-7.0,4
2,SSP3-7.0,4
2,SSP3-7.0,4
2,SSP3-7.0,4
2,SSP3-7.0,4
2,SSP3-7.0,4
2,SSP3-7.0,4
2,SSP3-7.0,4
2,SSP3-7.0,4
2,SSP3-7.0,4
2,SSP3-7.0,4
2,SSP3-7.0,4
2,SSP3-7.0,4
2,SSP3-7.0,4
2,SSP3-7.0,4
2,SSP3-7.0,4
2,SSP3-7.0,4
2,SSP3-7.0,4
2,SSP3-7.0,4
2,SSP3-7.0,4
2,SSP3-7.0,4
2,SSP3-7.0,4
2,SSP3-7.0,4
2,SSP3-7.0,4
2,SSP3-7.0,5
2,SSP3-7.0,5
2,SSP3-7.0,5
2,SSP3-7.0,5
2,SSP3-7.0,5
2,SSP3-7.0,5
2,SSP3-7.0,5
2,SSP3-7.0,5
2,SSP3-7.0,5
2,SSP3-7.0,5
2,SSP3-7.0,5
2,SSP3-7.0,5
2,SSP3-7.0,5
2,SSP3-7.0,5
2,SSP3-7.0,5
2,SSP3-7.0,5
2,SSP3-7.0,5
2,SSP3-7.0,5
2,SSP3-7.0,5
2,SSP3-7.0,5
2,SSP3-7.0,5
2,SSP3-7.0,5
2,SSP3-7.0,5
2,SSP3-7.0,5
2,SSP3-7.0,5
2,SSP3-7.0,5
2,SSP3-7.0,5
2,SSP3-7.0,5
2,SSP3-7.0,5
2,SSP3-7.0,5
2,SSP3-7.0,5
2,SSP3-7.0,5
2,SSP3-7.0,5
2,SSP3-7.0,5
2,SSP3-7.0,6
2,SSP3-7.0,6
2,SSP3-7.0,6
2,SSP3-7.0,6
2,SSP3-7.0,6
2,SSP3-7.0,6
2,SSP3-7.0,6
2,SSP3-7.0,6
2,SSP3-7.0,6
2,SSP5-8.5,5
2,SSP5-8.5,5
2,SSP5-8.5,5
2,SSP5-8.5,5
2,SSP5-8.5,5
2,SSP5-8.5,5
2,SSP5-8.5,5
2,SSP5-8.5,5
2,SSP5-8.5,5
2,SSP5-8.5,5
2,SSP5-8.5,5
2,SSP5-8.5,5
2,SSP5-8.5,5
2,SSP5-8.5,5
2,SSP5-8.5,5
2,SSP5-8.5,5
2,SSP5-8.5,5
2,SSP5-8.5,5
2,SSP5-8.5,5
2,SSP5-8.5,5
2,SSP5-8.5,5
2,SSP5-8.5,5
2,SSP5-8.5,5
2,SSP5-8.5,5
2,SSP5-8.5,5
2,SSP5-8.5,5
2,SSP5-8.5,5
2,SSP5-8.5,5
2,SSP5-8.5,5
2,SSP5-8.5,5
2,SSP5-8.5,5
2,SSP5-8.5,5
2,SSP5-8.5,5
2,SSP5-8.5,5
2,SSP5-8.5,5
2,SSP5-8.5,5
2,SSP5-8.5,6
2,SSP5-8.5,6
2,SSP5-8.5,6
2,SSP5-8.5,6
2,SSP5-8.5,6
2,SSP5-8.5,6
2,SSP5-8.5,6
2,SSP5-8.5,6
2,SSP5-8.5,6
2,SSP5-8.5,6
2,SSP5-8.5,6
2,SSP5-8.5,6
2,SSP5-8.5,6
2,SSP5-8.5,6
2,SSP5-8.5,6
2,SSP5-8.5,6
2,SSP5-8.5,6
2,SSP5-8.5,6
2,SSP5-8.5,6
2,SSP5-8.5,6
2,SSP5-8.5,6
2,SSP5-8.5,6
2,SSP5-8.5,6
2,SSP5-8.5,6
2,SSP5-8.5,6
2,SSP5-8.5,6
2,SSP5-8.5,6
2,SSP5-8.5,6
2,SSP5-8.5,6
2,SSP5-8.5,6
2,SSP5-8.5,6
2,SSP5-8.5,6
2,SSP5-8.5,6
2,SSP5-8.5,6
2,SSP5-8.5,6
2,SSP5-8.5,6
2,SSP5-8.5,6
2,SSP5-8.5,6
2,SSP5-8.5,6
2,SSP5-8.5,6
2,SSP5-8.5,6
2,SSP5-8.5,6
2,SSP5-8.5,6
2,SSP5-8.5,6
2,SSP5-8.5,6
2,SSP5-8.5,6
2,SSP5-8.5,6
2,SSP5-8.5,6
2,SSP5-8.5,6
2,SSP5-8.5,6
2,SSP5-8.5,6
2,SSP5-8.5,6
2,SSP5-8.5,6
2,SSP5-8.5,6
2,SSP5-8.5,6
2,SSP5-8.5,6
2,SSP5-8.5,6
2,SSP5-8.5,6
2,SSP5-8.5,6
2,SSP5-8.5,6
2,SSP5-8.5,6
2,SSP5-8.5,6
2,SSP5-8.5,6
3,SSP1-2.6,1
3,SSP1-2.6,1
3,SSP1-2.6,1
3,SSP1-2.6,1
3,SSP1-2.6,1
3,SSP1-2.6,1
3,SSP1-2.6,1
3,SSP1-2.6,1
3,SSP1-2.6,1
3,SSP1-2.6,1
3,SSP1-2.6,1
3,SSP1-2.6,1
3,SSP1-2.6,1
3,SSP1-2.6,1
3,SSP1-2.6,1
3,SSP1-2.6,1
3,SSP1-2.6,1
3,SSP1-2.6,1
3,SSP1-2.6,1
3,SSP1-2.6,1
3,SSP1-2.6,1
3,SSP1-2.6,1
3,SSP1-2.6,1
3,SSP1-2.6,1
3,SSP1-2.6,1
3,SSP1-2.6,1
3,SSP1-2.6,1
3,SSP1-2.6,1
3,SSP1-2.6,1
3,SSP1-2.6,1
3,SSP1-2.6,1
3,SSP1-2.6,1
3,SSP1-2.6,1
3,SSP1-2.6,1
3,SSP1-2.6,1
3,SSP1-2.6,1
3,SSP1-2.6,1
3,SSP1-2.6,1
3,SSP1-2.6,1
3,SSP1-2.6,2
3,SSP1-2.6,2
3,SSP1-2.6,2
3,SSP1-2.6,2
3,SSP1-2.6,2
3,SSP1-2.6,2
3,SSP1-2.6,2
3,SSP1-2.6,2
3,SSP1-2.6,2
3,SSP1-2.6,2
3,SSP1-2.6,2
3,SSP1-2.6,2
3,SSP1-2.6,2
3,SSP1-2.6,2
3,SSP1-2.6,2
3,SSP1-2.6,2
3,SSP1-2.6,2
3,SSP1-2.6,2
3,SSP1-2.6,2
3,SSP1-2.6,2
3,SSP1-2.6,2
3,SSP1-2.6,2
3,SSP1-2.6,2
3,SSP1-2.6,2
3,SSP1-2.6,2
3,SSP1-2.6,2
3,SSP1-2.6,2
3,SSP1-2.6,2
3,SSP1-2.6,2
3,SSP1-2.6,2
3,SSP1-2.6,2
3,SSP1-2.6,2
3,SSP1-2.6,2
3,SSP1-2.6,2
3,SSP1-2.6,2
3,SSP1-2.6,2
3,SSP1-2.6,2
3,SSP1-2.6,2
3,SSP1-2.6,2
3,SSP1-2.6,2
3,SSP1-2.6,2
3,SSP1-2.6,2
3,SSP1-2.6,2
3,SSP1-2.6,2
3,SSP1-2.6,2
3,SSP1-2.6,2
3,SSP1-2.6,2
3,SSP1-2.6,2
3,SSP1-2.6,2
3,SSP1-2.6,2
3,SSP1-2.6,2
3,SSP1-2.6,2
3,SSP1-2.6,2
3,SSP1-2.6,2
3,SSP1-2.6,2
3,SSP1-2.6,2
3,SSP1-2.6,2
3,SSP1-2.6,2
3,SSP1-2.6,2
3,SSP1-2.6,2
3,SSP2-4.5,1
3,SSP2-4.5,1
3,SSP2-4.5,1
3,SSP2-4.5,1
3,SSP2-4.5,1
3,SSP2-4.5,1
3,SSP2-4.5,1
3,SSP2-4.5,1
3,SSP2-4.5,1
3,SSP2-4.5,1
3,SSP2-4.5,1
3,SSP2-4.5,1
3,SSP2-4.5,1
3,SSP2-4.5,1
3,SSP2-4.5,1
3,SSP2-4.5,1
3,SSP2-4.5,1
3,SSP2-4.5,1
3,SSP2-4.5,1
3,SSP2-4.5,1
3,SSP2-4.5,1
3,SSP2-4.5,1
3,SSP2-4.5,1
3,SSP2-4.5,1
3,SSP2-4.5,1
3,SSP2-4.5,1
3,SSP2-4.5,1
3,SSP2-4.5,1
3,SSP2-4.5,1
3,SSP2-4.5,1
3,SSP2-4.5,1
3,SSP2-4.5,1
3,SSP2-4.5,1
3,SSP2-4.5,1
3,SSP2-4.5,1
3,SSP2-4.5,1
3,SSP2-4.5,1
3,SSP2-4.5,1
3,SSP2-4.5,1
3,SSP2-4.5,1
3,SSP2-4.5,1
3,SSP2-4.5,1
3,SSP2-4.5,1
3,SSP2-4.5,1
3,SSP2-4.5,1
3,SSP2-4.5,1
3,SSP2-4.5,1
3,SSP2-4.5,1
3,SSP2-4.5,2
3,SSP2-4.5,2
3,SSP2-4.5,2
3,SSP2-4.5,2
3,SSP2-4.5,2
3,SSP2-4.5,2
3,SSP2-4.5,2
3,SSP2-4.5,2
3,SSP2-4.5,2
3,SSP2-4.5,2
3,SSP2-4.5,2
3,SSP2-4.5,2
3,SSP2-4.5,2
3,SSP2-4.5,2
3,SSP2-4.5,2
3,SSP2-4.5,2
3,SSP2-4.5,2
3,SSP2-4.5,2
3,SSP2-4.5,2
3,SSP2-4.5,2
3,SSP2-4.5,2
3,SSP2-4.5,2
3,SSP2-4.5,2
3,SSP2-4.5,2
3,SSP2-4.5,2
3,SSP2-4.5,2
3,SSP2-4.5,2
3,SSP2-4.5,2
3,SSP2-4.5,2
3,SSP2-4.5,2
3,SSP2-4.5,2
3,SSP2-4.5,2
3,SSP2-4.5,2
3,SSP2-4.5,2
3,SSP2-4.5,2
3,SSP2-4.5,2
3,SSP2-4.5,2
3,SSP2-4.5,2
3,SSP2-4.5,2
3,SSP2-4.5,2
3,SSP2-4.5,2
3,SSP2-4.5,2
3,SSP2-4.5,2
3,SSP2-4.5,2
3,SSP2-4.5,2
3,SSP2-4.5,2
3,SSP2-4.5,2
3,SSP2-4.5,2
3,SSP2-4.5,2
3,SSP2-4.5,2
3,SSP2-4.5,2
3,SSP3-7.0,1
3,SSP3-7.0,1
3,SSP3-7.0,1
3,SSP3-7.0,1
3,SSP3-7.0,1
3,SSP3-7.0,1
3,SSP3-7.0,1
3,SSP3-7.0,1
3,SSP3-7.0,1
3,SSP3-7.0,1
3,SSP3-7.0,1
3,SSP3-7.0,1
3,SSP3-7.0,1
3,SSP3-7.0,1
3,SSP3-7.0,1
3,SSP3-7.0,1
3,SSP3-7.0,1
3,SSP3-7.0,1
3,SSP3-7.0,1
3,SSP3-7.0,1
3,SSP3-7.0,1
3,SSP3-7.0,1
3,SSP3-7.0,1
3,SSP3-7.0,1
3,SSP3-7.0,1
3,SSP3-7.0,1
3,SSP3-7.0,1
3,SSP3-7.0,1
3,SSP3-7.0,1
3,SSP3-7.0,1
3,SSP3-7.0,1
3,SSP3-7.0,1
3,SSP3-7.0,1
3,SSP3-7.0,1
3,SSP3-7.0,1
3,SSP3-7.0,1
3,SSP3-7.0,1
3,SSP3-7.0,1
3,SSP3-7.0,1
3,SSP3-7.0,1
3,SSP3-7.0,1
3,SSP3-7.0,1
3,SSP3-7.0,1
3,SSP3-7.0,1
3,SSP3-7.0,1
3,SSP3-7.0,1
3,SSP3-7.0,1
3,SSP3-7.0,1
3,SSP3-7.0,1
3,SSP3-7.0,1
3,SSP3-7.0,1
3,SSP3-7.0,1
3,SSP3-7.0,2
3,SSP3-7.0,2
3,SSP3-7.0,2
3,SSP3-7.0,2
3,SSP3-7.0,2
3,SSP3-7.0,2
3,SSP3-7.0,2
3,SSP3-7.0,2
3,SSP3-7.0,2
3,SSP3-7.0,2
3,SSP3-7.0,2
3,SSP3-7.0,2
3,SSP3-7.0,2
3,SSP3-7.0,2
3,SSP3-7.0,2
3,SSP3-7.0,2
3,SSP3-7.0,2
3,SSP3-7.0,2
3,SSP3-7.0,2
3,SSP3-7.0,2
3,SSP3-7.0,2
3,SSP3-7.0,2
3,SSP3-7.0,2
3,SSP3-7.0,2
3,SSP3-7.0,2
3,SSP3-7.0,2
3,SSP3-7.0,2
3,SSP3-7.0,2
3,SSP3-7.0,2
3,SSP3-7.0,2
3,SSP3-7.0,2
3,SSP3-7.0,2
3,SSP3-7.0,2
3,SSP3-7.0,2
3,SSP3-7.0,2
3,SSP3-7.0,2
3,SSP3-7.0,2
3,SSP3-7.0,2
3,SSP3-7.0,2
3,SSP3-7.0,2
3,SSP3-7.0,2
3,SSP3-7.0,2
3,SSP3-7.0,2
3,SSP3-7.0,2
3,SSP3-7.0,2
3,SSP3-7.0,2
3,SSP3-7.0,2
3,SSP5-8.5,1
3,SSP5-8.5,1
3,SSP5-8.5,1
3,SSP5-8.5,1
3,SSP5-8.5,1
3,SSP5-8.5,1
3,SSP5-8.5,1
3,SSP5-8.5,1
3,SSP5-8.5,1
3,SSP5-8.5,1
3,SSP5-8.5,1
3,SSP5-8.5,1
3,SSP5-8.5,1
3,SSP5-8.5,1
3,SSP5-8.5,1
3,SSP5-8.5,1
3,SSP5-8.5,1
3,SSP5-8.5,1
3,SSP5-8.5,1
3,SSP5-8.5,1
3,SSP5-8.5,1
3,SSP5-8.5,1
3,SSP5-8.5,1
3,SSP5-8.5,1
3,SSP5-8.5,1
3,SSP5-8.5,1
3,SSP5-8.5,1
3,SSP5-8.5,1
3,SSP5-8.5,1
3,SSP5-8.5,1
3,SSP5-8.5,1
3,SSP5-8.5,1
3,SSP5-8.5,1
3,SSP5-8.5,1
3,SSP5-8.5,1
3,SSP5-8.5,1
3,SSP5-8.5,1
3,SSP5-8.5,1
3,SSP5-8.5,1
3,SSP5-8.5,1
3,SSP5-8.5,1
3,SSP5-8.5,1
3,SSP5-8.5,1
3,SSP5-8.5,1
3,SSP5-8.5,1
3,SSP5-8.5,1
3,SSP5-8.5,1
3,SSP5-8.5,1
3,SSP5-8.5,1
3,SSP5-8.5,1
3,SSP5-8.5,1
3,SSP5-8.5,1
3,SSP5-8.5,1
3,SSP5-8.5,1
3,SSP5-8.5,1
3,SSP5-8.5,1
3,SSP5-8.5,1
3,SSP5-8.5,1
3,SSP5-8.5,1
3,SSP5-8.5,1
3,SSP5-8.5,1
3,SSP5-8.5,1
3,SSP5-8.5,1
3,SSP5-8.5,2
3,SSP5-8.5,2
3,SSP5-8.5,2
3,SSP5-8.5,2
3,SSP5-8.5,2
3,SSP5-8.5,2
3,SSP5-8.5,2
3,SSP5-8.5,2
3,SSP5-8.5,2
3,SSP5-8.5,2
3,SSP5-8.5,2
3,SSP5-8.5,2
3,SSP5-8.5,2
3,SSP5-8.5,2
3,SSP5-8.5,2
3,SSP5-8.5,2
3,SSP5-8.5,2
3,SSP5-8.5,2
3,SSP5-8.5,2
3,SSP5-8.5,2
3,SSP5-8.5,2
3,SSP5-8.5,2
3,SSP5-8.5,2
3,SSP5-8.5,2
3,SSP5-8.5,2
3,SSP5-8.5,2
3,SSP5-8.5,2
3,SSP5-8.5,2
3,SSP5-8.5,2
3,SSP5-8.5,2
3,SSP5-8.5,2
3,SSP5-8.5,2
3,SSP5-8.5,2
3,SSP5-8.5,2
3,SSP5-8.5,2
3,SSP5-8.5,2
4,SSP1-2.6,2
4,SSP1-2.6,2
4,SSP1-2.6,2
4,SSP1-2.6,2
4,SSP1-2.6,2
4,SSP1-2.6,2
4,SSP1-2.6,2
4,SSP1-2.6,2
4,SSP1-2.6,2
4,SSP1-2.6,2
4,SSP1-2.6,2
4,SSP1-2.6,2
4,SSP1-2.6,2
4,SSP1-2.6,2
4,SSP1-2.6,2
4,SSP1-2.6,2
4,SSP1-2.6,2
4,SSP1-2.6,2
4,SSP1-2.6,2
4,SSP1-2.6,2
4,SSP1-2.6,2
4,SSP1-2.6,2
4,SSP1-2.6,2
4,SSP1-2.6,2
4,SSP1-2.6,2
4,SSP1-2.6,2
4,SSP1-2.6,2
4,SSP1-2.6,2
4,SSP1-2.6,2
4,SSP1-2.6,2
4,SSP1-2.6,2
4,SSP1-2.6,2
4,SSP1-2.6,2
4,SSP1-2.6,2
4,SSP1-2.6,2
4,SSP1-2.6,2
4,SSP1-2.6,2
4,SSP1-2.6,2
4,SSP1-2.6,2
4,SSP1-2.6,2
4,SSP1-2.6,2
4,SSP1-2.6,2
4,SSP1-2.6,2
4,SSP1-2.6,2
4,SSP1-2.6,2
4,SSP1-2.6,2
4,SSP1-2.6,2
4,SSP1-2.6,2
4,SSP1-2.6,2
4,SSP1-2.6,2
4,SSP1-2.6,2
4,SSP1-2.6,2
4,SSP1-2.6,2
4,SSP1-2.6,2
4,SSP1-2.6,2
4,SSP1-2.6,2
4,SSP1-2.6,2
4,SSP1-2.6,2
4,SSP1-2.6,2
4,SSP1-2.6,2
4,SSP1-2.6,2
4,SSP1-2.6,2
4,SSP1-2.6,2
4,SSP1-2.6,2
4,SSP1-2.6,2
4,SSP1-2.6,2
4,SSP1-2.6,2
4,SSP1-2.6,2
4,SSP1-2.6,2
4,SSP1-2.6,2
4,SSP1-2.6,2
4,SSP1-2.6,2
4,SSP1-2.6,2
4,SSP1-2.6,2
4,SSP1-2.6,2
4,SSP1-2.6,2
4,SSP1-2.6,2
4,SSP1-2.6,2
4,SSP1-2.6,2
4,SSP1-2.6,2
4,SSP1-2.6,2
4,SSP1-2.6,2
4,SSP1-2.6,2
4,SSP1-2.6,2
4,SSP1-2.6,2
4,SSP1-2.6,3
4,SSP1-2.6,3
4,SSP1-2.6,3
4,SSP1-2.6,3
4,SSP1-2.6,3
4,SSP1-2.6,3
4,SSP1-2.6,3
4,SSP1-2.6,3
4,SSP1-2.6,3
4,SSP1-2.6,3
4,SSP1-2.6,3
4,SSP1-2.6,3
4,SSP1-2.6,3
4,SSP1-2.6,3
4,SSP2-4.5,2
4,SSP2-4.5,2
4,SSP2-4.5,3
4,SSP2-4.5,3
4,SSP2-4.5,3
4,SSP2-4.5,3
4,SSP2-4.5,3
4,SSP2-4.5,3
4,SSP2-4.5,3
4,SSP2-4.5,3
4,SSP2-4.5,3
4,SSP2-4.5,3
4,SSP2-4.5,3
4,SSP2-4.5,3
4,SSP2-4.5,3
4,SSP2-4.5,3
4,SSP2-4.5,3
4,SSP2-4.5,3
4,SSP2-4.5,3
4,SSP2-4.5,3
4,SSP2-4.5,3
4,SSP2-4.5,3
4,SSP2-4.5,3
4,SSP2-4.5,3
4,SSP2-4.5,3
4,SSP2-4.5,3
4,SSP2-4.5,3
4,SSP2-4.5,3
4,SSP2-4.5,3
4,SSP2-4.5,3
4,SSP2-4.5,3
4,SSP2-4.5,3
4,SSP2-4.5,3
4,SSP2-4.5,3
4,SSP2-4.5,3
4,SSP2-4.5,3
4,SSP2-4.5,3
4,SSP2-4.5,3
4,SSP2-4.5,3
4,SSP2-4.5,3
4,SSP2-4.5,3
4,SSP2-4.5,3
4,SSP2-4.5,3
4,SSP2-4.5,3
4,SSP2-4.5,3
4,SSP2-4.5,3
4,SSP2-4.5,3
4,SSP2-4.5,3
4,SSP2-4.5,3
4,SSP2-4.5,3
4,SSP2-4.5,3
4,SSP2-4.5,3
4,SSP2-4.5,3
4,SSP2-4.5,3
4,SSP2-4.5,3
4,SSP2-4.5,3
4,SSP2-4.5,3
4,SSP2-4.5,3
4,SSP2-4.5,3
4,SSP2-4.5,3
4,SSP2-4.5,3
4,SSP2-4.5,3
4,SSP2-4.5,3
4,SSP2-4.5,3
4,SSP2-4.5,3
4,SSP2-4.5,3
4,SSP2-4.5,3
4,SSP2-4.5,3
4,SSP2-4.5,3
4,SSP2-4.5,3
4,SSP2-4.5,3
4,SSP2-4.5,3
4,SSP2-4.5,3
4,SSP2-4.5,3
4,SSP2-4.5,3
4,SSP2-4.5,3
4,SSP2-4.5,3
4,SSP2-4.5,3
4,SSP2-4.5,3
4,SSP2-4.5,3
4,SSP2-4.5,3
4,SSP2-4.5,3
4,SSP2-4.5,3
4,SSP2-4.5,3
4,SSP2-4.5,3
4,SSP2-4.5,3
4,SSP2-4.5,3
4,SSP2-4.5,3
4,SSP2-4.5,3
4,SSP2-4.5,3
4,SSP2-4.5,3
4,SSP2-4.5,3
4,SSP2-4.5,3
4,SSP2-4.5,3
4,SSP2-4.5,3
4,SSP2-4.5,3
4,SSP2-4.5,4
4,SSP2-4.5,4
4,SSP3-7.0,2
4,SSP3-7.0,2
4,SSP3-7.0,3
4,SSP3-7.0,3
4,SSP3-7.0,3
4,SSP3-7.0,3
4,SSP3-7.0,3
4,SSP3-7.0,3
4,SSP3-7.0,3
4,SSP3-7.0,3
4,SSP3-7.0,3
4,SSP3-7.0,3
4,SSP3-7.0,3
4,SSP3-7.0,3
4,SSP3-7.0,3
4,SSP3-7.0,3
4,SSP3-7.0,3
4,SSP3-7.0,3
4,SSP3-7.0,3
4,SSP3-7.0,3
4,SSP3-7.0,3
4,SSP3-7.0,3
4,SSP3-7.0,3
4,SSP3-7.0,3
4,SSP3-7.0,3
4,SSP3-7.0,3
4,SSP3-7.0,3
4,SSP3-7.0,3
4,SSP3-7.0,3
4,SSP3-7.0,3
4,SSP3-7.0,3
4,SSP3-7.0,3
4,SSP3-7.0,3
4,SSP3-7.0,3
4,SSP3-7.0,3
4,SSP3-7.0,3
4,SSP3-7.0,3
4,SSP3-7.0,3
4,SSP3-7.0,3
4,SSP3-7.0,3
4,SSP3-7.0,3
4,SSP3-7.0,3
4,SSP3-7.0,3
4,SSP3-7.0,3
4,SSP3-7.0,3
4,SSP3-7.0,3
4,SSP3-7.0,3
4,SSP3-7.0,3
4,SSP3-7.0,3
4,SSP3-7.0,3
4,SSP3-7.0,3
4,SSP3-7.0,3
4,SSP3-7.0,3
4,SSP3-7.0,4
4,SSP3-7.0,4
4,SSP3-7.0,4
4,SSP3-7.0,4
4,SSP3-7.0,4
4,SSP3-7.0,4
4,SSP3-7.0,4
4,SSP3-7.0,4
4,SSP3-7.0,4
4,SSP3-7.0,4
4,SSP3-7.0,4
4,SSP3-7.0,4
4,SSP3-7.0,4
4,SSP3-7.0,4
4,SSP3-7.0,4
4,SSP3-7.0,4
4,SSP3-7.0,4
4,SSP3-7.0,4
4,SSP3-7.0,4
4,SSP3-7.0,4
4,SSP3-7.0,4
4,SSP3-7.0,4
4,SSP3-7.0,4
4,SSP3-7.0,4
4,SSP3-7.0,4
4,SSP3-7.0,4
4,SSP3-7.0,4
4,SSP3-7.0,4
4,SSP3-7.0,4
4,SSP3-7.0,4
4,SSP3-7.0,5
4,SSP3-7.0,5
4,SSP3-7.0,5
4,SSP3-7.0,5
4,SSP3-7.0,5
4,SSP3-7.0,5
4,SSP3-7.0,5
4,SSP3-7.0,5
4,SSP3-7.0,5
4,SSP3-7.0,5
4,SSP3-7.0,5
4,SSP3-7.0,5
4,SSP5-8.5,2
4,SSP5-8.5,3
4,SSP5-8.5,3
4,SSP5-8.5,3
4,SSP5-8.5,3
4,SSP5-8.5,3
4,SSP5-8.5,3
4,SSP5-8.5,3
4,SSP5-8.5,3
4,SSP5-8.5,3
4,SSP5-8.5,3
4,SSP5-8.5,3
4,SSP5-8.5,3
4,SSP5-8.5,3
4,SSP5-8.5,3
4,SSP5-8.5,3
4,SSP5-8.5,3
4,SSP5-8.5,3
4,SSP5-8.5,3
4,SSP5-8.5,3
4,SSP5-8.5,3
4,SSP5-8.5,3
4,SSP5-8.5,3
4,SSP5-8.5,3
4,SSP5-8.5,3
4,SSP5-8.5,3
4,SSP5-8.5,3
4,SSP5-8.5,3
4,SSP5-8.5,3
4,SSP5-8.5,3
4,SSP5-8.5,3
4,SSP5-8.5,3
4,SSP5-8.5,3
4,SSP5-8.5,3
4,SSP5-8.5,4
4,SSP5-8.5,4
4,SSP5-8.5,4
4,SSP5-8.5,4
4,SSP5-8.5,4
4,SSP5-8.5,4
4,SSP5-8.5,4
4,SSP5-8.5,4
4,SSP5-8.5,4
4,SSP5-8.5,4
4,SSP5-8.5,4
4,SSP5-8.5,4
4,SSP5-8.5,4
4,SSP5-8.5,4
4,SSP5-8.5,4
4,SSP5-8.5,4
4,SSP5-8.5,4
4,SSP5-8.5,4
4,SSP5-8.5,4
4,SSP5-8.5,4
4,SSP5-8.5,4
4,SSP5-8.5,4
4,SSP5-8.5,4
4,SSP5-8.5,4
4,SSP5-8.5,4
4,SSP5-8.5,4
4,SSP5-8.5,4
4,SSP5-8.5,4
4,SSP5-8.5,4
4,SSP5-8.5,4
4,SSP5-8.5,4
4,SSP5-8.5,4
4,SSP5-8.5,4
4,SSP5-8.5,4
4,SSP5-8.5,4
4,SSP5-8.5,4
4,SSP5-8.5,4
4,SSP5-8.5,4
4,SSP5-8.5,4
4,SSP5-8.5,4
4,SSP5-8.5,4
4,SSP5-8.5,4
4,SSP5-8.5,4
4,SSP5-8.5,4
4,SSP5-8.5,4
4,SSP5-8.5,4
4,SSP5-8.5,4
4,SSP5-8.5,4
4,SSP5-8.5,4
4,SSP5-8.5,5
4,SSP5-8.5,5
4,SSP5-8.5,5
4,SSP5-8.5,5
4,SSP5-8.5,5
4,SSP5-8.5,5
4,SSP5-8.5,5
4,SSP5-8.5,5
4,SSP5-8.5,5
4,SSP5-8.5,5
4,SSP5-8.5,5
4,SSP5-8.5,5
4,SSP5-8.5,6
5,SSP1-2.6,1
5,SSP1-2.6,1
5,SSP1-2.6,1
5,SSP1-2.6,1
5,SSP1-2.6,1
5,SSP1-2.6,1
5,SSP1-2.6,1
5,SSP1-2.6,1
5,SSP1-2.6,1
5,SSP1-2.6,1
5,SSP1-2.6,1
5,SSP1-2.6,1
5,SSP1-2.6,1
5,SSP1-2.6,1
5,SSP1-2.6,1
5,SSP1-2.6,1
5,SSP1-2.6,1
5,SSP1-2.6,1
5,SSP1-2.6,1
5,SSP1-2.6,1
5,SSP1-2.6,1
5,SSP1-2.6,1
5,SSP1-2.6,1
5,SSP1-2.6,1
5,SSP1-2.6,1
5,SSP1-2.6,1
5,SSP1-2.6,1
5,SSP1-2.6,1
5,SSP1-2.6,1
5,SSP1-2.6,1
5,SSP1-2.6,1
5,SSP1-2.6,1
5,SSP1-2.6,1
5,SSP1-2.6,1
5,SSP1-2.6,1
5,SSP1-2.6,1
5,SSP1-2.6,1
5,SSP1-2.6,1
5,SSP1-2.6,1
5,SSP1-2.6,1
5,SSP1-2.6,1
5,SSP1-2.6,1
5,SSP1-2.6,1
5,SSP1-2.6,1
5,SSP1-2.6,1
5,SSP1-2.6,1
5,SSP1-2.6,1
5,SSP1-2.6,1
5,SSP1-2.6,1
5,SSP1-2.6,1
5,SSP1-2.6,2
5,SSP1-2.6,2
5,SSP1-2.6,2
5,SSP1-2.6,2
5,SSP1-2.6,2
5,SSP1-2.6,2
5,SSP1-2.6,2
5,SSP1-2.6,2
5,SSP1-2.6,2
5,SSP1-2.6,2
5,SSP1-2.6,2
5,SSP1-2.6,2
5,SSP1-2.6,2
5,SSP1-2.6,2
5,SSP1-2.6,2
5,SSP1-2.6,2
5,SSP1-2.6,2
5,SSP1-2.6,2
5,SSP1-2.6,2
5,SSP1-2.6,2
5,SSP1-2.6,2
5,SSP1-2.6,2
5,SSP1-2.6,2
5,SSP1-2.6,2
5,SSP1-2.6,2
5,SSP1-2.6,2
5,SSP1-2.6,2
5,SSP1-2.6,2
5,SSP1-2.6,2
5,SSP1-2.6,2
5,SSP1-2.6,2
5,SSP1-2.6,2
5,SSP1-2.6,2
5,SSP1-2.6,2
5,SSP1-2.6,2
5,SSP1-2.6,2
5,SSP1-2.6,2
5,SSP1-2.6,2
5,SSP1-2.6,3
5,SSP1-2.6,3
5,SSP1-2.6,3
5,SSP1-2.6,3
5,SSP1-2.6,3
5,SSP1-2.6,3
5,SSP1-2.6,3
5,SSP1-2.6,3
5,SSP1-2.6,3
5,SSP1-2.6,3
5,SSP1-2.6,3
5,SSP2-4.5,1
5,SSP2-4.5,1
5,SSP2-4.5,1
5,SSP2-4.5,1
5,SSP2-4.5,1
5,SSP2-4.5,1
5,SSP2-4.5,1
5,SSP2-4.5,1
5,SSP2-4.5,1
5,SSP2-4.5,1
5,SSP2-4.5,1
5,SSP2-4.5,1
5,SSP2-4.5,1
5,SSP2-4.5,2
5,SSP2-4.5,2
5,SSP2-4.5,2
5,SSP2-4.5,2
5,SSP2-4.5,2
5,SSP2-4.5,2
5,SSP2-4.5,2
5,SSP2-4.5,2
5,SSP2-4.5,2
5,SSP2-4.5,2
5,SSP2-4.5,2
5,SSP2-4.5,2
5,SSP2-4.5,2
5,SSP2-4.5,2
5,SSP2-4.5,2
5,SSP2-4.5,2
5,SSP2-4.5,2
5,SSP2-4.5,2
5,SSP2-4.5,2
5,SSP2-4.5,2
5,SSP2-4.5,2
5,SSP2-4.5,2
5,SSP2-4.5,2
5,SSP2-4.5,2
5,SSP2-4.5,2
5,SSP2-4.5,2
5,SSP2-4.5,2
5,SSP2-4.5,2
5,SSP2-4.5,2
5,SSP2-4.5,2
5,SSP2-4.5,2
5,SSP2-4.5,2
5,SSP2-4.5,2
5,SSP2-4.5,2
5,SSP2-4.5,2
5,SSP2-4.5,2
5,SSP2-4.5,2
5,SSP2-4.5,2
5,SSP2-4.5,2
5,SSP2-4.5,2
5,SSP2-4.5,2
5,SSP2-4.5,2
5,SSP2-4.5,2
5,SSP2-4.5,2
5,SSP2-4.5,2
5,SSP2-4.5,2
5,SSP2-4.5,2
5,SSP2-4.5,2
5,SSP2-4.5,2
5,SSP2-4.5,2
5,SSP2-4.5,2
5,SSP2-4.5,2
5,SSP2-4.5,2
5,SSP2-4.5,2
5,SSP2-4.5,2
5,SSP2-4.5,2
5,SSP2-4.5,2
5,SSP2-4.5,2
5,SSP2-4.5,3
5,SSP2-4.5,3
5,SSP2-4.5,3
5,SSP2-4.5,3
5,SSP2-4.5,3
5,SSP2-4.5,3
5,SSP2-4.5,3
5,SSP2-4.5,3
5,SSP2-4.5,3
5,SSP2-4.5,3
5,SSP2-4.5,3
5,SSP2-4.5,3
5,SSP2-4.5,3
5,SSP2-4.5,3
5,SSP2-4.5,3
5,SSP2-4.5,3
5,SSP2-4.5,3
5,SSP2-4.5,4
5,SSP2-4.5,4
5,SSP2-4.5,4
5,SSP2-4.5,4
5,SSP2-4.5,4
5,SSP2-4.5,4
5,SSP2-4.5,5
5,SSP2-4.5,6
5,SSP2-4.5,6
5,SSP3-7.0,3
5,SSP3-7.0,3
5,SSP3-7.0,4
5,SSP3-7.0,4
5,SSP3-7.0,4
5,SSP3-7.0,4
5,SSP3-7.0,4
5,SSP3-7.0,4
5,SSP3-7.0,4
5,SSP3-7.0,4
5,SSP3-7.0,4
5,SSP3-7.0,4
5,SSP3-7.0,4
5,SSP3-7.0,5
5,SSP3-7.0,5
5,SSP3-7.0,5
5,SSP3-7.0,5
5,SSP3-7.0,5
5,SSP3-7.0,5
5,SSP3-7.0,5
5,SSP3-7.0,5
5,SSP3-7.0,5
5,SSP3-7.0,5
5,SSP3-7.0,5
5,SSP3-7.0,5
5,SSP3-7.0,5
5,SSP3-7.0,5
5,SSP3-7.0,5
5,SSP3-7.0,5
5,SSP3-7.0,5
5,SSP3-7.0,5
5,SSP3-7.0,5
5,SSP3-7.0,5
5,SSP3-7.0,5
5,SSP3-7.0,5
5,SSP3-7.0,5
5,SSP3-7.0,5
5,SSP3-7.0,5
5,SSP3-7.0,5
5,SSP3-7.0,5
5,SSP3-7.0,5
5,SSP3-7.0,5
5,SSP3-7.0,5
5,SSP3-7.0,5
5,SSP3-7.0,5
5,SSP3-7.0,5
5,SSP3-7.0,5
5,SSP3-7.0,5
5,SSP3-7.0,5
5,SSP3-7.0,5
5,SSP3-7.0,5
5,SSP3-7.0,5
5,SSP3-7.0,5
5,SSP3-7.0,5
5,SSP3-7.0,5
5,SSP3-7.0,5
5,SSP3-7.0,5
5,SSP3-7.0,5
5,SSP3-7.0,5
5,SSP3-7.0,5
5,SSP3-7.0,6
5,SSP3-7.0,6
5,SSP3-7.0,6
5,SSP3-7.0,6
5,SSP3-7.0,6
5,SSP3-7.0,6
5,SSP3-7.0,6
5,SSP3-7.0,6
5,SSP3-7.0,6
5,SSP3-7.0,6
5,SSP3-7.0,6
5,SSP3-7.0,6
5,SSP3-7.0,6
5,SSP3-7.0,6
5,SSP3-7.0,6
5,SSP3-7.0,6
5,SSP3-7.0,6
5,SSP3-7.0,6
5,SSP3-7.0,6
5,SSP3-7.0,6
5,SSP3-7.0,6
5,SSP3-7.0,6
5,SSP3-7.0,6
5,SSP3-7.0,6
5,SSP3-7.0,6
5,SSP3-7.0,6
5,SSP3-7.0,6
5,SSP3-7.0,6
5,SSP3-7.0,6
5,SSP3-7.0,6
5,SSP3-7.0,6
5,SSP3-7.0,6
5,SSP3-7.0,6
5,SSP3-7.0,6
5,SSP3-7.0,6
5,SSP3-7.0,6
5,SSP3-7.0,6
5,SSP3-7.0,6
5,SSP5-8.5,2
5,SSP5-8.5,2
5,SSP5-8.5,2
5,SSP5-8.5,2
5,SSP5-8.5,2
5,SSP5-8.5,2
5,SSP5-8.5,3
5,SSP5-8.5,3
5,SSP5-8.5,4
5,SSP5-8.5,4
5,SSP5-8.5,4
5,SSP5-8.5,4
5,SSP5-8.5,4
5,SSP5-8.5,4
5,SSP5-8.5,4
5,SSP5-8.5,4
5,SSP5-8.5,4
5,SSP5-8.5,4
5,SSP5-8.5,4
5,SSP5-8.5,4
5,SSP5-8.5,4
5,SSP5-8.5,4
5,SSP5-8.5,4
5,SSP5-8.5,4
5,SSP5-8.5,4
5,SSP5-8.5,4
5,SSP5-8.5,4
5,SSP5-8.5,4
5,SSP5-8.5,4
5,SSP5-8.5,4
5,SSP5-8.5,4
5,SSP5-8.5,4
5,SSP5-8.5,4
5,SSP5-8.5,4
5,SSP5-8.5,4
5,SSP5-8.5,4
5,SSP5-8.5,4
5,SSP5-8.5,4
5,SSP5-8.5,4
5,SSP5-8.5,4
5,SSP5-8.5,4
5,SSP5-8.5,4
5,SSP5-8.5,4
5,SSP5-8.5,4
5,SSP5-8.5,4
5,SSP5-8.5,4
5,SSP5-8.5,4
5,SSP5-8.5,4
5,SSP5-8.5,4
5,SSP5-8.5,5
5,SSP5-8.5,5
5,SSP5-8.5,5
5,SSP5-8.5,5
5,SSP5-8.5,5
5,SSP5-8.5,5
5,SSP5-8.5,5
5,SSP5-8.5,5
5,SSP5-8.5,5
5,SSP5-8.5,5
5,SSP5-8.5,5
5,SSP5-8.5,5
5,SSP5-8.5,5
5,SSP5-8.5,5
5,SSP5-8.5,5
5,SSP5-8.5,5
5,SSP5-8.5,5
5,SSP5-8.5,6
5,SSP5-8.5,6
5,SSP5-8.5,6
5,SSP5-8.5,6
5,SSP5-8.5,6
5,SSP5-8.5,6
5,SSP5-8.5,6
5,SSP5-8.5,6
5,SSP5-8.5,6
5,SSP5-8.5,6
5,SSP5-8.5,6
5,SSP5-8.5,6
5,SSP5-8.5,6
5,SSP5-8.5,6
5,SSP5-8.5,6
5,SSP5-8.5,6
5,SSP5-8.5,6
5,SSP5-8.5,6
5,SSP5-8.5,6
5,SSP5-8.5,6
5,SSP5-8.5,6
5,SSP5-8.5,6
5,SSP5-8.5,6
5,SSP5-8.5,6
5,SSP5-8.5,6
5,SSP5-8.5,6
5,SSP5-8.5,6
5,SSP5-8.5,6
5,SSP5-8.5,6
5,SSP5-8.5,6
5,SSP5-8.5,6
6,SSP1-2.6,1
6,SSP1-2.6,2
6,SSP1-2.6,2
6,SSP1-2.6,2
6,SSP1-2.6,2
6,SSP1-2.6,2
6,SSP1-2.6,2
6,SSP1-2.6,2
6,SSP1-2.6,2
6,SSP1-2.6,2
6,SSP1-2.6,2
6,SSP1-2.6,2
6,SSP1-2.6,2
6,SSP1-2.6,2
6,SSP1-2.6,2
6,SSP1-2.6,2
6,SSP1-2.6,2
6,SSP1-2.6,2
6,SSP1-2.6,2
6,SSP1-2.6,2
6,SSP1-2.6,2
6,SSP1-2.6,2
6,SSP1-2.6,2
6,SSP1-2.6,2
6,SSP1-2.6,2
6,SSP1-2.6,2
6,SSP1-2.6,2
6,SSP1-2.6,2
6,SSP1-2.6,2
6,SSP1-2.6,2
6,SSP1-2.6,2
6,SSP1-2.6,2
6,SSP1-2.6,2
6,SSP1-2.6,2
6,SSP1-2.6,2
6,SSP1-2.6,2
6,SSP1-2.6,2
6,SSP1-2.6,2
6,SSP1-2.6,2
6,SSP1-2.6,2
6,SSP1-2.6,2
6,SSP1-2.6,2
6,SSP1-2.6,2
6,SSP1-2.6,2
6,SSP1-2.6,2
6,SSP1-2.6,2
6,SSP1-2.6,2
6,SSP1-2.6,2
6,SSP1-2.6,2
6,SSP1-2.6,2
6,SSP1-2.6,2
6,SSP1-2.6,2
6,SSP1-2.6,2
6,SSP1-2.6,2
6,SSP1-2.6,2
6,SSP1-2.6,2
6,SSP1-2.6,2
6,SSP1-2.6,2
6,SSP1-2.6,2
6,SSP1-2.6,2
6,SSP1-2.6,2
6,SSP1-2.6,2
6,SSP1-2.6,2
6,SSP1-2.6,2
6,SSP1-2.6,2
6,SSP1-2.6,2
6,SSP1-2.6,2
6,SSP1-2.6,2
6,SSP1-2.6,2
6,SSP1-2.6,2
6,SSP1-2.6,2
6,SSP1-2.6,2
6,SSP1-2.6,2
6,SSP1-2.6,2
6,SSP1-2.6,2
6,SSP1-2.6,2
6,SSP1-2.6,2
6,SSP1-2.6,2
6,SSP1-2.6,2
6,SSP1-2.6,2
6,SSP1-2.6,2
6,SSP1-2.6,2
6,SSP1-2.6,2
6,SSP1-2.6,2
6,SSP1-2.6,2
6,SSP1-2.6,2
6,SSP1-2.6,2
6,SSP1-2.6,2
6,SSP1-2.6,2
6,SSP1-2.6,2
6,SSP1-2.6,2
6,SSP1-2.6,2
6,SSP1-2.6,2
6,SSP1-2.6,2
6,SSP1-2.6,3
6,SSP1-2.6,3
6,SSP1-2.6,3
6,SSP1-2.6,3
6,SSP1-2.6,3
6,SSP2-4.5,2
6,SSP2-4.5,2
6,SSP2-4.5,2
6,SSP2-4.5,2
6,SSP2-4.5,2
6,SSP2-4.5,2
6,SSP2-4.5,2
6,SSP2-4.5,2
6,SSP2-4.5,2
6,SSP2-4.5,2
6,SSP2-4.5,2
6,SSP2-4.5,2
6,SSP2-4.5,2
6,SSP2-4.5,2
6,SSP2-4.5,2
6,SSP2-4.5,2
6,SSP2-4.5,2
6,SSP2-4.5,2
6,SSP2-4.5,2
6,SSP2-4.5,2
6,SSP2-4.5,2
6,SSP2-4.5,2
6,SSP2-4.5,2
6,SSP2-4.5,2
6,SSP2-4.5,2
6,SSP2-4.5,2
6,SSP2-4.5,2
6,SSP2-4.5,2
6,SSP2-4.5,2
6,SSP2-4.5,2
6,SSP2-4.5,2
6,SSP2-4.5,2
6,SSP2-4.5,2
6,SSP2-4.5,2
6,SSP2-4.5,2
6,SSP2-4.5,2
6,SSP2-4.5,2
6,SSP2-4.5,2
6,SSP2-4.5,2
6,SSP2-4.5,2
6,SSP2-4.5,2
6,SSP2-4.5,2
6,SSP2-4.5,2
6,SSP2-4.5,2
6,SSP2-4.5,2
6,SSP2-4.5,2
6,SSP2-4.5,2
6,SSP2-4.5,2
6,SSP2-4.5,2
6,SSP2-4.5,2
6,SSP2-4.5,2
6,SSP2-4.5,2
6,SSP2-4.5,2
6,SSP2-4.5,2
6,SSP2-4.5,2
6,SSP2-4.5,2
6,SSP2-4.5,2
6,SSP2-4.5,3
6,SSP2-4.5,3
6,SSP2-4.5,3
6,SSP2-4.5,3
6,SSP2-4.5,3
6,SSP2-4.5,3
6,SSP2-4.5,3
6,SSP2-4.5,3
6,SSP2-4.5,3
6,SSP2-4.5,3
6,SSP2-4.5,3
6,SSP2-4.5,3
6,SSP2-4.5,3
6,SSP2-4.5,3
6,SSP2-4.5,3
6,SSP2-4.5,3
6,SSP2-4.5,3
6,SSP2-4.5,3
6,SSP2-4.5,3
6,SSP2-4.5,3
6,SSP2-4.5,3
6,SSP2-4.5,3
6,SSP2-4.5,3
6,SSP2-4.5,3
6,SSP2-4.5,3
6,SSP2-4.5,3
6,SSP2-4.5,3
6,SSP2-4.5,3
6,SSP2-4.5,3
6,SSP2-4.5,3
6,SSP2-4.5,3
6,SSP2-4.5,3
6,SSP2-4.5,3
6,SSP2-4.5,3
6,SSP2-4.5,3
6,SSP2-4.5,3
6,SSP2-4.5,3
6,SSP2-4.5,3
6,SSP2-4.5,3
6,SSP2-4.5,3
6,SSP2-4.5,3
6,SSP2-4.5,4
6,SSP3-7.0,2
6,SSP3-7.0,2
6,SSP3-7.0,2
6,SSP3-7.0,2
6,SSP3-7.0,2
6,SSP3-7.0,2
6,SSP3-7.0,2
6,SSP3-7.0,2
6,SSP3-7.0,2
6,SSP3-7.0,2
6,SSP3-7.0,2
6,SSP3-7.0,2
6,SSP3-7.0,2
6,SSP3-7.0,2
6,SSP3-7.0,2
6,SSP3-7.0,2
6,SSP3-7.0,2
6,SSP3-7.0,2
6,SSP3-7.0,2
6,SSP3-7.0,2
6,SSP3-7.0,2
6,SSP3-7.0,2
6,SSP3-7.0,2
6,SSP3-7.0,3
6,SSP3-7.0,3
6,SSP3-7.0,3
6,SSP3-7.0,3
6,SSP3-7.0,3
6,SSP3-7.0,3
6,SSP3-7.0,3
6,SSP3-7.0,3
6,SSP3-7.0,3
6,SSP3-7.0,3
6,SSP3-7.0,3
6,SSP3-7.0,3
6,SSP3-7.0,3
6,SSP3-7.0,3
6,SSP3-7.0,3
6,SSP3-7.0,3
6,SSP3-7.0,3
6,SSP3-7.0,3
6,SSP3-7.0,3
6,SSP3-7.0,3
6,SSP3-7.0,3
6,SSP3-7.0,3
6,SSP3-7.0,3
6,SSP3-7.0,3
6,SSP3-7.0,3
6,SSP3-7.0,3
6,SSP3-7.0,3
6,SSP3-7.0,3
6,SSP3-7.0,3
6,SSP3-7.0,3
6,SSP3-7.0,3
6,SSP3-7.0,3
6,SSP3-7.0,3
6,SSP3-7.0,3
6,SSP3-7.0,3
6,SSP3-7.0,3
6,SSP3-7.0,3
6,SSP3-7.0,3
6,SSP3-7.0,3
6,SSP3-7.0,3
6,SSP3-7.0,4
6,SSP3-7.0,4
6,SSP3-7.0,4
6,SSP3-7.0,4
6,SSP3-7.0,4
6,SSP3-7.0,4
6,SSP3-7.0,4
6,SSP3-7.0,4
6,SSP3-7.0,4
6,SSP3-7.0,4
6,SSP3-7.0,4
6,SSP3-7.0,4
6,SSP3-7.0,4
6,SSP3-7.0,4
6,SSP3-7.0,4
6,SSP3-7.0,4
6,SSP3-7.0,4
6,SSP3-7.0,4
6,SSP3-7.0,4
6,SSP3-7.0,4
6,SSP3-7.0,4
6,SSP3-7.0,4
6,SSP3-7.0,4
6,SSP3-7.0,4
6,SSP3-7.0,4
6,SSP3-7.0,4
6,SSP3-7.0,4
6,SSP3-7.0,4
6,SSP3-7.0,4
6,SSP3-7.0,4
6,SSP3-7.0,4
6,SSP3-7.0,4
6,SSP3-7.0,4
6,SSP3-7.0,4
6,SSP3-7.0,4
6,SSP5-8.5,2
6,SSP5-8.5,2
6,SSP5-8.5,2
6,SSP5-8.5,2
6,SSP5-8.5,2
6,SSP5-8.5,2
6,SSP5-8.5,2
6,SSP5-8.5,2
6,SSP5-8.5,2
6,SSP5-8.5,2
6,SSP5-8.5,2
6,SSP5-8.5,2
6,SSP5-8.5,2
6,SSP5-8.5,2
6,SSP5-8.5,2
6,SSP5-8.5,2
6,SSP5-8.5,2
6,SSP5-8.5,3
6,SSP5-8.5,3
6,SSP5-8.5,3
6,SSP5-8.5,3
6,SSP5-8.5,3
6,SSP5-8.5,3
6,SSP5-8.5,3
6,SSP5-8.5,3
6,SSP5-8.5,3
6,SSP5-8.5,3
6,SSP5-8.5,3
6,SSP5-8.5,3
6,SSP5-8.5,3
6,SSP5-8.5,3
6,SSP5-8.5,3
6,SSP5-8.5,3
6,SSP5-8.5,3
6,SSP5-8.5,3
6,SSP5-8.5,3
6,SSP5-8.5,3
6,SSP5-8.5,3
6,SSP5-8.5,3
6,SSP5-8.5,3
6,SSP5-8.5,3
6,SSP5-8.5,3
6,SSP5-8.5,3
6,SSP5-8.5,3
6,SSP5-8.5,3
6,SSP5-8.5,3
6,SSP5-8.5,3
6,SSP5-8.5,3
6,SSP5-8.5,3
6,SSP5-8.5,3
6,SSP5-8.5,3
6,SSP5-8.5,3
6,SSP5-8.5,3
6,SSP5-8.5,3
6,SSP5-8.5,3
6,SSP5-8.5,3
6,SSP5-8.5,3
6,SSP5-8.5,3
6,SSP5-8.5,3
6,SSP5-8.5,3
6,SSP5-8.5,3
6,SSP5-8.5,3
6,SSP5-8.5,4
6,SSP5-8.5,4
6,SSP5-8.5,4
6,SSP5-8.5,4
6,SSP5-8.5,4
6,SSP5-8.5,4
6,SSP5-8.5,4
6,SSP5-8.5,4
6,SSP5-8.5,4
6,SSP5-8.5,4
6,SSP5-8.5,4
6,SSP5-8.5,4
6,SSP5-8.5,4
6,SSP5-8.5,4
6,SSP5-8.5,4
6,SSP5-8.5,4
6,SSP5-8.5,4
6,SSP5-8.5,4
6,SSP5-8.5,4
6,SSP5-8.5,5
6,SSP5-8.5,5
6,SSP5-8.5,5
6,SSP5-8.5,5
6,SSP5-8.5,5
6,SSP5-8.5,5
6,SSP5-8.5,5
6,SSP5-8.5,5
6,SSP5-8.5,5
6,SSP5-8.5,5
6,SSP5-8.5,5
6,SSP5-8.5,5
6,SSP5-8.5,5
6,SSP5-8.5,5
6,SSP5-8.5,5
6,SSP5-8.5,5
7,SSP1-2.6,1
7,SSP1-2.6,1
7,SSP1-2.6,1
7,SSP1-2.6,1
7,SSP1-2.6,1
7,SSP1-2.6,1
7,SSP1-2.6,1
7,SSP1-2.6,1
7,SSP1-2.6,1
7,SSP1-2.6,1
7,SSP1-2.6,1
7,SSP1-2.6,1
7,SSP1-2.6,1
7,SSP1-2.6,1
7,SSP1-2.6,1
7,SSP1-2.6,1
7,SSP1-2.6,1
7,SSP1-2.6,1
7,SSP1-2.6,1
7,SSP1-2.6,1
7,SSP1-2.6,1
7,SSP1-2.6,1
7,SSP1-2.6,1
7,SSP1-2.6,1
7,SSP1-2.6,1
7,SSP1-2.6,1
7,SSP1-2.6,1
7,SSP1-2.6,1
7,SSP1-2.6,1
7,SSP1-2.6,1
7,SSP1-2.6,1
7,SSP1-2.6,1
7,SSP1-2.6,1
7,SSP1-2.6,1
7,SSP1-2.6,1
7,SSP1-2.6,1
7,SSP1-2.6,1
7,SSP1-2.6,1
7,SSP1-2.6,1
7,SSP1-2.6,1
7,SSP1-2.6,1
7,SSP1-2.6,1
7,SSP1-2.6,1
7,SSP1-2.6,1
7,SSP1-2.6,1
7,SSP1-2.6,1
7,SSP1-2.6,1
7,SSP1-2.6,1
7,SSP1-2.6,1
7,SSP1-2.6,1
7,SSP1-2.6,1
7,SSP1-2.6,1
7,SSP1-2.6,1
7,SSP1-2.6,1
7,SSP1-2.6,1
7,SSP1-2.6,1
7,SSP1-2.6,1
7,SSP1-2.6,1
7,SSP1-2.6,1
7,SSP1-2.6,1
7,SSP1-2.6,1
7,SSP1-2.6,1
7,SSP1-2.6,1
7,SSP1-2.6,1
7,SSP1-2.6,1
7,SSP1-2.6,2
7,SSP1-2.6,2
7,SSP1-2.6,2
7,SSP1-2.6,2
7,SSP1-2.6,2
7,SSP1-2.6,2
7,SSP1-2.6,2
7,SSP1-2.6,2
7,SSP1-2.6,2
7,SSP1-2.6,2
7,SSP1-2.6,2
7,SSP1-2.6,2
7,SSP1-2.6,2
7,SSP1-2.6,2
7,SSP1-2.6,2
7,SSP1-2.6,2
7,SSP1-2.6,2
7,SSP1-2.6,2
7,SSP1-2.6,2
7,SSP1-2.6,2
7,SSP1-2.6,2
7,SSP1-2.6,2
7,SSP1-2.6,2
7,SSP1-2.6,2
7,SSP1-2.6,2
7,SSP1-2.6,2
7,SSP1-2.6,2
7,SSP1-2.6,2
7,SSP1-2.6,2
7,SSP1-2.6,2
7,SSP1-2.6,2
7,SSP1-2.6,2
7,SSP1-2.6,3
7,SSP2-4.5,1
7,SSP2-4.5,1
7,SSP2-4.5,1
7,SSP2-4.5,1
7,SSP2-4.5,1
7,SSP2-4.5,1
7,SSP2-4.5,1
7,SSP2-4.5,1
7,SSP2-4.5,1
7,SSP2-4.5,1
7,SSP2-4.5,1
7,SSP2-4.5,1
7,SSP2-4.5,1
7,SSP2-4.5,1
7,SSP2-4.5,1
7,SSP2-4.5,1
7,SSP2-4.5,1
7,SSP2-4.5,1
7,SSP2-4.5,2
7,SSP2-4.5,2
7,SSP2-4.5,2
7,SSP2-4.5,2
7,SSP2-4.5,2
7,SSP2-4.5,2
7,SSP2-4.5,2
7,SSP2-4.5,2
7,SSP2-4.5,2
7,SSP2-4.5,2
7,SSP2-4.5,2
7,SSP2-4.5,2
7,SSP2-4.5,2
7,SSP2-4.5,2
7,SSP2-4.5,2
7,SSP2-4.5,2
7,SSP2-4.5,2
7,SSP2-4.5,2
7,SSP2-4.5,2
7,SSP2-4.5,2
7,SSP2-4.5,2
7,SSP2-4.5,2
7,SSP2-4.5,2
7,SSP2-4.5,2
7,SSP2-4.5,2
7,SSP2-4.5,2
7,SSP2-4.5,2
7,SSP2-4.5,2
7,SSP2-4.5,2
7,SSP2-4.5,2
7,SSP2-4.5,2
7,SSP2-4.5,2
7,SSP2-4.5,2
7,SSP2-4.5,2
7,SSP2-4.5,2
7,SSP2-4.5,2
7,SSP2-4.5,2
7,SSP2-4.5,2
7,SSP2-4.5,2
7,SSP2-4.5,2
7,SSP2-4.5,2
7,SSP2-4.5,2
7,SSP2-4.5,2
7,SSP2-4.5,2
7,SSP2-4.5,2
7,SSP2-4.5,2
7,SSP2-4.5,2
7,SSP2-4.5,2
7,SSP2-4.5,2
7,SSP2-4.5,2
7,SSP2-4.5,2
7,SSP2-4.5,2
7,SSP2-4.5,2
7,SSP2-4.5,2
7,SSP2-4.5,2
7,SSP2-4.5,2
7,SSP2-4.5,2
7,SSP2-4.5,2
7,SSP2-4.5,2
7,SSP2-4.5,2
7,SSP2-4.5,2
7,SSP2-4.5,2
7,SSP2-4.5,2
7,SSP2-4.5,2
7,SSP2-4.5,3
7,SSP2-4.5,3
7,SSP2-4.5,3
7,SSP2-4.5,3
7,SSP2-4.5,3
7,SSP2-4.5,3
7,SSP2-4.5,3
7,SSP2-4.5,3
7,SSP2-4.5,3
7,SSP2-4.5,3
7,SSP2-4.5,3
7,SSP2-4.5,3
7,SSP2-4.5,3
7,SSP2-4.5,3
7,SSP2-4.5,3
7,SSP2-4.5,3
7,SSP3-7.0,2
7,SSP3-7.0,2
7,SSP3-7.0,2
7,SSP3-7.0,2
7,SSP3-7.0,2
7,SSP3-7.0,2
7,SSP3-7.0,2
7,SSP3-7.0,2
7,SSP3-7.0,2
7,SSP3-7.0,2
7,SSP3-7.0,2
7,SSP3-7.0,2
7,SSP3-7.0,2
7,SSP3-7.0,3
7,SSP3-7.0,3
7,SSP3-7.0,3
7,SSP3-7.0,3
7,SSP3-7.0,3
7,SSP3-7.0,3
7,SSP3-7.0,3
7,SSP3-7.0,3
7,SSP3-7.0,3
7,SSP3-7.0,3
7,SSP3-7.0,3
7,SSP3-7.0,3
7,SSP3-7.0,3
7,SSP3-7.0,3
7,SSP3-7.0,3
7,SSP3-7.0,3
7,SSP3-7.0,3
7,SSP3-7.0,3
7,SSP3-7.0,3
7,SSP3-7.0,3
7,SSP3-7.0,3
7,SSP3-7.0,3
7,SSP3-7.0,3
7,SSP3-7.0,3
7,SSP3-7.0,3
7,SSP3-7.0,3
7,SSP3-7.0,3
7,SSP3-7.0,3
7,SSP3-7.0,3
7,SSP3-7.0,3
7,SSP3-7.0,3
7,SSP3-7.0,3
7,SSP3-7.0,3
7,SSP3-7.0,3
7,SSP3-7.0,3
7,SSP3-7.0,3
7,SSP3-7.0,3
7,SSP3-7.0,3
7,SSP3-7.0,3
7,SSP3-7.0,3
7,SSP3-7.0,3
7,SSP3-7.0,3
7,SSP3-7.0,4
7,SSP3-7.0,4
7,SSP3-7.0,4
7,SSP3-7.0,4
7,SSP3-7.0,4
7,SSP3-7.0,4
7,SSP3-7.0,4
7,SSP3-7.0,4
7,SSP3-7.0,4
7,SSP3-7.0,4
7,SSP3-7.0,4
7,SSP3-7.0,4
7,SSP3-7.0,4
7,SSP3-7.0,4
7,SSP3-7.0,4
7,SSP3-7.0,4
7,SSP3-7.0,4
7,SSP3-7.0,4
7,SSP3-7.0,4
7,SSP3-7.0,4
7,SSP3-7.0,4
7,SSP3-7.0,4
7,SSP3-7.0,4
7,SSP3-7.0,4
7,SSP3-7.0,4
7,SSP3-7.0,4
7,SSP3-7.0,5
7,SSP3-7.0,5
7,SSP3-7.0,5
7,SSP3-7.0,5
7,SSP3-7.0,5
7,SSP3-7.0,5
7,SSP3-7.0,5
7,SSP3-7.0,5
7,SSP3-7.0,5
7,SSP3-7.0,5
7,SSP3-7.0,5
7,SSP3-7.0,5
7,SSP3-7.0,5
7,SSP3-7.0,5
7,SSP3-7.0,6
7,SSP5-8.5,2
7,SSP5-8.5,2
7,SSP5-8.5,2
7,SSP5-8.5,2
7,SSP5-8.5,2
7,SSP5-8.5,2
7,SSP5-8.5,2
7,SSP5-8.5,3
7,SSP5-8.5,3
7,SSP5-8.5,3
7,SSP5-8.5,3
7,SSP5-8.5,3
7,SSP5-8.5,3
7,SSP5-8.5,3
7,SSP5-8.5,3
7,SSP5-8.5,3
7,SSP5-8.5,3
7,SSP5-8.5,3
7,SSP5-8.5,3
7,SSP5-8.5,3
7,SSP5-8.5,3
7,SSP5-8.5,3
7,SSP5-8.5,3
7,SSP5-8.5,3
7,SSP5-8.5,3
7,SSP5-8.5,3
7,SSP5-8.5,3
7,SSP5-8.5,3
7,SSP5-8.5,3
7,SSP5-8.5,3
7,SSP5-8.5,3
7,SSP5-8.5,3
7,SSP5-8.5,3
7,SSP5-8.5,3
7,SSP5-8.5,3
7,SSP5-8.5,3
7,SSP5-8.5,3
7,SSP5-8.5,3
7,SSP5-8.5,3
7,SSP5-8.5,3
7,SSP5-8.5,3
7,SSP5-8.5,3
7,SSP5-8.5,3
7,SSP5-8.5,3
7,SSP5-8.5,3
7,SSP5-8.5,3
7,SSP5-8.5,3
7,SSP5-8.5,3
7,SSP5-8.5,3
7,SSP5-8.5,3
7,SSP5-8.5,3
7,SSP5-8.5,3
7,SSP5-8.5,3
7,SSP5-8.5,3
7,SSP5-8.5,3
7,SSP5-8.5,4
7,SSP5-8.5,4
7,SSP5-8.5,4
7,SSP5-8.5,4
7,SSP5-8.5,4
7,SSP5-8.5,4
7,SSP5-8.5,4
7,SSP5-8.5,4
7,SSP5-8.5,4
7,SSP5-8.5,4
7,SSP5-8.5,4
7,SSP5-8.5,4
7,SSP5-8.5,4
7,SSP5-8.5,4
7,SSP5-8.5,4
7,SSP5-8.5,4
7,SSP5-8.5,4
7,SSP5-8.5,4
7,SSP5-8.5,4
7,SSP5-8.5,4
7,SSP5-8.5,4
7,SSP5-8.5,4
7,SSP5-8.5,4
7,SSP5-8.5,4
7,SSP5-8.5,4
7,SSP5-8.5,4
7,SSP5-8.5,4
7,SSP5-8.5,4
7,SSP5-8.5,4
7,SSP5-8.5,4
7,SSP5-8.5,4
7,SSP5-8.5,4
7,SSP5-8.5,4
7,SSP5-8.5,4
7,SSP5-8.5,5
7,SSP5-8.5,5
7,SSP5-8.5,5
7,SSP5-8.5,5
7,SSP5-8.5,5
7,SSP5-8.5,5
7,SSP5-8.5,5
7,SSP5-8.5,5
7,SSP5-8.5,6
8,SSP1-2.6,1
8,SSP1-2.6,1
8,SSP1-2.6,1
8,SSP1-2.6,1
8,SSP1-2.6,1
8,SSP1-2.6,1
8,SSP1-2.6,1
8,SSP1-2.6,1
8,SSP1-2.6,1
8,SSP1-2.6,1
8,SSP1-2.6,1
8,SSP1-2.6,1
8,SSP1-2.6,1
8,SSP1-2.6,1
8,SSP1-2.6,1
8,SSP1-2.6,1
8,SSP1-2.6,1
8,SSP1-2.6,1
8,SSP1-2.6,1
8,SSP1-2.6,1
8,SSP1-2.6,1
8,SSP1-2.6,1
8,SSP1-2.6,1
8,SSP1-2.6,1
8,SSP1-2.6,1
8,SSP1-2.6,1
8,SSP1-2.6,1
8,SSP1-2.6,1
8,SSP1-2.6,1
8,SSP1-2.6,1
8,SSP1-2.6,1
8,SSP1-2.6,1
8,SSP1-2.6,1
8,SSP1-2.6,1
8,SSP1-2.6,1
8,SSP1-2.6,1
8,SSP1-2.6,1
8,SSP1-2.6,1
8,SSP1-2.6,1
8,SSP1-2.6,1
8,SSP1-2.6,1
8,SSP1-2.6,1
8,SSP1-2.6,1
8,SSP1-2.6,1
8,SSP1-2.6,1
8,SSP1-2.6,1
8,SSP1-2.6,1
8,SSP1-2.6,1
8,SSP1-2.6,1
8,SSP1-2.6,1
8,SSP1-2.6,1
8,SSP1-2.6,1
8,SSP1-2.6,1
8,SSP1-2.6,1
8,SSP1-2.6,1
8,SSP1-2.6,1
8,SSP1-2.6,1
8,SSP1-2.6,1
8,SSP1-2.6,1
8,SSP1-2.6,1
8,SSP1-2.6,1
8,SSP1-2.6,1
8,SSP1-2.6,1
8,SSP1-2.6,1
8,SSP1-2.6,1
8,SSP1-2.6,1
8,SSP1-2.6,1
8,SSP1-2.6,1
8,SSP1-2.6,1
8,SSP1-2.6,1
8,SSP1-2.6,1
8,SSP1-2.6,1
8,SSP1-2.6,1
8,SSP1-2.6,1
8,SSP1-2.6,1
8,SSP1-2.6,1
8,SSP1-2.6,1
8,SSP1-2.6,1
8,SSP1-2.6,1
8,SSP1-2.6,1
8,SSP1-2.6,1
8,SSP1-2.6,1
8,SSP1-2.6,1
8,SSP1-2.6,1
8,SSP1-2.6,1
8,SSP1-2.6,1
8,SSP1-2.6,1
8,SSP1-2.6,1
8,SSP1-2.6,1
8,SSP1-2.6,1
8,SSP1-2.6,2
8,SSP1-2.6,2
8,SSP1-2.6,2
8,SSP1-2.6,2
8,SSP1-2.6,2
8,SSP1-2.6,2
8,SSP1-2.6,2
8,SSP1-2.6,2
8,SSP1-2.6,2
8,SSP2-4.5,1
8,SSP2-4.5,1
8,SSP2-4.5,1
8,SSP2-4.5,1
8,SSP2-4.5,1
8,SSP2-4.5,1
8,SSP2-4.5,1
8,SSP2-4.5,1
8,SSP2-4.5,1
8,SSP2-4.5,1
8,SSP2-4.5,1
8,SSP2-4.5,1
8,SSP2-4.5,1
8,SSP2-4.5,1
8,SSP2-4.5,1
8,SSP2-4.5,1
8,SSP2-4.5,1
8,SSP2-4.5,1
8,SSP2-4.5,1
8,SSP2-4.5,1
8,SSP2-4.5,1
8,SSP2-4.5,1
8,SSP2-4.5,1
8,SSP2-4.5,1
8,SSP2-4.5,1
8,SSP2-4.5,1
8,SSP2-4.5,1
8,SSP2-4.5,1
8,SSP2-4.5,1
8,SSP2-4.5,1
8,SSP2-4.5,1
8,SSP2-4.5,1
8,SSP2-4.5,1
8,SSP2-4.5,1
8,SSP2-4.5,1
8,SSP2-4.5,1
8,SSP2-4.5,1
8,SSP2-4.5,1
8,SSP2-4.5,1
8,SSP2-4.5,1
8,SSP2-4.5,1
8,SSP2-4.5,1
8,SSP2-4.5,1
8,SSP2-4.5,1
8,SSP2-4.5,1
8,SSP2-4.5,1
8,SSP2-4.5,1
8,SSP2-4.5,1
8,SSP2-4.5,1
8,SSP2-4.5,1
8,SSP2-4.5,2
8,SSP2-4.5,2
8,SSP2-4.5,2
8,SSP2-4.5,2
8,SSP2-4.5,2
8,SSP2-4.5,2
8,SSP2-4.5,2
8,SSP2-4.5,2
8,SSP2-4.5,2
8,SSP2-4.5,2
8,SSP2-4.5,2
8,SSP2-4.5,2
8,SSP2-4.5,2
8,SSP2-4.5,2
8,SSP2-4.5,2
8,SSP2-4.5,2
8,SSP2-4.5,2
8,SSP2-4.5,2
8,SSP2-4.5,2
8,SSP2-4.5,2
8,SSP2-4.5,2
8,SSP2-4.5,2
8,SSP2-4.5,2
8,SSP2-4.5,2
8,SSP2-4.5,2
8,SSP2-4.5,2
8,SSP2-4.5,2
8,SSP2-4.5,2
8,SSP2-4.5,2
8,SSP2-4.5,2
8,SSP2-4.5,2
8,SSP2-4.5,2
8,SSP2-4.5,2
8,SSP2-4.5,2
8,SSP2-4.5,2
8,SSP2-4.5,2
8,SSP2-4.5,2
8,SSP2-4.5,2
8,SSP2-4.5,2
8,SSP2-4.5,2
8,SSP2-4.5,2
8,SSP2-4.5,2
8,SSP2-4.5,2
8,SSP2-4.5,2
8,SSP2-4.5,2
8,SSP2-4.5,2
8,SSP2-4.5,2
8,SSP2-4.5,2
8,SSP2-4.5,2
8,SSP3-7.0,1
8,SSP3-7.0,1
8,SSP3-7.0,1
8,SSP3-7.0,1
8,SSP3-7.0,1
8,SSP3-7.0,1
8,SSP3-7.0,1
8,SSP3-7.0,1
8,SSP3-7.0,1
8,SSP3-7.0,1
8,SSP3-7.0,1
8,SSP3-7.0,1
8,SSP3-7.0,1
8,SSP3-7.0,1
8,SSP3-7.0,1
8,SSP3-7.0,1
8,SSP3-7.0,1
8,SSP3-7.0,1
8,SSP3-7.0,1
8,SSP3-7.0,1
8,SSP3-7.0,1
8,SSP3-7.0,1
8,SSP3-7.0,1
8,SSP3-7.0,1
8,SSP3-7.0,1
8,SSP3-7.0,1
8,SSP3-7.0,1
8,SSP3-7.0,1
8,SSP3-7.0,1
8,SSP3-7.0,1
8,SSP3-7.0,1
8,SSP3-7.0,1
8,SSP3-7.0,1
8,SSP3-7.0,1
8,SSP3-7.0,1
8,SSP3-7.0,1
8,SSP3-7.0,1
8,SSP3-7.0,1
8,SSP3-7.0,1
8,SSP3-7.0,1
8,SSP3-7.0,2
8,SSP3-7.0,2
8,SSP3-7.0,2
8,SSP3-7.0,2
8,SSP3-7.0,2
8,SSP3-7.0,2
8,SSP3-7.0,2
8,SSP3-7.0,2
8,SSP3-7.0,2
8,SSP3-7.0,2
8,SSP3-7.0,2
8,SSP3-7.0,2
8,SSP3-7.0,2
8,SSP3-7.0,2
8,SSP3-7.0,2
8,SSP3-7.0,2
8,SSP3-7.0,2
8,SSP3-7.0,2
8,SSP3-7.0,2
8,SSP3-7.0,2
8,SSP3-7.0,2
8,SSP3-7.0,2
8,SSP3-7.0,2
8,SSP3-7.0,2
8,SSP3-7.0,2
8,SSP3-7.0,2
8,SSP3-7.0,2
8,SSP3-7.0,2
8,SSP3-7.0,2
8,SSP3-7.0,2
8,SSP3-7.0,2
8,SSP3-7.0,2
8,SSP3-7.0,2
8,SSP3-7.0,2
8,SSP3-7.0,2
8,SSP3-7.0,2
8,SSP3-7.0,2
8,SSP3-7.0,2
8,SSP3-7.0,2
8,SSP3-7.0,2
8,SSP3-7.0,2
8,SSP3-7.0,2
8,SSP3-7.0,2
8,SSP3-7.0,2
8,SSP3-7.0,3
8,SSP3-7.0,3
8,SSP3-7.0,3
8,SSP3-7.0,3
8,SSP3-7.0,3
8,SSP3-7.0,3
8,SSP3-7.0,3
8,SSP3-7.0,3
8,SSP3-7.0,3
8,SSP3-7.0,3
8,SSP3-7.0,3
8,SSP3-7.0,3
8,SSP3-7.0,3
8,SSP3-7.0,3
8,SSP3-7.0,3
8,SSP5-8.5,1
8,SSP5-8.5,1
8,SSP5-8.5,1
8,SSP5-8.5,1
8,SSP5-8.5,1
8,SSP5-8.5,1
8,SSP5-8.5,1
8,SSP5-8.5,1
8,SSP5-8.5,1
8,SSP5-8.5,1
8,SSP5-8.5,1
8,SSP5-8.5,1
8,SSP5-8.5,1
8,SSP5-8.5,1
8,SSP5-8.5,1
8,SSP5-8.5,1
8,SSP5-8.5,1
8,SSP5-8.5,1
8,SSP5-8.5,1
8,SSP5-8.5,1
8,SSP5-8.5,1
8,SSP5-8.5,1
8,SSP5-8.5,1
8,SSP5-8.5,1
8,SSP5-8.5,1
8,SSP5-8.5,1
8,SSP5-8.5,1
8,SSP5-8.5,1
8,SSP5-8.5,1
8,SSP5-8.5,1
8,SSP5-8.5,1
8,SSP5-8.5,1
8,SSP5-8.5,1
8,SSP5-8.5,1
8,SSP5-8.5,1
8,SSP5-8.5,1
8,SSP5-8.5,1
8,SSP5-8.5,1
8,SSP5-8.5,1
8,SSP5-8.5,1
8,SSP5-8.5,1
8,SSP5-8.5,1
8,SSP5-8.5,1
8,SSP5-8.5,1
8,SSP5-8.5,1
8,SSP5-8.5,1
8,SSP5-8.5,2
8,SSP5-8.5,2
8,SSP5-8.5,2
8,SSP5-8.5,2
8,SSP5-8.5,2
8,SSP5-8.5,2
8,SSP5-8.5,2
8,SSP5-8.5,2
8,SSP5-8.5,2
8,SSP5-8.5,2
8,SSP5-8.5,2
8,SSP5-8.5,2
8,SSP5-8.5,2
8,SSP5-8.5,2
8,SSP5-8.5,2
8,SSP5-8.5,2
8,SSP5-8.5,2
8,SSP5-8.5,2
8,SSP5-8.5,2
8,SSP5-8.5,2
8,SSP5-8.5,2
8,SSP5-8.5,2
8,SSP5-8.5,2
8,SSP5-8.5,2
8,SSP5-8.5,2
8,SSP5-8.5,2
8,SSP5-8.5,2
8,SSP5-8.5,2
8,SSP5-8.5,2
8,SSP5-8.5,2
8,SSP5-8.5,2
8,SSP5-8.5,3
8,SSP5-8.5,3
8,SSP5-8.5,3
8,SSP5-8.5,3
8,SSP5-8.5,3
8,SSP5-8.5,3
8,SSP5-8.5,3
8,SSP5-8.5,3
8,SSP5-8.5,3
8,SSP5-8.5,3
8,SSP5-8.5,3
8,SSP5-8.5,3
8,SSP5-8.5,3
8,SSP5-8.5,3
8,SSP5-8.5,3
8,SSP5-8.5,3
8,SSP5-8.5,3
8,SSP5-8.5,3
8,SSP5-8.5,4
8,SSP5-8.5,4
8,SSP5-8.5,4
9,SSP1-2.6,1
9,SSP1-2.6,1
9,SSP1-2.6,1
9,SSP1-2.6,1
9,SSP1-2.6,1
9,SSP1-2.6,1
9,SSP1-2.6,1
9,SSP1-2.6,1
9,SSP1-2.6,1
9,SSP1-2.6,1
9,SSP1-2.6,1
9,SSP1-2.6,1
9,SSP1-2.6,1
9,SSP1-2.6,1
9,SSP1-2.6,1
9,SSP1-2.6,1
9,SSP1-2.6,1
9,SSP1-2.6,1
9,SSP1-2.6,1
9,SSP1-2.6,1
9,SSP1-2.6,2
9,SSP1-2.6,2
9,SSP1-2.6,2
9,SSP1-2.6,2
9,SSP1-2.6,2
9,SSP1-2.6,2
9,SSP1-2.6,2
9,SSP1-2.6,2
9,SSP1-2.6,2
9,SSP1-2.6,2
9,SSP1-2.6,2
9,SSP1-2.6,2
9,SSP1-2.6,2
9,SSP1-2.6,2
9,SSP1-2.6,2
9,SSP1-2.6,2
9,SSP1-2.6,2
9,SSP1-2.6,2
9,SSP1-2.6,2
9,SSP1-2.6,2
9,SSP1-2.6,2
9,SSP1-2.6,2
9,SSP1-2.6,2
9,SSP1-2.6,2
9,SSP1-2.6,2
9,SSP1-2.6,2
9,SSP1-2.6,2
9,SSP1-2.6,2
9,SSP1-2.6,2
9,SSP1-2.6,2
9,SSP1-2.6,2
9,SSP1-2.6,2
9,SSP1-2.6,2
9,SSP1-2.6,2
9,SSP1-2.6,2
9,SSP1-2.6,2
9,SSP1-2.6,2
9,SSP1-2.6,2
9,SSP1-2.6,2
9,SSP1-2.6,2
9,SSP1-2.6,2
9,SSP1-2.6,2
9,SSP1-2.6,2
9,SSP1-2.6,2
9,SSP1-2.6,3
9,SSP1-2.6,3
9,SSP1-2.6,3
9,SSP1-2.6,3
9,SSP1-2.6,3
9,SSP1-2.6,3
9,SSP1-2.6,3
9,SSP1-2.6,3
9,SSP1-2.6,3
9,SSP1-2.6,3
9,SSP1-2.6,3
9,SSP1-2.6,3
9,SSP1-2.6,3
9,SSP1-2.6,3
9,SSP1-2.6,3
9,SSP1-2.6,3
9,SSP1-2.6,3
9,SSP1-2.6,3
9,SSP1-2.6,3
9,SSP1-2.6,3
9,SSP1-2.6,3
9,SSP1-2.6,3
9,SSP1-2.6,3
9,SSP1-2.6,4
9,SSP1-2.6,4
9,SSP1-2.6,4
9,SSP1-2.6,4
9,SSP1-2.6,4
9,SSP1-2.6,4
9,SSP1-2.6,4
9,SSP1-2.6,4
9,SSP1-2.6,4
9,SSP1-2.6,4
9,SSP2-4.5,1
9,SSP2-4.5,1
9,SSP2-4.5,1
9,SSP2-4.5,1
9,SSP2-4.5,1
9,SSP2-4.5,2
9,SSP2-4.5,2
9,SSP2-4.5,2
9,SSP2-4.5,2
9,SSP2-4.5,2
9,SSP2-4.5,2
9,SSP2-4.5,2
9,SSP2-4.5,2
9,SSP2-4.5,2
9,SSP2-4.5,2
9,SSP2-4.5,2
9,SSP2-4.5,2
9,SSP2-4.5,2
9,SSP2-4.5,2
9,SSP2-4.5,2
9,SSP2-4.5,2
9,SSP2-4.5,2
9,SSP2-4.5,2
9,SSP2-4.5,2
9,SSP2-4.5,2
9,SSP2-4.5,2
9,SSP2-4.5,2
9,SSP2-4.5,2
9,SSP2-4.5,2
9,SSP2-4.5,2
9,SSP2-4.5,2
9,SSP2-4.5,2
9,SSP2-4.5,2
9,SSP2-4.5,2
9,SSP2-4.5,2
9,SSP2-4.5,2
9,SSP2-4.5,3
9,SSP2-4.5,3
9,SSP2-4.5,3
9,SSP2-4.5,3
9,SSP2-4.5,3
9,SSP2-4.5,3
9,SSP2-4.5,3
9,SSP2-4.5,3
9,SSP2-4.5,3
9,SSP2-4.5,3
9,SSP2-4.5,3
9,SSP2-4.5,3
9,SSP2-4.5,3
9,SSP2-4.5,3
9,SSP2-4.5,3
9,SSP2-4.5,3
9,SSP2-4.5,3
9,SSP2-4.5,3
9,SSP2-4.5,3
9,SSP2-4.5,3
9,SSP2-4.5,3
9,SSP2-4.5,3
9,SSP2-4.5,3
9,SSP2-4.5,3
9,SSP2-4.5,3
9,SSP2-4.5,3
9,SSP2-4.5,3
9,SSP2-4.5,3
9,SSP2-4.5,3
9,SSP2-4.5,3
9,SSP2-4.5,3
9,SSP2-4.5,3
9,SSP2-4.5,3
9,SSP2-4.5,4
9,SSP2-4.5,4
9,SSP2-4.5,4
9,SSP2-4.5,4
9,SSP2-4.5,4
9,SSP2-4.5,4
9,SSP2-4.5,4
9,SSP2-4.5,4
9,SSP2-4.5,4
9,SSP2-4.5,4
9,SSP2-4.5,4
9,SSP2-4.5,4
9,SSP2-4.5,5
9,SSP2-4.5,5
9,SSP2-4.5,5
9,SSP2-4.5,5
9,SSP2-4.5,5
9,SSP2-4.5,5
9,SSP2-4.5,5
9,SSP2-4.5,5
9,SSP2-4.5,6
9,SSP2-4.5,6
9,SSP2-4.5,6
9,SSP2-4.5,6
9,SSP2-4.5,6
9,SSP2-4.5,6
9,SSP2-4.5,6
9,SSP2-4.5,6
9,SSP3-7.0,1
9,SSP3-7.0,2
9,SSP3-7.0,2
9,SSP3-7.0,2
9,SSP3-7.0,2
9,SSP3-7.0,3
9,SSP3-7.0,3
9,SSP3-7.0,3
9,SSP3-7.0,3
9,SSP3-7.0,3
9,SSP3-7.0,3
9,SSP3-7.0,3
9,SSP3-7.0,3
9,SSP3-7.0,3
9,SSP3-7.0,3
9,SSP3-7.0,3
9,SSP3-7.0,3
9,SSP3-7.0,3
9,SSP3-7.0,3
9,SSP3-7.0,3
9,SSP3-7.0,4
9,SSP3-7.0,4
9,SSP3-7.0,4
9,SSP3-7.0,4
9,SSP3-7.0,4
9,SSP3-7.0,4
9,SSP3-7.0,4
9,SSP3-7.0,4
9,SSP3-7.0,4
9,SSP3-7.0,4
9,SSP3-7.0,4
9,SSP3-7.0,4
9,SSP3-7.0,4
9,SSP3-7.0,4
9,SSP3-7.0,4
9,SSP3-7.0,4
9,SSP3-7.0,4
9,SSP3-7.0,4
9,SSP3-7.0,4
9,SSP3-7.0,4
9,SSP3-7.0,4
9,SSP3-7.0,4
9,SSP3-7.0,4
9,SSP3-7.0,4
9,SSP3-7.0,4
9,SSP3-7.0,4
9,SSP3-7.0,4
9,SSP3-7.0,5
9,SSP3-7.0,5
9,SSP3-7.0,5
9,SSP3-7.0,5
9,SSP3-7.0,5
9,SSP3-7.0,5
9,SSP3-7.0,5
9,SSP3-7.0,5
9,SSP3-7.0,5
9,SSP3-7.0,5
9,SSP3-7.0,5
9,SSP3-7.0,5
9,SSP3-7.0,5
9,SSP3-7.0,6
9,SSP3-7.0,6
9,SSP3-7.0,6
9,SSP3-7.0,6
9,SSP3-7.0,6
9,SSP3-7.0,6
9,SSP3-7.0,6
9,SSP3-7.0,6
9,SSP3-7.0,6
9,SSP3-7.0,6
9,SSP3-7.0,6
9,SSP3-7.0,6
9,SSP3-7.0,6
9,SSP3-7.0,6
9,SSP3-7.0,6
9,SSP3-7.0,6
9,SSP3-7.0,6
9,SSP3-7.0,6
9,SSP3-7.0,6
9,SSP3-7.0,6
9,SSP3-7.0,6
9,SSP3-7.0,6
9,SSP3-7.0,6
9,SSP3-7.0,6
9,SSP3-7.0,6
9,SSP3-7.0,6
9,SSP3-7.0,6
9,SSP3-7.0,6
9,SSP3-7.0,6
9,SSP3-7.0,6
9,SSP3-7.0,6
9,SSP3-7.0,6
9,SSP3-7.0,6
9,SSP3-7.0,6
9,SSP3-7.0,6
9,SSP3-7.0,6
9,SSP3-7.0,6
9,SSP5-8.5,1
9,SSP5-8.5,1
9,SSP5-8.5,2
9,SSP5-8.5,2
9,SSP5-8.5,2
9,SSP5-8.5,3
9,SSP5-8.5,3
9,SSP5-8.5,3
9,SSP5-8.5,3
9,SSP5-8.5,3
9,SSP5-8.5,3
9,SSP5-8.5,3
9,SSP5-8.5,3
9,SSP5-8.5,3
9,SSP5-8.5,3
9,SSP5-8.5,4
9,SSP5-8.5,4
9,SSP5-8.5,4
9,SSP5-8.5,4
9,SSP5-8.5,4
9,SSP5-8.5,4
9,SSP5-8.5,4
9,SSP5-8.5,4
9,SSP5-8.5,4
9,SSP5-8.5,4
9,SSP5-8.5,4
9,SSP5-8.5,4
9,SSP5-8.5,4
9,SSP5-8.5,4
9,SSP5-8.5,4
9,SSP5-8.5,4
9,SSP5-8.5,4
9,SSP5-8.5,4
9,SSP5-8.5,4
9,SSP5-8.5,4
9,SSP5-8.5,4
9,SSP5-8.5,4
9,SSP5-8.5,4
9,SSP5-8.5,4
9,SSP5-8.5,5
9,SSP5-8.5,5
9,SSP5-8.5,5
9,SSP5-8.5,5
9,SSP5-8.5,5
9,SSP5-8.5,5
9,SSP5-8.5,5
9,SSP5-8.5,5
9,SSP5-8.5,5
9,SSP5-8.5,5
9,SSP5-8.5,5
9,SSP5-8.5,5
9,SSP5-8.5,5
9,SSP5-8.5,5
9,SSP5-8.5,5
9,SSP5-8.5,5
9,SSP5-8.5,5
9,SSP5-8.5,6
9,SSP5-8.5,6
9,SSP5-8.5,6
9,SSP5-8.5,6
9,SSP5-8.5,6
9,SSP5-8.5,6
9,SSP5-8.5,6
9,SSP5-8.5,6
9,SSP5-8.5,6
9,SSP5-8.5,6
9,SSP5-8.5,6
9,SSP5-8.5,6
9,SSP5-8.5,6
9,SSP5-8.5,6
9,SSP5-8.5,6
9,SSP5-8.5,6
9,SSP5-8.5,6
9,SSP5-8.5,6
9,SSP5-8.5,6
9,SSP5-8.5,6
9,SSP5-8.5,6
9,SSP5-8.5,6
9,SSP5-8.5,6
9,SSP5-8.5,6
9,SSP5-8.5,6
9,SSP5-8.5,6
9,SSP5-8.5,6
9,SSP5-8.5,6
9,SSP5-8.5,6
9,SSP5-8.5,6
9,SSP5-8.5,6
9,SSP5-8.5,6
9,SSP5-8.5,6
9,SSP5-8.5,6
9,SSP5-8.5,6
9,SSP5-8.5,6
9,SSP5-8.5,6
9,SSP5-8.5,6
9,SSP5-8.5,6
9,SSP5-8.5,6
9,SSP5-8.5,6
10,SSP1-2.6,1
10,SSP1-2.6,2
10,SSP1-2.6,2
10,SSP1-2.6,2
10,SSP1-2.6,2
10,SSP1-2.6,2
10,SSP1-2.6,2
10,SSP1-2.6,2
10,SSP1-2.6,2
10,SSP1-2.6,2
10,SSP1-2.6,2
10,SSP1-2.6,2
10,SSP1-2.6,2
10,SSP1-2.6,2
10,SSP1-2.6,2
10,SSP1-2.6,2
10,SSP1-2.6,2
10,SSP1-2.6,2
10,SSP1-2.6,2
10,SSP1-2.6,2
10,SSP1-2.6,2
10,SSP1-2.6,2
10,SSP1-2.6,2
10,SSP1-2.6,2
10,SSP1-2.6,2
10,SSP1-2.6,2
10,SSP1-2.6,2
10,SSP1-2.6,2
10,SSP1-2.6,2
10,SSP1-2.6,2
10,SSP1-2.6,2
10,SSP1-2.6,2
10,SSP1-2.6,2
10,SSP1-2.6,2
10,SSP1-2.6,2
10,SSP1-2.6,2
10,SSP1-2.6,2
10,SSP1-2.6,2
10,SSP1-2.6,2
10,SSP1-2.6,2
10,SSP1-2.6,2
10,SSP1-2.6,2
10,SSP1-2.6,2
10,SSP1-2.6,2
10,SSP1-2.6,2
10,SSP1-2.6,2
10,SSP1-2.6,2
10,SSP1-2.6,2
10,SSP1-2.6,2
10,SSP1-2.6,2
10,SSP1-2.6,2
10,SSP1-2.6,2
10,SSP1-2.6,2
10,SSP1-2.6,2
10,SSP1-2.6,2
10,SSP1-2.6,2
10,SSP1-2.6,2
10,SSP1-2.6,2
10,SSP1-2.6,2
10,SSP1-2.6,2
10,SSP1-2.6,2
10,SSP1-2.6,2
10,SSP1-2.6,2
10,SSP1-2.6,2
10,SSP1-2.6,2
10,SSP1-2.6,2
10,SSP1-2.6,2
10,SSP1-2.6,2
10,SSP1-2.6,2
10,SSP1-2.6,2
10,SSP1-2.6,2
10,SSP1-2.6,3
10,SSP1-2.6,3
10,SSP1-2.6,3
10,SSP1-2.6,3
10,SSP1-2.6,3
10,SSP1-2.6,3
10,SSP1-2.6,3
10,SSP1-2.6,3
10,SSP1-2.6,3
10,SSP1-2.6,3
10,SSP1-2.6,3
10,SSP1-2.6,4
10,SSP1-2.6,4
10,SSP1-2.6,4
10,SSP1-2.6,4
10,SSP1-2.6,4
10,SSP1-2.6,4
10,SSP1-2.6,4
10,SSP1-2.6,4
10,SSP1-2.6,5
10,SSP1-2.6,5
10,SSP1-2.6,5
10,SSP1-2.6,5
10,SSP1-2.6,5
10,SSP1-2.6,6
10,SSP1-2.6,6
10,SSP1-2.6,6
10,SSP2-4.5,2
10,SSP2-4.5,2
10,SSP2-4.5,2
10,SSP2-4.5,2
10,SSP2-4.5,2
10,SSP2-4.5,2
10,SSP2-4.5,2
10,SSP2-4.5,2
10,SSP2-4.5,2
10,SSP2-4.5,2
10,SSP2-4.5,2
10,SSP2-4.5,2
10,SSP2-4.5,2
10,SSP2-4.5,2
10,SSP2-4.5,2
10,SSP2-4.5,2
10,SSP2-4.5,2
10,SSP2-4.5,3
10,SSP2-4.5,3
10,SSP2-4.5,3
10,SSP2-4.5,3
10,SSP2-4.5,3
10,SSP2-4.5,3
10,SSP2-4.5,3
10,SSP2-4.5,3
10,SSP2-4.5,3
10,SSP2-4.5,3
10,SSP2-4.5,3
10,SSP2-4.5,3
10,SSP2-4.5,3
10,SSP2-4.5,3
10,SSP2-4.5,3
10,SSP2-4.5,3
10,SSP2-4.5,3
10,SSP2-4.5,3
10,SSP2-4.5,3
10,SSP2-4.5,3
10,SSP2-4.5,3
10,SSP2-4.5,3
10,SSP2-4.5,3
10,SSP2-4.5,3
10,SSP2-4.5,3
10,SSP2-4.5,3
10,SSP2-4.5,3
10,SSP2-4.5,3
10,SSP2-4.5,3
10,SSP2-4.5,3
10,SSP2-4.5,3
10,SSP2-4.5,3
10,SSP2-4.5,3
10,SSP2-4.5,3
10,SSP2-4.5,3
10,SSP2-4.5,3
10,SSP2-4.5,3
10,SSP2-4.5,3
10,SSP2-4.5,3
10,SSP2-4.5,3
10,SSP2-4.5,3
10,SSP2-4.5,3
10,SSP2-4.5,3
10,SSP2-4.5,3
10,SSP2-4.5,3
10,SSP2-4.5,3
10,SSP2-4.5,3
10,SSP2-4.5,3
10,SSP2-4.5,3
10,SSP2-4.5,3
10,SSP2-4.5,3
10,SSP2-4.5,3
10,SSP2-4.5,3
10,SSP2-4.5,4
10,SSP2-4.5,4
10,SSP2-4.5,4
10,SSP2-4.5,4
10,SSP2-4.5,4
10,SSP2-4.5,4
10,SSP2-4.5,4
10,SSP2-4.5,4
10,SSP2-4.5,4
10,SSP2-4.5,4
10,SSP2-4.5,4
10,SSP2-4.5,4
10,SSP2-4.5,5
10,SSP2-4.5,5
10,SSP2-4.5,5
10,SSP2-4.5,5
10,SSP2-4.5,5
10,SSP2-4.5,5
10,SSP2-4.5,6
10,SSP2-4.5,6
10,SSP2-4.5,6
10,SSP2-4.5,6
10,SSP2-4.5,6
10,SSP2-4.5,6
10,SSP2-4.5,6
10,SSP2-4.5,6
10,SSP2-4.5,6
10,SSP2-4.5,6
10,SSP2-4.5,6
10,SSP3-7.0,3
10,SSP3-7.0,3
10,SSP3-7.0,3
10,SSP3-7.0,3
10,SSP3-7.0,3
10,SSP3-7.0,3
10,SSP3-7.0,3
10,SSP3-7.0,3
10,SSP3-7.0,3
10,SSP3-7.0,3
10,SSP3-7.0,3
10,SSP3-7.0,3
10,SSP3-7.0,3
10,SSP3-7.0,3
10,SSP3-7.0,3
10,SSP3-7.0,3
10,SSP3-7.0,3
10,SSP3-7.0,3
10,SSP3-7.0,3
10,SSP3-7.0,3
10,SSP3-7.0,3
10,SSP3-7.0,3
10,SSP3-7.0,3
10,SSP3-7.0,3
10,SSP3-7.0,3
10,SSP3-7.0,3
10,SSP3-7.0,3
10,SSP3-7.0,3
10,SSP3-7.0,3
10,SSP3-7.0,4
10,SSP3-7.0,4
10,SSP3-7.0,4
10,SSP3-7.0,4
10,SSP3-7.0,4
10,SSP3-7.0,4
10,SSP3-7.0,4
10,SSP3-7.0,4
10,SSP3-7.0,4
10,SSP3-7.0,4
10,SSP3-7.0,4
10,SSP3-7.0,4
10,SSP3-7.0,4
10,SSP3-7.0,4
10,SSP3-7.0,4
10,SSP3-7.0,4
10,SSP3-7.0,4
10,SSP3-7.0,4
10,SSP3-7.0,4
10,SSP3-7.0,4
10,SSP3-7.0,4
10,SSP3-7.0,4
10,SSP3-7.0,4
10,SSP3-7.0,4
10,SSP3-7.0,4
10,SSP3-7.0,4
10,SSP3-7.0,4
10,SSP3-7.0,4
10,SSP3-7.0,4
10,SSP3-7.0,4
10,SSP3-7.0,4
10,SSP3-7.0,4
10,SSP3-7.0,4
10,SSP3-7.0,5
10,SSP3-7.0,5
10,SSP3-7.0,5
10,SSP3-7.0,5
10,SSP3-7.0,5
10,SSP3-7.0,5
10,SSP3-7.0,5
10,SSP3-7.0,5
10,SSP3-7.0,5
10,SSP3-7.0,5
10,SSP3-7.0,6
10,SSP3-7.0,6
10,SSP3-7.0,6
10,SSP3-7.0,6
10,SSP3-7.0,6
10,SSP3-7.0,6
10,SSP3-7.0,6
10,SSP3-7.0,6
10,SSP3-7.0,6
10,SSP3-7.0,6
10,SSP3-7.0,6
10,SSP3-7.0,6
10,SSP3-7.0,6
10,SSP3-7.0,6
10,SSP3-7.0,6
10,SSP3-7.0,6
10,SSP3-7.0,6
10,SSP3-7.0,6
10,SSP3-7.0,6
10,SSP3-7.0,6
10,SSP3-7.0,6
10,SSP3-7.0,6
10,SSP3-7.0,6
10,SSP3-7.0,6
10,SSP3-7.0,6
10,SSP5-8.5,3
10,SSP5-8.5,3
10,SSP5-8.5,3
10,SSP5-8.5,3
10,SSP5-8.5,3
10,SSP5-8.5,3
10,SSP5-8.5,3
10,SSP5-8.5,3
10,SSP5-8.5,4
10,SSP5-8.5,4
10,SSP5-8.5,4
10,SSP5-8.5,4
10,SSP5-8.5,4
10,SSP5-8.5,4
10,SSP5-8.5,4
10,SSP5-8.5,4
10,SSP5-8.5,4
10,SSP5-8.5,4
10,SSP5-8.5,4
10,SSP5-8.5,4
10,SSP5-8.5,4
10,SSP5-8.5,4
10,SSP5-8.5,4
10,SSP5-8.5,4
10,SSP5-8.5,4
10,SSP5-8.5,4
10,SSP5-8.5,4
10,SSP5-8.5,4
10,SSP5-8.5,4
10,SSP5-8.5,4
10,SSP5-8.5,4
10,SSP5-8.5,4
10,SSP5-8.5,4
10,SSP5-8.5,4
10,SSP5-8.5,4
10,SSP5-8.5,4
10,SSP5-8.5,4
10,SSP5-8.5,5
10,SSP5-8.5,5
10,SSP5-8.5,5
10,SSP5-8.5,5
10,SSP5-8.5,5
10,SSP5-8.5,5
10,SSP5-8.5,5
10,SSP5-8.5,5
10,SSP5-8.5,5
10,SSP5-8.5,5
10,SSP5-8.5,5
10,SSP5-8.5,5
10,SSP5-8.5,5
10,SSP5-8.5,5
10,SSP5-8.5,5
10,SSP5-8.5,5
10,SSP5-8.5,5
10,SSP5-8.5,5
10,SSP5-8.5,6
10,SSP5-8.5,6
10,SSP5-8.5,6
10,SSP5-8.5,6
10,SSP5-8.5,6
10,SSP5-8.5,6
10,SSP5-8.5,6
10,SSP5-8.5,6
10,SSP5-8.5,6
10,SSP5-8.5,6
10,SSP5-8.5,6
10,SSP5-8.5,6
10,SSP5-8.5,6
10,SSP5-8.5,6
10,SSP5-8.5,6
10,SSP5-8.5,6
10,SSP5-8.5,6
10,SSP5-8.5,6
10,SSP5-8.5,6
10,SSP5-8.5,6
10,SSP5-8.5,6
10,SSP5-8.5,6
10,SSP5-8.5,6
10,SSP5-8.5,6
10,SSP5-8.5,6
10,SSP5-8.5,6
10,SSP5-8.5,6
10,SSP5-8.5,6
10,SSP5-8.5,6
10,SSP5-8.5,6
10,SSP5-8.5,6
10,SSP5-8.5,6
10,SSP5-8.5,6
10,SSP5-8.5,6
10,SSP5-8.5,6
10,SSP5-8.5,6
10,SSP5-8.5,6
10,SSP5-8.5,6
10,SSP5-8.5,6
10,SSP5-8.5,6
10,SSP5-8.5,6
10,SSP5-8.5,6
10,SSP5-8.5,6
11,SSP1-2.6,1
11,SSP1-2.6,1
11,SSP1-2.6,1
11,SSP1-2.6,1
11,SSP1-2.6,1
11,SSP1-2.6,1
11,SSP1-2.6,1
11,SSP1-2.6,2
11,SSP1-2.6,2
11,SSP1-2.6,2
11,SSP1-2.6,2
11,SSP1-2.6,2
11,SSP1-2.6,2
11,SSP1-2.6,2
11,SSP1-2.6,2
11,SSP1-2.6,2
11,SSP1-2.6,2
11,SSP1-2.6,2
11,SSP1-2.6,2
11,SSP1-2.6,2
11,SSP1-2.6,2
11,SSP1-2.6,2
11,SSP1-2.6,2
11,SSP1-2.6,2
11,SSP1-2.6,2
11,SSP1-2.6,2
11,SSP1-2.6,2
11,SSP1-2.6,2
11,SSP1-2.6,2
11,SSP1-2.6,2
11,SSP1-2.6,2
11,SSP1-2.6,2
11,SSP1-2.6,2
11,SSP1-2.6,2
11,SSP1-2.6,2
11,SSP1-2.6,2
11,SSP1-2.6,2
11,SSP1-2.6,2
11,SSP1-2.6,2
11,SSP1-2.6,2
11,SSP1-2.6,2
11,SSP1-2.6,2
11,SSP1-2.6,2
11,SSP1-2.6,2
11,SSP1-2.6,2
11,SSP1-2.6,2
11,SSP1-2.6,2
11,SSP1-2.6,2
11,SSP1-2.6,2
11,SSP1-2.6,2
11,SSP1-2.6,2
11,SSP1-2.6,2
11,SSP1-2.6,2
11,SSP1-2.6,2
11,SSP1-2.6,2
11,SSP1-2.6,2
11,SSP1-2.6,2
11,SSP1-2.6,2
11,SSP1-2.6,2
11,SSP1-2.6,2
11,SSP1-2.6,2
11,SSP1-2.6,2
11,SSP1-2.6,2
11,SSP1-2.6,2
11,SSP1-2.6,2
11,SSP1-2.6,2
11,SSP1-2.6,2
11,SSP1-2.6,2
11,SSP1-2.6,2
11,SSP1-2.6,2
11,SSP1-2.6,2
11,SSP1-2.6,2
11,SSP1-2.6,2
11,SSP1-2.6,2
11,SSP1-2.6,2
11,SSP1-2.6,2
11,SSP1-2.6,2
11,SSP1-2.6,2
11,SSP1-2.6,2
11,SSP1-2.6,2
11,SSP1-2.6,2
11,SSP1-2.6,2
11,SSP1-2.6,3
11,SSP1-2.6,3
11,SSP1-2.6,3
11,SSP1-2.6,3
11,SSP1-2.6,3
11,SSP1-2.6,3
11,SSP1-2.6,3
11,SSP1-2.6,3
11,SSP1-2.6,3
11,SSP1-2.6,3
11,SSP1-2.6,3
11,SSP1-2.6,3
11,SSP1-2.6,3
11,SSP1-2.6,3
11,SSP1-2.6,3
11,SSP1-2.6,3
11,SSP2-4.5,1
11,SSP2-4.5,2
11,SSP2-4.5,2
11,SSP2-4.5,2
11,SSP2-4.5,2
11,SSP2-4.5,2
11,SSP2-4.5,2
11,SSP2-4.5,2
11,SSP2-4.5,2
11,SSP2-4.5,2
11,SSP2-4.5,2
11,SSP2-4.5,2
11,SSP2-4.5,2
11,SSP2-4.5,2
11,SSP2-4.5,2
11,SSP2-4.5,2
11,SSP2-4.5,2
11,SSP2-4.5,2
11,SSP2-4.5,2
11,SSP2-4.5,2
11,SSP2-4.5,2
11,SSP2-4.5,2
11,SSP2-4.5,2
11,SSP2-4.5,2
11,SSP2-4.5,2
11,SSP2-4.5,2
11,SSP2-4.5,2
11,SSP2-4.5,2
11,SSP2-4.5,2
11,SSP2-4.5,2
11,SSP2-4.5,2
11,SSP2-4.5,2
11,SSP2-4.5,2
11,SSP2-4.5,2
11,SSP2-4.5,2
11,SSP2-4.5,2
11,SSP2-4.5,2
11,SSP2-4.5,2
11,SSP2-4.5,2
11,SSP2-4.5,2
11,SSP2-4.5,2
11,SSP2-4.5,2
11,SSP2-4.5,2
11,SSP2-4.5,2
11,SSP2-4.5,2
11,SSP2-4.5,2
11,SSP2-4.5,3
11,SSP2-4.5,3
11,SSP2-4.5,3
11,SSP2-4.5,3
11,SSP2-4.5,3
11,SSP2-4.5,3
11,SSP2-4.5,3
11,SSP2-4.5,3
11,SSP2-4.5,3
11,SSP2-4.5,3
11,SSP2-4.5,3
11,SSP2-4.5,3
11,SSP2-4.5,3
11,SSP2-4.5,3
11,SSP2-4.5,3
11,SSP2-4.5,3
11,SSP2-4.5,3
11,SSP2-4.5,3
11,SSP2-4.5,3
11,SSP2-4.5,3
11,SSP2-4.5,3
11,SSP2-4.5,3
11,SSP2-4.5,3
11,SSP2-4.5,3
11,SSP2-4.5,3
11,SSP2-4.5,3
11,SSP2-4.5,3
11,SSP2-4.5,3
11,SSP2-4.5,3
11,SSP2-4.5,3
11,SSP2-4.5,3
11,SSP2-4.5,3
11,SSP2-4.5,3
11,SSP2-4.5,3
11,SSP2-4.5,3
11,SSP2-4.5,3
11,SSP2-4.5,3
11,SSP2-4.5,3
11,SSP2-4.5,3
11,SSP2-4.5,3
11,SSP2-4.5,3
11,SSP2-4.5,3
11,SSP2-4.5,4
11,SSP2-4.5,4
11,SSP2-4.5,4
11,SSP2-4.5,4
11,SSP2-4.5,4
11,SSP2-4.5,4
11,SSP2-4.5,4
11,SSP2-4.5,4
11,SSP2-4.5,4
11,SSP2-4.5,4
11,SSP2-4.5,4
11,SSP3-7.0,1
11,SSP3-7.0,1
11,SSP3-7.0,2
11,SSP3-7.0,2
11,SSP3-7.0,2
11,SSP3-7.0,2
11,SSP3-7.0,2
11,SSP3-7.0,2
11,SSP3-7.0,2
11,SSP3-7.0,2
11,SSP3-7.0,2
11,SSP3-7.0,2
11,SSP3-7.0,2
11,SSP3-7.0,2
11,SSP3-7.0,2
11,SSP3-7.0,2
11,SSP3-7.0,2
11,SSP3-7.0,2
11,SSP3-7.0,2
11,SSP3-7.0,2
11,SSP3-7.0,2
11,SSP3-7.0,2
11,SSP3-7.0,2
11,SSP3-7.0,2
11,SSP3-7.0,2
11,SSP3-7.0,2
11,SSP3-7.0,2
11,SSP3-7.0,2
11,SSP3-7.0,2
11,SSP3-7.0,2
11,SSP3-7.0,2
11,SSP3-7.0,2
11,SSP3-7.0,2
11,SSP3-7.0,2
11,SSP3-7.0,2
11,SSP3-7.0,2
11,SSP3-7.0,2
11,SSP3-7.0,2
11,SSP3-7.0,2
11,SSP3-7.0,3
11,SSP3-7.0,3
11,SSP3-7.0,3
11,SSP3-7.0,3
11,SSP3-7.0,3
11,SSP3-7.0,3
11,SSP3-7.0,3
11,SSP3-7.0,3
11,SSP3-7.0,3
11,SSP3-7.0,3
11,SSP3-7.0,3
11,SSP3-7.0,3
11,SSP3-7.0,3
11,SSP3-7.0,3
11,SSP3-7.0,3
11,SSP3-7.0,3
11,SSP3-7.0,3
11,SSP3-7.0,3
11,SSP3-7.0,3
11,SSP3-7.0,3
11,SSP3-7.0,3
11,SSP3-7.0,3
11,SSP3-7.0,3
11,SSP3-7.0,3
11,SSP3-7.0,3
11,SSP3-7.0,3
11,SSP3-7.0,3
11,SSP3-7.0,3
11,SSP3-7.0,3
11,SSP3-7.0,3
11,SSP3-7.0,3
11,SSP3-7.0,3
11,SSP3-7.0,3
11,SSP3-7.0,3
11,SSP3-7.0,3
11,SSP3-7.0,3
11,SSP3-7.0,4
11,SSP3-7.0,4
11,SSP3-7.0,4
11,SSP3-7.0,4
11,SSP3-7.0,4
11,SSP3-7.0,4
11,SSP3-7.0,4
11,SSP3-7.0,4
11,SSP3-7.0,4
11,SSP3-7.0,4
11,SSP3-7.0,4
11,SSP3-7.0,4
11,SSP3-7.0,4
11,SSP3-7.0,4
11,SSP3-7.0,4
11,SSP3-7.0,4
11,SSP3-7.0,4
11,SSP3-7.0,4
11,SSP3-7.0,4
11,SSP3-7.0,4
11,SSP3-7.0,4
11,SSP3-7.0,4
11,SSP3-7.0,4
11,SSP5-8.5,1
11,SSP5-8.5,1
11,SSP5-8.5,1
11,SSP5-8.5,2
11,SSP5-8.5,2
11,SSP5-8.5,2
11,SSP5-8.5,2
11,SSP5-8.5,2
11,SSP5-8.5,2
11,SSP5-8.5,2
11,SSP5-8.5,2
11,SSP5-8.5,2
11,SSP5-8.5,2
11,SSP5-8.5,2
11,SSP5-8.5,2
11,SSP5-8.5,2
11,SSP5-8.5,2
11,SSP5-8.5,2
11,SSP5-8.5,2
11,SSP5-8.5,2
11,SSP5-8.5,2
11,SSP5-8.5,2
11,SSP5-8.5,2
11,SSP5-8.5,2
11,SSP5-8.5,2
11,SSP5-8.5,2
11,SSP5-8.5,2
11,SSP5-8.5,2
11,SSP5-8.5,2
11,SSP5-8.5,3
11,SSP5-8.5,3
11,SSP5-8.5,3
11,SSP5-8.5,3
11,SSP5-8.5,3
11,SSP5-8.5,3
11,SSP5-8.5,3
11,SSP5-8.5,3
11,SSP5-8.5,3
11,SSP5-8.5,3
11,SSP5-8.5,3
11,SSP5-8.5,3
11,SSP5-8.5,3
11,SSP5-8.5,3
11,SSP5-8.5,3
11,SSP5-8.5,3
11,SSP5-8.5,3
11,SSP5-8.5,3
11,SSP5-8.5,3
11,SSP5-8.5,3
11,SSP5-8.5,3
11,SSP5-8.5,3
11,SSP5-8.5,3
11,SSP5-8.5,3
11,SSP5-8.5,3
11,SSP5-8.5,3
11,SSP5-8.5,3
11,SSP5-8.5,3
11,SSP5-8.5,3
11,SSP5-8.5,3
11,SSP5-8.5,3
11,SSP5-8.5,3
11,SSP5-8.5,3
11,SSP5-8.5,3
11,SSP5-8.5,4
11,SSP5-8.5,4
11,SSP5-8.5,4
11,SSP5-8.5,4
11,SSP5-8.5,4
11,SSP5-8.5,4
11,SSP5-8.5,4
11,SSP5-8.5,4
11,SSP5-8.5,4
11,SSP5-8.5,4
11,SSP5-8.5,4
11,SSP5-8.5,4
11,SSP5-8.5,4
11,SSP5-8.5,4
11,SSP5-8.5,4
11,SSP5-8.5,4
11,SSP5-8.5,4
11,SSP5-8.5,4
11,SSP5-8.5,4
11,SSP5-8.5,4
11,SSP5-8.5,4
11,SSP5-8.5,5
11,SSP5-8.5,5
11,SSP5-8.5,5
11,SSP5-8.5,5
11,SSP5-8.5,5
11,SSP5-8.5,5
11,SSP5-8.5,6
11,SSP5-8.5,6
11,SSP5-8.5,6
11,SSP5-8.5,6
11,SSP5-8.5,6
11,SSP5-8.5,6
11,SSP5-8.5,6
11,SSP5-8.5,6
12,SSP1-2.6,2
12,SSP1-2.6,2
12,SSP1-2.6,2
12,SSP1-2.6,2
12,SSP1-2.6,2
12,SSP1-2.6,2
12,SSP1-2.6,2
12,SSP1-2.6,2
12,SSP1-2.6,2
12,SSP1-2.6,2
12,SSP1-2.6,2
12,SSP1-2.6,2
12,SSP1-2.6,2
12,SSP1-2.6,2
12,SSP1-2.6,2
12,SSP1-2.6,2
12,SSP1-2.6,2
12,SSP1-2.6,2
12,SSP1-2.6,2
12,SSP1-2.6,2
12,SSP1-2.6,3
12,SSP1-2.6,3
12,SSP1-2.6,3
12,SSP1-2.6,3
12,SSP1-2.6,3
12,SSP1-2.6,3
12,SSP1-2.6,3
12,SSP1-2.6,3
12,SSP1-2.6,3
12,SSP1-2.6,3
12,SSP1-2.6,3
12,SSP1-2.6,3
12,SSP1-2.6,3
12,SSP1-2.6,3
12,SSP1-2.6,3
12,SSP1-2.6,3
12,SSP1-2.6,3
12,SSP1-2.6,3
12,SSP1-2.6,3
12,SSP1-2.6,3
12,SSP1-2.6,3
12,SSP1-2.6,3
12,SSP1-2.6,3
12,SSP1-2.6,3
12,SSP1-2.6,3
12,SSP1-2.6,3
12,SSP1-2.6,3
12,SSP1-2.6,3
12,SSP1-2.6,3
12,SSP1-2.6,3
12,SSP1-2.6,3
12,SSP1-2.6,3
12,SSP1-2.6,3
12,SSP1-2.6,3
12,SSP1-2.6,3
12,SSP1-2.6,3
12,SSP1-2.6,3
12,SSP1-2.6,3
12,SSP1-2.6,3
12,SSP1-2.6,3
12,SSP1-2.6,3
12,SSP1-2.6,3
12,SSP1-2.6,3
12,SSP1-2.6,4
12,SSP1-2.6,4
12,SSP1-2.6,4
12,SSP1-2.6,4
12,SSP1-2.6,4
12,SSP1-2.6,4
12,SSP1-2.6,4
12,SSP1-2.6,4
12,SSP1-2.6,4
12,SSP1-2.6,4
12,SSP1-2.6,4
12,SSP1-2.6,4
12,SSP1-2.6,4
12,SSP1-2.6,4
12,SSP1-2.6,4
12,SSP1-2.6,4
12,SSP1-2.6,4
12,SSP1-2.6,4
12,SSP1-2.6,4
12,SSP1-2.6,4
12,SSP1-2.6,4
12,SSP1-2.6,4
12,SSP1-2.6,5
12,SSP1-2.6,5
12,SSP1-2.6,5
12,SSP1-2.6,5
12,SSP1-2.6,5
12,SSP1-2.6,5
12,SSP1-2.6,5
12,SSP1-2.6,6
12,SSP1-2.6,6
12,SSP1-2.6,6
12,SSP1-2.6,6
12,SSP1-2.6,6
12,SSP2-4.5,2
12,SSP2-4.5,2
12,SSP2-4.5,2
12,SSP2-4.5,2
12,SSP2-4.5,2
12,SSP2-4.5,3
12,SSP2-4.5,3
12,SSP2-4.5,3
12,SSP2-4.5,3
12,SSP2-4.5,3
12,SSP2-4.5,3
12,SSP2-4.5,3
12,SSP2-4.5,3
12,SSP2-4.5,3
12,SSP2-4.5,3
12,SSP2-4.5,3
12,SSP2-4.5,3
12,SSP2-4.5,3
12,SSP2-4.5,3
12,SSP2-4.5,3
12,SSP2-4.5,3
12,SSP2-4.5,3
12,SSP2-4.5,3
12,SSP2-4.5,3
12,SSP2-4.5,4
12,SSP2-4.5,4
12,SSP2-4.5,4
12,SSP2-4.5,4
12,SSP2-4.5,4
12,SSP2-4.5,4
12,SSP2-4.5,4
12,SSP2-4.5,4
12,SSP2-4.5,4
12,SSP2-4.5,4
12,SSP2-4.5,4
12,SSP2-4.5,4
12,SSP2-4.5,4
12,SSP2-4.5,4
12,SSP2-4.5,4
12,SSP2-4.5,4
12,SSP2-4.5,4
12,SSP2-4.5,4
12,SSP2-4.5,4
12,SSP2-4.5,4
12,SSP2-4.5,4
12,SSP2-4.5,4
12,SSP2-4.5,4
12,SSP2-4.5,4
12,SSP2-4.5,4
12,SSP2-4.5,4
12,SSP2-4.5,4
12,SSP2-4.5,5
12,SSP2-4.5,5
12,SSP2-4.5,5
12,SSP2-4.5,5
12,SSP2-4.5,5
12,SSP2-4.5,5
12,SSP2-4.5,5
12,SSP2-4.5,5
12,SSP2-4.5,5
12,SSP2-4.5,5
12,SSP2-4.5,5
12,SSP2-4.5,5
12,SSP2-4.5,5
12,SSP2-4.5,5
12,SSP2-4.5,5
12,SSP2-4.5,6
12,SSP2-4.5,6
12,SSP2-4.5,6
12,SSP2-4.5,6
12,SSP2-4.5,6
12,SSP2-4.5,6
12,SSP2-4.5,6
12,SSP2-4.5,6
12,SSP2-4.5,6
12,SSP2-4.5,6
12,SSP2-4.5,6
12,SSP2-4.5,6
12,SSP2-4.5,6
12,SSP2-4.5,6
12,SSP2-4.5,6
12,SSP2-4.5,6
12,SSP2-4.5,6
12,SSP2-4.5,6
12,SSP2-4.5,6
12,SSP2-4.5,6
12,SSP2-4.5,6
12,SSP2-4.5,6
12,SSP2-4.5,6
12,SSP2-4.5,6
12,SSP2-4.5,6
12,SSP2-4.5,6
12,SSP2-4.5,6
12,SSP2-4.5,6
12,SSP2-4.5,6
12,SSP2-4.5,6
12,SSP2-4.5,6
12,SSP3-7.0,2
12,SSP3-7.0,2
12,SSP3-7.0,2
12,SSP3-7.0,2
12,SSP3-7.0,2
12,SSP3-7.0,3
12,SSP3-7.0,3
12,SSP3-7.0,3
12,SSP3-7.0,3
12,SSP3-7.0,3
12,SSP3-7.0,3
12,SSP3-7.0,3
12,SSP3-7.0,3
12,SSP3-7.0,3
12,SSP3-7.0,3
12,SSP3-7.0,3
12,SSP3-7.0,4
12,SSP3-7.0,4
12,SSP3-7.0,4
12,SSP3-7.0,4
12,SSP3-7.0,4
12,SSP3-7.0,4
12,SSP3-7.0,4
12,SSP3-7.0,4
12,SSP3-7.0,4
12,SSP3-7.0,4
12,SSP3-7.0,4
12,SSP3-7.0,4
12,SSP3-7.0,4
12,SSP3-7.0,4
12,SSP3-7.0,4
12,SSP3-7.0,4
12,SSP3-7.0,4
12,SSP3-7.0,4
12,SSP3-7.0,4
12,SSP3-7.0,4
12,SSP3-7.0,4
12,SSP3-7.0,5
12,SSP3-7.0,5
12,SSP3-7.0,5
12,SSP3-7.0,5
12,SSP3-7.0,5
12,SSP3-7.0,5
12,SSP3-7.0,5
12,SSP3-7.0,5
12,SSP3-7.0,5
12,SSP3-7.0,5
12,SSP3-7.0,5
12,SSP3-7.0,5
12,SSP3-7.0,5
12,SSP3-7.0,5
12,SSP3-7.0,5
12,SSP3-7.0,5
12,SSP3-7.0,5
12,SSP3-7.0,6
12,SSP3-7.0,6
12,SSP3-7.0,6
12,SSP3-7.0,6
12,SSP3-7.0,6
12,SSP3-7.0,6
12,SSP3-7.0,6
12,SSP3-7.0,6
12,SSP3-7.0,6
12,SSP3-7.0,6
12,SSP3-7.0,6
12,SSP3-7.0,6
12,SSP3-7.0,6
12,SSP3-7.0,6
12,SSP3-7.0,6
12,SSP3-7.0,6
12,SSP3-7.0,6
12,SSP3-7.0,6
12,SSP3-7.0,6
12,SSP3-7.0,6
12,SSP3-7.0,6
12,SSP3-7.0,6
12,SSP3-7.0,6
12,SSP3-7.0,6
12,SSP3-7.0,6
12,SSP3-7.0,6
12,SSP3-7.0,6
12,SSP3-7.0,6
12,SSP3-7.0,6
12,SSP3-7.0,6
12,SSP3-7.0,6
12,SSP3-7.0,6
12,SSP3-7.0,6
12,SSP3-7.0,6
12,SSP3-7.0,6
12,SSP3-7.0,6
12,SSP3-7.0,6
12,SSP3-7.0,6
12,SSP3-7.0,6
12,SSP3-7.0,6
12,SSP3-7.0,6
12,SSP3-7.0,6
12,SSP3-7.0,6
12,SSP5-8.5,2
12,SSP5-8.5,2
12,SSP5-8.5,2
12,SSP5-8.5,3
12,SSP5-8.5,3
12,SSP5-8.5,3
12,SSP5-8.5,3
12,SSP5-8.5,3
12,SSP5-8.5,3
12,SSP5-8.5,4
12,SSP5-8.5,4
12,SSP5-8.5,4
12,SSP5-8.5,4
12,SSP5-8.5,4
12,SSP5-8.5,4
12,SSP5-8.5,4
12,SSP5-8.5,4
12,SSP5-8.5,4
12,SSP5-8.5,4
12,SSP5-8.5,4
12,SSP5-8.5,4
12,SSP5-8.5,5
12,SSP5-8.5,5
12,SSP5-8.5,5
12,SSP5-8.5,5
12,SSP5-8.5,5
12,SSP5-8.5,5
12,SSP5-8.5,5
12,SSP5-8.5,5
12,SSP5-8.5,5
12,SSP5-8.5,5
12,SSP5-8.5,5
12,SSP5-8.5,5
12,SSP5-8.5,5
12,SSP5-8.5,5
12,SSP5-8.5,5
12,SSP5-8.5,5
12,SSP5-8.5,5
12,SSP5-8.5,5
12,SSP5-8.5,6
12,SSP5-8.5,6
12,SSP5-8.5,6
12,SSP5-8.5,6
12,SSP5-8.5,6
12,SSP5-8.5,6
12,SSP5-8.5,6
12,SSP5-8.5,6
12,SSP5-8.5,6
12,SSP5-8.5,6
12,SSP5-8.5,6
12,SSP5-8.5,6
12,SSP5-8.5,6
12,SSP5-8.5,6
12,SSP5-8.5,6
12,SSP5-8.5,6
12,SSP5-8.5,6
12,SSP5-8.5,6
12,SSP5-8.5,6
12,SSP5-8.5,6
12,SSP5-8.5,6
12,SSP5-8.5,6
12,SSP5-8.5,6
12,SSP5-8.5,6
12,SSP5-8.5,6
12,SSP5-8.5,6
12,SSP5-8.5,6
12,SSP5-8.5,6
12,SSP5-8.5,6
12,SSP5-8.5,6
12,SSP5-8.5,6
12,SSP5-8.5,6
12,SSP5-8.5,6
12,SSP5-8.5,6
12,SSP5-8.5,6
12,SSP5-8.5,6
12,SSP5-8.5,6
12,SSP5-8.5,6
12,SSP5-8.5,6
12,SSP5-8.5,6
12,SSP5-8.5,6
12,SSP5-8.5,6
12,SSP5-8.5,6
12,SSP5-8.5,6
12,SSP5-8.5,6
12,SSP5-8.5,6
12,SSP5-8.5,6
12,SSP5-8.5,6
12,SSP5-8.5,6
12,SSP5-8.5,6
12,SSP5-8.5,6
12,SSP5-8.5,6
12,SSP5-8.5,6
12,SSP5-8.5,6
12,SSP5-8.5,6
12,SSP5-8.5,6
12,SSP5-8.5,6
12,SSP5-8.5,6
13,SSP1-2.6,2
13,SSP1-2.6,2
13,SSP1-2.6,2
13,SSP1-2.6,2
13,SSP1-2.6,2
13,SSP1-2.6,2
13,SSP1-2.6,2
13,SSP1-2.6,2
13,SSP1-2.6,2
13,SSP1-2.6,2
13,SSP1-2.6,2
13,SSP1-2.6,2
13,SSP1-2.6,2
13,SSP1-2.6,2
13,SSP1-2.6,2
13,SSP1-2.6,2
13,SSP1-2.6,2
13,SSP1-2.6,2
13,SSP1-2.6,2
13,SSP1-2.6,2
13,SSP1-2.6,2
13,SSP1-2.6,2
13,SSP1-2.6,2
13,SSP1-2.6,2
13,SSP1-2.6,2
13,SSP1-2.6,2
13,SSP1-2.6,2
13,SSP1-2.6,2
13,SSP1-2.6,2
13,SSP1-2.6,2
13,SSP1-2.6,2
13,SSP1-2.6,2
13,SSP1-2.6,2
13,SSP1-2.6,2
13,SSP1-2.6,2
13,SSP1-2.6,2
13,SSP1-2.6,2
13,SSP1-2.6,2
13,SSP1-2.6,2
13,SSP1-2.6,2
13,SSP1-2.6,2
13,SSP1-2.6,2
13,SSP1-2.6,2
13,SSP1-2.6,2
13,SSP1-2.6,3
13,SSP1-2.6,3
13,SSP1-2.6,3
13,SSP1-2.6,3
13,SSP1-2.6,3
13,SSP1-2.6,3
13,SSP1-2.6,3
13,SSP1-2.6,3
13,SSP1-2.6,3
13,SSP1-2.6,3
13,SSP1-2.6,3
13,SSP1-2.6,3
13,SSP1-2.6,3
13,SSP1-2.6,3
13,SSP1-2.6,3
13,SSP1-2.6,3
13,SSP1-2.6,3
13,SSP1-2.6,3
13,SSP1-2.6,3
13,SSP1-2.6,3
13,SSP1-2.6,3
13,SSP1-2.6,3
13,SSP1-2.6,3
13,SSP1-2.6,3
13,SSP1-2.6,3
13,SSP1-2.6,3
13,SSP1-2.6,3
13,SSP1-2.6,3
13,SSP1-2.6,3
13,SSP1-2.6,3
13,SSP1-2.6,3
13,SSP1-2.6,3
13,SSP1-2.6,3
13,SSP1-2.6,3
13,SSP1-2.6,3
13,SSP1-2.6,3
13,SSP1-2.6,4
13,SSP1-2.6,4
13,SSP1-2.6,4
13,SSP1-2.6,4
13,SSP1-2.6,4
13,SSP1-2.6,4
13,SSP1-2.6,4
13,SSP1-2.6,4
13,SSP1-2.6,4
13,SSP1-2.6,4
13,SSP1-2.6,4
13,SSP1-2.6,4
13,SSP1-2.6,4
13,SSP1-2.6,4
13,SSP1-2.6,4
13,SSP1-2.6,4
13,SSP1-2.6,4
13,SSP1-2.6,5
13,SSP2-4.5,2
13,SSP2-4.5,2
13,SSP2-4.5,2
13,SSP2-4.5,2
13,SSP2-4.5,2
13,SSP2-4.5,2
13,SSP2-4.5,2
13,SSP2-4.5,2
13,SSP2-4.5,3
13,SSP2-4.5,3
13,SSP2-4.5,3
13,SSP2-4.5,3
13,SSP2-4.5,3
13,SSP2-4.5,3
13,SSP2-4.5,3
13,SSP2-4.5,3
13,SSP2-4.5,3
13,SSP2-4.5,3
13,SSP2-4.5,3
13,SSP2-4.5,3
13,SSP2-4.5,3
13,SSP2-4.5,3
13,SSP2-4.5,3
13,SSP2-4.5,3
13,SSP2-4.5,3
13,SSP2-4.5,3
13,SSP2-4.5,3
13,SSP2-4.5,3
13,SSP2-4.5,3
13,SSP2-4.5,3
13,SSP2-4.5,3
13,SSP2-4.5,3
13,SSP2-4.5,3
13,SSP2-4.5,3
13,SSP2-4.5,3
13,SSP2-4.5,3
13,SSP2-4.5,3
13,SSP2-4.5,3
13,SSP2-4.5,3
13,SSP2-4.5,3
13,SSP2-4.5,3
13,SSP2-4.5,3
13,SSP2-4.5,3
13,SSP2-4.5,3
13,SSP2-4.5,3
13,SSP2-4.5,3
13,SSP2-4.5,4
13,SSP2-4.5,4
13,SSP2-4.5,4
13,SSP2-4.5,4
13,SSP2-4.5,4
13,SSP2-4.5,4
13,SSP2-4.5,4
13,SSP2-4.5,4
13,SSP2-4.5,4
13,SSP2-4.5,4
13,SSP2-4.5,4
13,SSP2-4.5,4
13,SSP2-4.5,5
13,SSP2-4.5,5
13,SSP2-4.5,5
13,SSP2-4.5,5
13,SSP2-4.5,6
13,SSP2-4.5,6
13,SSP2-4.5,6
13,SSP2-4.5,6
13,SSP2-4.5,6
13,SSP2-4.5,6
13,SSP2-4.5,6
13,SSP2-4.5,6
13,SSP2-4.5,6
13,SSP2-4.5,6
13,SSP2-4.5,6
13,SSP2-4.5,6
13,SSP2-4.5,6
13,SSP2-4.5,6
13,SSP2-4.5,6
13,SSP2-4.5,6
13,SSP2-4.5,6
13,SSP2-4.5,6
13,SSP2-4.5,6
13,SSP2-4.5,6
13,SSP2-4.5,6
13,SSP2-4.5,6
13,SSP2-4.5,6
13,SSP2-4.5,6
13,SSP2-4.5,6
13,SSP2-4.5,6
13,SSP2-4.5,6
13,SSP2-4.5,6
13,SSP2-4.5,6
13,SSP2-4.5,6
13,SSP2-4.5,6
13,SSP2-4.5,6
13,SSP2-4.5,6
13,SSP2-4.5,6
13,SSP2-4.5,6
13,SSP2-4.5,6
13,SSP3-7.0,2
13,SSP3-7.0,2
13,SSP3-7.0,2
13,SSP3-7.0,3
13,SSP3-7.0,3
13,SSP3-7.0,3
13,SSP3-7.0,3
13,SSP3-7.0,3
13,SSP3-7.0,3
13,SSP3-7.0,3
13,SSP3-7.0,3
13,SSP3-7.0,3
13,SSP3-7.0,4
13,SSP3-7.0,4
13,SSP3-7.0,4
13,SSP3-7.0,4
13,SSP3-7.0,4
13,SSP3-7.0,4
13,SSP3-7.0,4
13,SSP3-7.0,4
13,SSP3-7.0,4
13,SSP3-7.0,4
13,SSP3-7.0,4
13,SSP3-7.0,4
13,SSP3-7.0,4
13,SSP3-7.0,4
13,SSP3-7.0,4
13,SSP3-7.0,4
13,SSP3-7.0,4
13,SSP3-7.0,4
13,SSP3-7.0,4
13,SSP3-7.0,4
13,SSP3-7.0,4
13,SSP3-7.0,4
13,SSP3-7.0,4
13,SSP3-7.0,4
13,SSP3-7.0,4
13,SSP3-7.0,4
13,SSP3-7.0,4
13,SSP3-7.0,4
13,SSP3-7.0,4
13,SSP3-7.0,4
13,SSP3-7.0,4
13,SSP3-7.0,4
13,SSP3-7.0,4
13,SSP3-7.0,5
13,SSP3-7.0,5
13,SSP3-7.0,5
13,SSP3-7.0,5
13,SSP3-7.0,5
13,SSP3-7.0,5
13,SSP3-7.0,5
13,SSP3-7.0,5
13,SSP3-7.0,6
13,SSP3-7.0,6
13,SSP3-7.0,6
13,SSP3-7.0,6
13,SSP3-7.0,6
13,SSP3-7.0,6
13,SSP3-7.0,6
13,SSP3-7.0,6
13,SSP3-7.0,6
13,SSP3-7.0,6
13,SSP3-7.0,6
13,SSP3-7.0,6
13,SSP3-7.0,6
13,SSP3-7.0,6
13,SSP3-7.0,6
13,SSP3-7.0,6
13,SSP3-7.0,6
13,SSP3-7.0,6
13,SSP3-7.0,6
13,SSP3-7.0,6
13,SSP3-7.0,6
13,SSP3-7.0,6
13,SSP3-7.0,6
13,SSP3-7.0,6
13,SSP3-7.0,6
13,SSP3-7.0,6
13,SSP3-7.0,6
13,SSP3-7.0,6
13,SSP3-7.0,6
13,SSP3-7.0,6
13,SSP3-7.0,6
13,SSP3-7.0,6
13,SSP3-7.0,6
13,SSP3-7.0,6
13,SSP3-7.0,6
13,SSP3-7.0,6
13,SSP3-7.0,6
13,SSP3-7.0,6
13,SSP3-7.0,6
13,SSP3-7.0,6
13,SSP3-7.0,6
13,SSP3-7.0,6
13,SSP3-7.0,6
13,SSP3-7.0,6
13,SSP5-8.5,2
13,SSP5-8.5,2
13,SSP5-8.5,3
13,SSP5-8.5,3
13,SSP5-8.5,3
13,SSP5-8.5,3
13,SSP5-8.5,3
13,SSP5-8.5,3
13,SSP5-8.5,3
13,SSP5-8.5,3
13,SSP5-8.5,3
13,SSP5-8.5,3
13,SSP5-8.5,4
13,SSP5-8.5,4
13,SSP5-8.5,4
13,SSP5-8.5,4
13,SSP5-8.5,4
13,SSP5-8.5,4
13,SSP5-8.5,4
13,SSP5-8.5,4
13,SSP5-8.5,4
13,SSP5-8.5,4
13,SSP5-8.5,4
13,SSP5-8.5,4
13,SSP5-8.5,4
13,SSP5-8.5,4
13,SSP5-8.5,4
13,SSP5-8.5,4
13,SSP5-8.5,4
13,SSP5-8.5,4
13,SSP5-8.5,4
13,SSP5-8.5,4
13,SSP5-8.5,4
13,SSP5-8.5,4
13,SSP5-8.5,4
13,SSP5-8.5,4
13,SSP5-8.5,4
13,SSP5-8.5,5
13,SSP5-8.5,5
13,SSP5-8.5,5
13,SSP5-8.5,5
13,SSP5-8.5,5
13,SSP5-8.5,5
13,SSP5-8.5,5
13,SSP5-8.5,5
13,SSP5-8.5,5
13,SSP5-8.5,5
13,SSP5-8.5,5
13,SSP5-8.5,5
13,SSP5-8.5,5
13,SSP5-8.5,5
13,SSP5-8.5,5
13,SSP5-8.5,6
13,SSP5-8.5,6
13,SSP5-8.5,6
13,SSP5-8.5,6
13,SSP5-8.5,6
13,SSP5-8.5,6
13,SSP5-8.5,6
13,SSP5-8.5,6
13,SSP5-8.5,6
13,SSP5-8.5,6
13,SSP5-8.5,6
13,SSP5-8.5,6
13,SSP5-8.5,6
13,SSP5-8.5,6
13,SSP5-8.5,6
13,SSP5-8.5,6
13,SSP5-8.5,6
13,SSP5-8.5,6
13,SSP5-8.5,6
13,SSP5-8.5,6
13,SSP5-8.5,6
13,SSP5-8.5,6
13,SSP5-8.5,6
13,SSP5-8.5,6
13,SSP5-8.5,6
13,SSP5-8.5,6
13,SSP5-8.5,6
13,SSP5-8.5,6
13,SSP5-8.5,6
13,SSP5-8.5,6
13,SSP5-8.5,6
13,SSP5-8.5,6
13,SSP5-8.5,6
13,SSP5-8.5,6
13,SSP5-8.5,6
13,SSP5-8.5,6
13,SSP5-8.5,6
13,SSP5-8.5,6
13,SSP5-8.5,6
13,SSP5-8.5,6
13,SSP5-8.5,6
13,SSP5-8.5,6
13,SSP5-8.5,6
13,SSP5-8.5,6
13,SSP5-8.5,6
13,SSP5-8.5,6
14,SSP1-2.6,2
14,SSP1-2.6,2
14,SSP1-2.6,2
14,SSP1-2.6,2
14,SSP1-2.6,2
14,SSP1-2.6,2
14,SSP1-2.6,2
14,SSP1-2.6,2
14,SSP1-2.6,2
14,SSP1-2.6,2
14,SSP1-2.6,2
14,SSP1-2.6,2
14,SSP1-2.6,2
14,SSP1-2.6,2
14,SSP1-2.6,2
14,SSP1-2.6,2
14,SSP1-2.6,2
14,SSP1-2.6,2
14,SSP1-2.6,2
14,SSP1-2.6,2
14,SSP1-2.6,2
14,SSP1-2.6,2
14,SSP1-2.6,2
14,SSP1-2.6,2
14,SSP1-2.6,2
14,SSP1-2.6,2
14,SSP1-2.6,2
14,SSP1-2.6,2
14,SSP1-2.6,2
14,SSP1-2.6,2
14,SSP1-2.6,2
14,SSP1-2.6,2
14,SSP1-2.6,2
14,SSP1-2.6,2
14,SSP1-2.6,2
14,SSP1-2.6,2
14,SSP1-2.6,2
14,SSP1-2.6,2
14,SSP1-2.6,2
14,SSP1-2.6,2
14,SSP1-2.6,2
14,SSP1-2.6,2
14,SSP1-2.6,2
14,SSP1-2.6,2
14,SSP1-2.6,2
14,SSP1-2.6,2
14,SSP1-2.6,2
14,SSP1-2.6,2
14,SSP1-2.6,2
14,SSP1-2.6,3
14,SSP1-2.6,3
14,SSP1-2.6,3
14,SSP1-2.6,3
14,SSP1-2.6,3
14,SSP1-2.6,3
14,SSP1-2.6,3
14,SSP1-2.6,3
14,SSP1-2.6,3
14,SSP1-2.6,3
14,SSP1-2.6,3
14,SSP1-2.6,3
14,SSP1-2.6,3
14,SSP1-2.6,3
14,SSP1-2.6,3
14,SSP1-2.6,3
14,SSP1-2.6,3
14,SSP1-2.6,3
14,SSP1-2.6,3
14,SSP1-2.6,3
14,SSP1-2.6,3
14,SSP1-2.6,3
14,SSP1-2.6,3
14,SSP1-2.6,3
14,SSP1-2.6,3
14,SSP1-2.6,3
14,SSP1-2.6,3
14,SSP1-2.6,3
14,SSP1-2.6,3
14,SSP1-2.6,3
14,SSP1-2.6,3
14,SSP1-2.6,3
14,SSP1-2.6,3
14,SSP1-2.6,3
14,SSP1-2.6,3
14,SSP1-2.6,3
14,SSP1-2.6,3
14,SSP1-2.6,3
14,SSP1-2.6,3
14,SSP1-2.6,3
14,SSP1-2.6,4
14,SSP1-2.6,4
14,SSP1-2.6,4
14,SSP1-2.6,4
14,SSP1-2.6,4
14,SSP1-2.6,4
14,SSP1-2.6,4
14,SSP1-2.6,4
14,SSP1-2.6,5
14,SSP2-4.5,2
14,SSP2-4.5,2
14,SSP2-4.5,2
14,SSP2-4.5,2
14,SSP2-4.5,2
14,SSP2-4.5,2
14,SSP2-4.5,2
14,SSP2-4.5,2
14,SSP2-4.5,2
14,SSP2-4.5,2
14,SSP2-4.5,2
14,SSP2-4.5,2
14,SSP2-4.5,2
14,SSP2-4.5,2
14,SSP2-4.5,3
14,SSP2-4.5,3
14,SSP2-4.5,3
14,SSP2-4.5,3
14,SSP2-4.5,3
14,SSP2-4.5,3
14,SSP2-4.5,3
14,SSP2-4.5,3
14,SSP2-4.5,3
14,SSP2-4.5,3
14,SSP2-4.5,3
14,SSP2-4.5,3
14,SSP2-4.5,3
14,SSP2-4.5,3
14,SSP2-4.5,3
14,SSP2-4.5,3
14,SSP2-4.5,3
14,SSP2-4.5,3
14,SSP2-4.5,3
14,SSP2-4.5,3
14,SSP2-4.5,3
14,SSP2-4.5,3
14,SSP2-4.5,3
14,SSP2-4.5,3
14,SSP2-4.5,3
14,SSP2-4.5,3
14,SSP2-4.5,3
14,SSP2-4.5,3
14,SSP2-4.5,3
14,SSP2-4.5,3
14,SSP2-4.5,3
14,SSP2-4.5,3
14,SSP2-4.5,3
14,SSP2-4.5,3
14,SSP2-4.5,3
14,SSP2-4.5,4
14,SSP2-4.5,4
14,SSP2-4.5,4
14,SSP2-4.5,4
14,SSP2-4.5,4
14,SSP2-4.5,4
14,SSP2-4.5,4
14,SSP2-4.5,4
14,SSP2-4.5,4
14,SSP2-4.5,4
14,SSP2-4.5,4
14,SSP2-4.5,4
14,SSP2-4.5,4
14,SSP2-4.5,4
14,SSP2-4.5,4
14,SSP2-4.5,4
14,SSP2-4.5,4
14,SSP2-4.5,4
14,SSP2-4.5,4
14,SSP2-4.5,4
14,SSP2-4.5,4
14,SSP2-4.5,4
14,SSP2-4.5,4
14,SSP2-4.5,4
14,SSP2-4.5,4
14,SSP2-4.5,4
14,SSP2-4.5,4
14,SSP2-4.5,4
14,SSP2-4.5,5
14,SSP2-4.5,5
14,SSP2-4.5,5
14,SSP2-4.5,5
14,SSP2-4.5,5
14,SSP2-4.5,5
14,SSP2-4.5,5
14,SSP2-4.5,6
14,SSP2-4.5,6
14,SSP2-4.5,6
14,SSP2-4.5,6
14,SSP2-4.5,6
14,SSP2-4.5,6
14,SSP2-4.5,6
14,SSP2-4.5,6
14,SSP2-4.5,6
14,SSP2-4.5,6
14,SSP2-4.5,6
14,SSP2-4.5,6
14,SSP2-4.5,6
14,SSP3-7.0,1
14,SSP3-7.0,2
14,SSP3-7.0,2
14,SSP3-7.0,2
14,SSP3-7.0,2
14,SSP3-7.0,2
14,SSP3-7.0,2
14,SSP3-7.0,2
14,SSP3-7.0,2
14,SSP3-7.0,3
14,SSP3-7.0,3
14,SSP3-7.0,3
14,SSP3-7.0,3
14,SSP3-7.0,3
14,SSP3-7.0,3
14,SSP3-7.0,3
14,SSP3-7.0,3
14,SSP3-7.0,3
14,SSP3-7.0,3
14,SSP3-7.0,3
14,SSP3-7.0,3
14,SSP3-7.0,3
14,SSP3-7.0,3
14,SSP3-7.0,3
14,SSP3-7.0,3
14,SSP3-7.0,3
14,SSP3-7.0,3
14,SSP3-7.0,3
14,SSP3-7.0,3
14,SSP3-7.0,3
14,SSP3-7.0,3
14,SSP3-7.0,3
14,SSP3-7.0,3
14,SSP3-7.0,3
14,SSP3-7.0,3
14,SSP3-7.0,3
14,SSP3-7.0,3
14,SSP3-7.0,3
14,SSP3-7.0,3
14,SSP3-7.0,3
14,SSP3-7.0,3
14,SSP3-7.0,3
14,SSP3-7.0,3
14,SSP3-7.0,3
14,SSP3-7.0,4
14,SSP3-7.0,4
14,SSP3-7.0,4
14,SSP3-7.0,4
14,SSP3-7.0,4
14,SSP3-7.0,4
14,SSP3-7.0,4
14,SSP3-7.0,4
14,SSP3-7.0,4
14,SSP3-7.0,4
14,SSP3-7.0,4
14,SSP3-7.0,4
14,SSP3-7.0,4
14,SSP3-7.0,4
14,SSP3-7.0,4
14,SSP3-7.0,4
14,SSP3-7.0,4
14,SSP3-7.0,4
14,SSP3-7.0,4
14,SSP3-7.0,4
14,SSP3-7.0,4
14,SSP3-7.0,4
14,SSP3-7.0,4
14,SSP3-7.0,4
14,SSP3-7.0,4
14,SSP3-7.0,4
14,SSP3-7.0,5
14,SSP3-7.0,5
14,SSP3-7.0,5
14,SSP3-7.0,5
14,SSP3-7.0,5
14,SSP3-7.0,5
14,SSP3-7.0,5
14,SSP3-7.0,5
14,SSP3-7.0,6
14,SSP3-7.0,6
14,SSP3-7.0,6
14,SSP3-7.0,6
14,SSP3-7.0,6
14,SSP3-7.0,6
14,SSP3-7.0,6
14,SSP3-7.0,6
14,SSP3-7.0,6
14,SSP3-7.0,6
14,SSP3-7.0,6
14,SSP3-7.0,6
14,SSP3-7.0,6
14,SSP3-7.0,6
14,SSP3-7.0,6
14,SSP3-7.0,6
14,SSP3-7.0,6
14,SSP3-7.0,6
14,SSP3-7.0,6
14,SSP5-8.5,2
14,SSP5-8.5,2
14,SSP5-8.5,2
14,SSP5-8.5,2
14,SSP5-8.5,2
14,SSP5-8.5,2
14,SSP5-8.5,2
14,SSP5-8.5,2
14,SSP5-8.5,3
14,SSP5-8.5,3
14,SSP5-8.5,3
14,SSP5-8.5,3
14,SSP5-8.5,3
14,SSP5-8.5,3
14,SSP5-8.5,3
14,SSP5-8.5,3
14,SSP5-8.5,3
14,SSP5-8.5,3
14,SSP5-8.5,4
14,SSP5-8.5,4
14,SSP5-8.5,4
14,SSP5-8.5,4
14,SSP5-8.5,4
14,SSP5-8.5,4
14,SSP5-8.5,4
14,SSP5-8.5,4
14,SSP5-8.5,4
14,SSP5-8.5,4
14,SSP5-8.5,4
14,SSP5-8.5,4
14,SSP5-8.5,4
14,SSP5-8.5,4
14,SSP5-8.5,4
14,SSP5-8.5,4
14,SSP5-8.5,4
14,SSP5-8.5,4
14,SSP5-8.5,4
14,SSP5-8.5,4
14,SSP5-8.5,4
14,SSP5-8.5,4
14,SSP5-8.5,5
14,SSP5-8.5,5
14,SSP5-8.5,5
14,SSP5-8.5,5
14,SSP5-8.5,5
14,SSP5-8.5,5
14,SSP5-8.5,5
14,SSP5-8.5,5
14,SSP5-8.5,5
14,SSP5-8.5,5
14,SSP5-8.5,5
14,SSP5-8.5,5
14,SSP5-8.5,5
14,SSP5-8.5,5
14,SSP5-8.5,5
14,SSP5-8.5,5
14,SSP5-8.5,5
14,SSP5-8.5,5
14,SSP5-8.5,5
14,SSP5-8.5,5
14,SSP5-8.5,6
14,SSP5-8.5,6
14,SSP5-8.5,6
14,SSP5-8.5,6
14,SSP5-8.5,6
14,SSP5-8.5,6
14,SSP5-8.5,6
14,SSP5-8.5,6
14,SSP5-8.5,6
14,SSP5-8.5,6
14,SSP5-8.5,6
14,SSP5-8.5,6
14,SSP5-8.5,6
14,SSP5-8.5,6
14,SSP5-8.5,6
14,SSP5-8.5,6
14,SSP5-8.5,6
14,SSP5-8.5,6
14,SSP5-8.5,6
14,SSP5-8.5,6
14,SSP5-8.5,6
14,SSP5-8.5,6
14,SSP5-8.5,6
14,SSP5-8.5,6
14,SSP5-8.5,6
14,SSP5-8.5,6
14,SSP5-8.5,6
14,SSP5-8.5,6
14,SSP5-8.5,6
14,SSP5-8.5,6
14,SSP5-8.5,6
14,SSP5-8.5,6
14,SSP5-8.5,6
14,SSP5-8.5,6
14,SSP5-8.5,6
14,SSP5-8.5,6
14,SSP5-8.5,6
15,SSP1-2.6,1
15,SSP1-2.6,1
15,SSP1-2.6,1
15,SSP1-2.6,1
15,SSP1-2.6,1
15,SSP1-2.6,1
15,SSP1-2.6,1
15,SSP1-2.6,1
15,SSP1-2.6,1
15,SSP1-2.6,1
15,SSP1-2.6,1
15,SSP1-2.6,1
15,SSP1-2.6,1
15,SSP1-2.6,1
15,SSP1-2.6,1
15,SSP1-2.6,1
15,SSP1-2.6,1
15,SSP1-2.6,1
15,SSP1-2.6,1
15,SSP1-2.6,1
15,SSP1-2.6,1
15,SSP1-2.6,1
15,SSP1-2.6,1
15,SSP1-2.6,1
15,SSP1-2.6,1
15,SSP1-2.6,1
15,SSP1-2.6,1
15,SSP1-2.6,1
15,SSP1-2.6,1
15,SSP1-2.6,1
15,SSP1-2.6,2
15,SSP1-2.6,2
15,SSP1-2.6,2
15,SSP1-2.6,2
15,SSP1-2.6,2
15,SSP1-2.6,2
15,SSP1-2.6,2
15,SSP1-2.6,2
15,SSP1-2.6,2
15,SSP1-2.6,2
15,SSP1-2.6,2
15,SSP1-2.6,2
15,SSP1-2.6,2
15,SSP1-2.6,2
15,SSP1-2.6,2
15,SSP1-2.6,2
15,SSP1-2.6,2
15,SSP1-2.6,2
15,SSP1-2.6,2
15,SSP1-2.6,2
15,SSP1-2.6,2
15,SSP1-2.6,2
15,SSP1-2.6,2
15,SSP1-2.6,2
15,SSP1-2.6,2
15,SSP1-2.6,2
15,SSP1-2.6,2
15,SSP1-2.6,2
15,SSP1-2.6,2
15,SSP1-2.6,2
15,SSP1-2.6,2
15,SSP1-2.6,2
15,SSP1-2.6,2
15,SSP1-2.6,2
15,SSP1-2.6,2
15,SSP1-2.6,2
15,SSP1-2.6,2
15,SSP1-2.6,2
15,SSP1-2.6,3
15,SSP1-2.6,3
15,SSP1-2.6,3
15,SSP1-2.6,3
15,SSP1-2.6,3
15,SSP1-2.6,3
15,SSP1-2.6,3
15,SSP1-2.6,3
15,SSP1-2.6,3
15,SSP1-2.6,3
15,SSP1-2.6,3
15,SSP1-2.6,3
15,SSP1-2.6,3
15,SSP1-2.6,3
15,SSP1-2.6,3
15,SSP1-2.6,3
15,SSP1-2.6,3
15,SSP1-2.6,3
15,SSP1-2.6,3
15,SSP1-2.6,3
15,SSP1-2.6,3
15,SSP1-2.6,3
15,SSP1-2.6,3
15,SSP1-2.6,3
15,SSP1-2.6,3
15,SSP1-2.6,4
15,SSP1-2.6,4
15,SSP1-2.6,4
15,SSP1-2.6,4
15,SSP1-2.6,4
15,SSP2-4.5,1
15,SSP2-4.5,1
15,SSP2-4.5,1
15,SSP2-4.5,1
15,SSP2-4.5,1
15,SSP2-4.5,1
15,SSP2-4.5,1
15,SSP2-4.5,1
15,SSP2-4.5,1
15,SSP2-4.5,1
15,SSP2-4.5,1
15,SSP2-4.5,1
15,SSP2-4.5,1
15,SSP2-4.5,1
15,SSP2-4.5,1
15,SSP2-4.5,1
15,SSP2-4.5,1
15,SSP2-4.5,1
15,SSP2-4.5,2
15,SSP2-4.5,2
15,SSP2-4.5,2
15,SSP2-4.5,2
15,SSP2-4.5,2
15,SSP2-4.5,2
15,SSP2-4.5,2
15,SSP2-4.5,2
15,SSP2-4.5,2
15,SSP2-4.5,2
15,SSP2-4.5,2
15,SSP2-4.5,2
15,SSP2-4.5,2
15,SSP2-4.5,2
15,SSP2-4.5,2
15,SSP2-4.5,2
15,SSP2-4.5,2
15,SSP2-4.5,2
15,SSP2-4.5,2
15,SSP2-4.5,2
15,SSP2-4.5,2
15,SSP2-4.5,3
15,SSP2-4.5,3
15,SSP2-4.5,3
15,SSP2-4.5,3
15,SSP2-4.5,3
15,SSP2-4.5,3
15,SSP2-4.5,3
15,SSP2-4.5,3
15,SSP2-4.5,3
15,SSP2-4.5,3
15,SSP2-4.5,3
15,SSP2-4.5,3
15,SSP2-4.5,3
15,SSP2-4.5,3
15,SSP2-4.5,3
15,SSP2-4.5,3
15,SSP2-4.5,3
15,SSP2-4.5,3
15,SSP2-4.5,3
15,SSP2-4.5,3
15,SSP2-4.5,3
15,SSP2-4.5,3
15,SSP2-4.5,3
15,SSP2-4.5,3
15,SSP2-4.5,3
15,SSP2-4.5,3
15,SSP2-4.5,3
15,SSP2-4.5,3
15,SSP2-4.5,3
15,SSP2-4.5,3
15,SSP2-4.5,3
15,SSP2-4.5,3
15,SSP2-4.5,3
15,SSP2-4.5,3
15,SSP2-4.5,3
15,SSP2-4.5,3
15,SSP2-4.5,3
15,SSP2-4.5,4
15,SSP2-4.5,4
15,SSP2-4.5,4
15,SSP2-4.5,4
15,SSP2-4.5,4
15,SSP2-4.5,4
15,SSP2-4.5,4
15,SSP2-4.5,4
15,SSP2-4.5,5
15,SSP2-4.5,5
15,SSP2-4.5,5
15,SSP2-4.5,5
15,SSP2-4.5,5
15,SSP2-4.5,5
15,SSP2-4.5,5
15,SSP2-4.5,6
15,SSP2-4.5,6
15,SSP2-4.5,6
15,SSP2-4.5,6
15,SSP2-4.5,6
15,SSP2-4.5,6
15,SSP3-7.0,1
15,SSP3-7.0,1
15,SSP3-7.0,1
15,SSP3-7.0,1
15,SSP3-7.0,1
15,SSP3-7.0,1
15,SSP3-7.0,1
15,SSP3-7.0,1
15,SSP3-7.0,1
15,SSP3-7.0,1
15,SSP3-7.0,1
15,SSP3-7.0,1
15,SSP3-7.0,1
15,SSP3-7.0,1
15,SSP3-7.0,1
15,SSP3-7.0,1
15,SSP3-7.0,1
15,SSP3-7.0,1
15,SSP3-7.0,1
15,SSP3-7.0,1
15,SSP3-7.0,1
15,SSP3-7.0,1
15,SSP3-7.0,1
15,SSP3-7.0,1
15,SSP3-7.0,1
15,SSP3-7.0,1
15,SSP3-7.0,1
15,SSP3-7.0,1
15,SSP3-7.0,1
15,SSP3-7.0,1
15,SSP3-7.0,2
15,SSP3-7.0,2
15,SSP3-7.0,2
15,SSP3-7.0,2
15,SSP3-7.0,2
15,SSP3-7.0,2
15,SSP3-7.0,2
15,SSP3-7.0,2
15,SSP3-7.0,2
15,SSP3-7.0,3
15,SSP3-7.0,3
15,SSP3-7.0,3
15,SSP3-7.0,4
15,SSP3-7.0,4
15,SSP3-7.0,4
15,SSP3-7.0,4
15,SSP3-7.0,4
15,SSP3-7.0,4
15,SSP3-7.0,4
15,SSP3-7.0,4
15,SSP3-7.0,4
15,SSP3-7.0,4
15,SSP3-7.0,4
15,SSP3-7.0,4
15,SSP3-7.0,4
15,SSP3-7.0,4
15,SSP3-7.0,4
15,SSP3-7.0,4
15,SSP3-7.0,4
15,SSP3-7.0,4
15,SSP3-7.0,4
15,SSP3-7.0,4
15,SSP3-7.0,4
15,SSP3-7.0,5
15,SSP3-7.0,5
15,SSP3-7.0,5
15,SSP3-7.0,5
15,SSP3-7.0,5
15,SSP3-7.0,5
15,SSP3-7.0,5
15,SSP3-7.0,5
15,SSP3-7.0,5
15,SSP3-7.0,5
15,SSP3-7.0,5
15,SSP3-7.0,5
15,SSP3-7.0,6
15,SSP3-7.0,6
15,SSP3-7.0,6
15,SSP3-7.0,6
15,SSP3-7.0,6
15,SSP3-7.0,6
15,SSP3-7.0,6
15,SSP3-7.0,6
15,SSP3-7.0,6
15,SSP3-7.0,6
15,SSP3-7.0,6
15,SSP3-7.0,6
15,SSP3-7.0,6
15,SSP3-7.0,6
15,SSP3-7.0,6
15,SSP3-7.0,6
15,SSP3-7.0,6
15,SSP3-7.0,6
15,SSP3-7.0,6
15,SSP3-7.0,6
15,SSP3-7.0,6
15,SSP5-8.5,1
15,SSP5-8.5,1
15,SSP5-8.5,1
15,SSP5-8.5,1
15,SSP5-8.5,1
15,SSP5-8.5,1
15,SSP5-8.5,1
15,SSP5-8.5,1
15,SSP5-8.5,1
15,SSP5-8.5,1
15,SSP5-8.5,1
15,SSP5-8.5,2
15,SSP5-8.5,2
15,SSP5-8.5,2
15,SSP5-8.5,2
15,SSP5-8.5,2
15,SSP5-8.5,2
15,SSP5-8.5,2
15,SSP5-8.5,2
15,SSP5-8.5,2
15,SSP5-8.5,2
15,SSP5-8.5,2
15,SSP5-8.5,2
15,SSP5-8.5,2
15,SSP5-8.5,2
15,SSP5-8.5,2
15,SSP5-8.5,3
15,SSP5-8.5,3
15,SSP5-8.5,3
15,SSP5-8.5,3
15,SSP5-8.5,3
15,SSP5-8.5,3
15,SSP5-8.5,3
15,SSP5-8.5,3
15,SSP5-8.5,3
15,SSP5-8.5,3
15,SSP5-8.5,3
15,SSP5-8.5,3
15,SSP5-8.5,4
15,SSP5-8.5,4
15,SSP5-8.5,4
15,SSP5-8.5,4
15,SSP5-8.5,4
15,SSP5-8.5,4
15,SSP5-8.5,4
15,SSP5-8.5,4
15,SSP5-8.5,4
15,SSP5-8.5,4
15,SSP5-8.5,4
15,SSP5-8.5,4
15,SSP5-8.5,4
15,SSP5-8.5,4
15,SSP5-8.5,4
15,SSP5-8.5,4
15,SSP5-8.5,4
15,SSP5-8.5,4
15,SSP5-8.5,4
15,SSP5-8.5,5
15,SSP5-8.5,5
15,SSP5-8.5,5
15,SSP5-8.5,5
15,SSP5-8.5,5
15,SSP5-8.5,5
15,SSP5-8.5,5
15,SSP5-8.5,5
15,SSP5-8.5,5
15,SSP5-8.5,5
15,SSP5-8.5,5
15,SSP5-8.5,5
15,SSP5-8.5,5
15,SSP5-8.5,5
15,SSP5-8.5,5
15,SSP5-8.5,6
15,SSP5-8.5,6
15,SSP5-8.5,6
15,SSP5-8.5,6
15,SSP5-8.5,6
15,SSP5-8.5,6
15,SSP5-8.5,6
15,SSP5-8.5,6
15,SSP5-8.5,6
15,SSP5-8.5,6
15,SSP5-8.5,6
15,SSP5-8.5,6
15,SSP5-8.5,6
15,SSP5-8.5,6
15,SSP5-8.5,6
15,SSP5-8.5,6
15,SSP5-8.5,6
15,SSP5-8.5,6
15,SSP5-8.5,6
15,SSP5-8.5,6
15,SSP5-8.5,6
15,SSP5-8.5,6
15,SSP5-8.5,6
15,SSP5-8.5,6
15,SSP5-8.5,6
16,SSP1-2.6,2
16,SSP1-2.6,2
16,SSP1-2.6,2
16,SSP1-2.6,2
16,SSP1-2.6,2
16,SSP1-2.6,2
16,SSP1-2.6,2
16,SSP1-2.6,2
16,SSP1-2.6,2
16,SSP1-2.6,2
16,SSP1-2.6,2
16,SSP1-2.6,2
16,SSP1-2.6,2
16,SSP1-2.6,2
16,SSP1-2.6,2
16,SSP1-2.6,2
16,SSP1-2.6,2
16,SSP1-2.6,2
16,SSP1-2.6,2
16,SSP1-2.6,2
16,SSP1-2.6,2
16,SSP1-2.6,2
16,SSP1-2.6,2
16,SSP1-2.6,2
16,SSP1-2.6,2
16,SSP1-2.6,2
16,SSP1-2.6,2
16,SSP1-2.6,2
16,SSP1-2.6,2
16,SSP1-2.6,2
16,SSP1-2.6,2
16,SSP1-2.6,2
16,SSP1-2.6,2
16,SSP1-2.6,2
16,SSP1-2.6,2
16,SSP1-2.6,2
16,SSP1-2.6,2
16,SSP1-2.6,2
16,SSP1-2.6,2
16,SSP1-2.6,2
16,SSP1-2.6,2
16,SSP1-2.6,2
16,SSP1-2.6,2
16,SSP1-2.6,2
16,SSP1-2.6,2
16,SSP1-2.6,2
16,SSP1-2.6,2
16,SSP1-2.6,3
16,SSP1-2.6,3
16,SSP1-2.6,3
16,SSP1-2.6,3
16,SSP1-2.6,3
16,SSP1-2.6,3
16,SSP1-2.6,3
16,SSP1-2.6,3
16,SSP1-2.6,3
16,SSP1-2.6,3
16,SSP1-2.6,3
16,SSP1-2.6,3
16,SSP1-2.6,3
16,SSP1-2.6,3
16,SSP1-2.6,3
16,SSP1-2.6,3
16,SSP1-2.6,3
16,SSP1-2.6,3
16,SSP1-2.6,3
16,SSP1-2.6,3
16,SSP1-2.6,3
16,SSP1-2.6,3
16,SSP1-2.6,3
16,SSP1-2.6,3
16,SSP1-2.6,3
16,SSP1-2.6,3
16,SSP1-2.6,3
16,SSP1-2.6,3
16,SSP1-2.6,3
16,SSP1-2.6,3
16,SSP1-2.6,3
16,SSP1-2.6,3
16,SSP1-2.6,4
16,SSP1-2.6,4
16,SSP1-2.6,4
16,SSP1-2.6,4
16,SSP1-2.6,4
16,SSP1-2.6,4
16,SSP1-2.6,4
16,SSP1-2.6,4
16,SSP1-2.6,4
16,SSP1-2.6,4
16,SSP1-2.6,5
16,SSP1-2.6,5
16,SSP1-2.6,5
16,SSP1-2.6,5
16,SSP1-2.6,5
16,SSP1-2.6,5
16,SSP1-2.6,5
16,SSP2-4.5,3
16,SSP2-4.5,3
16,SSP2-4.5,3
16,SSP2-4.5,3
16,SSP2-4.5,3
16,SSP2-4.5,3
16,SSP2-4.5,3
16,SSP2-4.5,3
16,SSP2-4.5,3
16,SSP2-4.5,3
16,SSP2-4.5,3
16,SSP2-4.5,3
16,SSP2-4.5,3
16,SSP2-4.5,3
16,SSP2-4.5,3
16,SSP2-4.5,3
16,SSP2-4.5,3
16,SSP2-4.5,3
16,SSP2-4.5,4
16,SSP2-4.5,4
16,SSP2-4.5,4
16,SSP2-4.5,4
16,SSP2-4.5,4
16,SSP2-4.5,4
16,SSP2-4.5,4
16,SSP2-4.5,4
16,SSP2-4.5,4
16,SSP2-4.5,4
16,SSP2-4.5,4
16,SSP2-4.5,4
16,SSP2-4.5,4
16,SSP2-4.5,4
16,SSP2-4.5,4
16,SSP2-4.5,4
16,SSP2-4.5,4
16,SSP2-4.5,4
16,SSP2-4.5,4
16,SSP2-4.5,4
16,SSP2-4.5,4
16,SSP2-4.5,4
16,SSP2-4.5,4
16,SSP2-4.5,4
16,SSP2-4.5,4
16,SSP2-4.5,4
16,SSP2-4.5,4
16,SSP2-4.5,4
16,SSP2-4.5,4
16,SSP2-4.5,4
16,SSP2-4.5,4
16,SSP2-4.5,4
16,SSP2-4.5,4
16,SSP2-4.5,4
16,SSP2-4.5,5
16,SSP2-4.5,5
16,SSP2-4.5,5
16,SSP2-4.5,5
16,SSP2-4.5,5
16,SSP2-4.5,5
16,SSP2-4.5,5
16,SSP2-4.5,5
16,SSP2-4.5,5
16,SSP2-4.5,5
16,SSP2-4.5,5
16,SSP2-4.5,5
16,SSP2-4.5,5
16,SSP2-4.5,5
16,SSP2-4.5,5
16,SSP2-4.5,5
16,SSP2-4.5,5
16,SSP2-4.5,5
16,SSP2-4.5,5
16,SSP2-4.5,5
16,SSP2-4.5,5
16,SSP2-4.5,5
16,SSP2-4.5,5
16,SSP2-4.5,5
16,SSP2-4.5,5
16,SSP2-4.5,5
16,SSP2-4.5,5
16,SSP2-4.5,5
16,SSP2-4.5,5
16,SSP2-4.5,5
16,SSP2-4.5,5
16,SSP2-4.5,5
16,SSP2-4.5,5
16,SSP2-4.5,5
16,SSP2-4.5,5
16,SSP2-4.5,5
16,SSP2-4.5,5
16,SSP2-4.5,5
16,SSP2-4.5,5
16,SSP2-4.5,5
16,SSP2-4.5,5
16,SSP2-4.5,6
16,SSP2-4.5,6
16,SSP2-4.5,6
16,SSP2-4.5,6
16,SSP2-4.5,6
16,SSP3-7.0,4
16,SSP3-7.0,4
16,SSP3-7.0,4
16,SSP3-7.0,4
16,SSP3-7.0,4
16,SSP3-7.0,4
16,SSP3-7.0,4
16,SSP3-7.0,4
16,SSP3-7.0,5
16,SSP3-7.0,5
16,SSP3-7.0,5
16,SSP3-7.0,5
16,SSP3-7.0,5
16,SSP3-7.0,5
16,SSP3-7.0,5
16,SSP3-7.0,5
16,SSP3-7.0,5
16,SSP3-7.0,5
16,SSP3-7.0,5
16,SSP3-7.0,5
16,SSP3-7.0,5
16,SSP3-7.0,5
16,SSP3-7.0,5
16,SSP3-7.0,5
16,SSP3-7.0,5
16,SSP3-7.0,5
16,SSP3-7.0,5
16,SSP3-7.0,5
16,SSP3-7.0,5
16,SSP3-7.0,5
16,SSP3-7.0,5
16,SSP3-7.0,5
16,SSP3-7.0,5
16,SSP3-7.0,5
16,SSP3-7.0,5
16,SSP3-7.0,5
16,SSP3-7.0,5
16,SSP3-7.0,5
16,SSP3-7.0,6
16,SSP3-7.0,6
16,SSP3-7.0,6
16,SSP3-7.0,6
16,SSP3-7.0,6
16,SSP3-7.0,6
16,SSP3-7.0,6
16,SSP3-7.0,6
16,SSP3-7.0,6
16,SSP3-7.0,6
16,SSP3-7.0,6
16,SSP3-7.0,6
16,SSP3-7.0,6
16,SSP3-7.0,6
16,SSP3-7.0,6
16,SSP3-7.0,6
16,SSP3-7.0,6
16,SSP3-7.0,6
16,SSP3-7.0,6
16,SSP3-7.0,6
16,SSP3-7.0,6
16,SSP3-7.0,6
16,SSP3-7.0,6
16,SSP3-7.0,6
16,SSP3-7.0,6
16,SSP3-7.0,6
16,SSP3-7.0,6
16,SSP3-7.0,6
16,SSP3-7.0,6
16,SSP3-7.0,6
16,SSP3-7.0,6
16,SSP3-7.0,6
16,SSP3-7.0,6
16,SSP3-7.0,6
16,SSP3-7.0,6
16,SSP3-7.0,6
16,SSP3-7.0,6
16,SSP3-7.0,6
16,SSP3-7.0,6
16,SSP3-7.0,6
16,SSP3-7.0,6
16,SSP3-7.0,6
16,SSP3-7.0,6
16,SSP3-7.0,6
16,SSP3-7.0,6
16,SSP3-7.0,6
16,SSP3-7.0,6
16,SSP3-7.0,6
16,SSP3-7.0,6
16,SSP3-7.0,6
16,SSP3-7.0,6
16,SSP3-7.0,6
16,SSP3-7.0,6
16,SSP3-7.0,6
16,SSP3-7.0,6
16,SSP3-7.0,6
16,SSP3-7.0,6
16,SSP3-7.0,6
16,SSP3-7.0,6
16,SSP5-8.5,5
16,SSP5-8.5,5
16,SSP5-8.5,5
16,SSP5-8.5,5
16,SSP5-8.5,5
16,SSP5-8.5,5
16,SSP5-8.5,5
16,SSP5-8.5,5
16,SSP5-8.5,5
16,SSP5-8.5,6
16,SSP5-8.5,6
16,SSP5-8.5,6
16,SSP5-8.5,6
16,SSP5-8.5,6
16,SSP5-8.5,6
16,SSP5-8.5,6
16,SSP5-8.5,6
16,SSP5-8.5,6
16,SSP5-8.5,6
16,SSP5-8.5,6
16,SSP5-8.5,6
16,SSP5-8.5,6
16,SSP5-8.5,6
16,SSP5-8.5,6
16,SSP5-8.5,6
16,SSP5-8.5,6
16,SSP5-8.5,6
16,SSP5-8.5,6
16,SSP5-8.5,6
16,SSP5-8.5,6
16,SSP5-8.5,6
16,SSP5-8.5,6
16,SSP5-8.5,6
16,SSP5-8.5,6
16,SSP5-8.5,6
16,SSP5-8.5,6
16,SSP5-8.5,6
16,SSP5-8.5,6
16,SSP5-8.5,6
16,SSP5-8.5,6
16,SSP5-8.5,6
16,SSP5-8.5,6
16,SSP5-8.5,6
16,SSP5-8.5,6
16,SSP5-8.5,6
16,SSP5-8.5,6
16,SSP5-8.5,6
16,SSP5-8.5,6
16,SSP5-8.5,6
16,SSP5-8.5,6
16,SSP5-8.5,6
16,SSP5-8.5,6
16,SSP5-8.5,6
16,SSP5-8.5,6
16,SSP5-8.5,6
16,SSP5-8.5,6
16,SSP5-8.5,6
16,SSP5-8.5,6
16,SSP5-8.5,6
16,SSP5-8.5,6
16,SSP5-8.5,6
16,SSP5-8.5,6
16,SSP5-8.5,6
16,SSP5-8.5,6
16,SSP5-8.5,6
16,SSP5-8.5,6
16,SSP5-8.5,6
16,SSP5-8.5,6
16,SSP5-8.5,6
16,SSP5-8.5,6
16,SSP5-8.5,6
16,SSP5-8.5,6
16,SSP5-8.5,6
16,SSP5-8.5,6
16,SSP5-8.5,6
16,SSP5-8.5,6
16,SSP5-8.5,6
16,SSP5-8.5,6
16,SSP5-8.5,6
16,SSP5-8.5,6
16,SSP5-8.5,6
16,SSP5-8.5,6
16,SSP5-8.5,6
16,SSP5-8.5,6
16,SSP5-8.5,6
16,SSP5-8.5,6
16,SSP5-8.5,6
16,SSP5-8.5,6
16,SSP5-8.5,6
16,SSP5-8.5,6
16,SSP5-8.5,6
16,SSP5-8.5,6
16,SSP5-8.5,6
16,SSP5-8.5,6
16,SSP5-8.5,6
16,SSP5-8.5,6
16,SSP5-8.5,6
16,SSP5-8.5,6
16,SSP5-8.5,6
17,SSP1-2.6,2
17,SSP1-2.6,2
17,SSP1-2.6,2
17,SSP1-2.6,2
17,SSP1-2.6,2
17,SSP1-2.6,2
17,SSP1-2.6,2
17,SSP1-2.6,2
17,SSP1-2.6,2
17,SSP1-2.6,2
17,SSP1-2.6,2
17,SSP1-2.6,2
17,SSP1-2.6,2
17,SSP1-2.6,2
17,SSP1-2.6,2
17,SSP1-2.6,2
17,SSP1-2.6,2
17,SSP1-2.6,2
17,SSP1-2.6,2
17,SSP1-2.6,2
17,SSP1-2.6,2
17,SSP1-2.6,2
17,SSP1-2.6,2
17,SSP1-2.6,2
17,SSP1-2.6,2
17,SSP1-2.6,2
17,SSP1-2.6,2
17,SSP1-2.6,2
17,SSP1-2.6,2
17,SSP1-2.6,2
17,SSP1-2.6,2
17,SSP1-2.6,2
17,SSP1-2.6,2
17,SSP1-2.6,2
17,SSP1-2.6,2
17,SSP1-2.6,2
17,SSP1-2.6,2
17,SSP1-2.6,2
17,SSP1-2.6,2
17,SSP1-2.6,2
17,SSP1-2.6,2
17,SSP1-2.6,2
17,SSP1-2.6,2
17,SSP1-2.6,2
17,SSP1-2.6,2
17,SSP1-2.6,2
17,SSP1-2.6,2
17,SSP1-2.6,2
17,SSP1-2.6,2
17,SSP1-2.6,2
17,SSP1-2.6,2
17,SSP1-2.6,2
17,SSP1-2.6,2
17,SSP1-2.6,2
17,SSP1-2.6,2
17,SSP1-2.6,2
17,SSP1-2.6,2
17,SSP1-2.6,2
17,SSP1-2.6,2
17,SSP1-2.6,2
17,SSP1-2.6,2
17,SSP1-2.6,2
17,SSP1-2.6,2
17,SSP1-2.6,2
17,SSP1-2.6,2
17,SSP1-2.6,2
17,SSP1-2.6,2
17,SSP1-2.6,2
17,SSP1-2.6,2
17,SSP1-2.6,2
17,SSP1-2.6,2
17,SSP1-2.6,2
17,SSP1-2.6,2
17,SSP1-2.6,2
17,SSP1-2.6,2
17,SSP1-2.6,2
17,SSP1-2.6,2
17,SSP1-2.6,2
17,SSP1-2.6,2
17,SSP1-2.6,2
17,SSP1-2.6,2
17,SSP1-2.6,2
17,SSP1-2.6,2
17,SSP1-2.6,2
17,SSP1-2.6,2
17,SSP1-2.6,2
17,SSP1-2.6,2
17,SSP1-2.6,2
17,SSP1-2.6,2
17,SSP1-2.6,2
17,SSP1-2.6,2
17,SSP1-2.6,2
17,SSP1-2.6,2
17,SSP1-2.6,2
17,SSP1-2.6,2
17,SSP1-2.6,2
17,SSP1-2.6,2
17,SSP1-2.6,2
17,SSP1-2.6,3
17,SSP1-2.6,3
17,SSP2-4.5,1
17,SSP2-4.5,1
17,SSP2-4.5,2
17,SSP2-4.5,2
17,SSP2-4.5,2
17,SSP2-4.5,2
17,SSP2-4.5,2
17,SSP2-4.5,2
17,SSP2-4.5,2
17,SSP2-4.5,2
17,SSP2-4.5,2
17,SSP2-4.5,2
17,SSP2-4.5,2
17,SSP2-4.5,2
17,SSP2-4.5,2
17,SSP2-4.5,2
17,SSP2-4.5,2
17,SSP2-4.5,2
17,SSP2-4.5,2
17,SSP2-4.5,2
17,SSP2-4.5,2
17,SSP2-4.5,2
17,SSP2-4.5,2
17,SSP2-4.5,2
17,SSP2-4.5,2
17,SSP2-4.5,2
17,SSP2-4.5,2
17,SSP2-4.5,2
17,SSP2-4.5,2
17,SSP2-4.5,2
17,SSP2-4.5,2
17,SSP2-4.5,2
17,SSP2-4.5,2
17,SSP2-4.5,2
17,SSP2-4.5,2
17,SSP2-4.5,2
17,SSP2-4.5,2
17,SSP2-4.5,2
17,SSP2-4.5,3
17,SSP2-4.5,3
17,SSP2-4.5,3
17,SSP2-4.5,3
17,SSP2-4.5,3
17,SSP2-4.5,3
17,SSP2-4.5,3
17,SSP2-4.5,3
17,SSP2-4.5,3
17,SSP2-4.5,3
17,SSP2-4.5,3
17,SSP2-4.5,3
17,SSP2-4.5,3
17,SSP2-4.5,3
17,SSP2-4.5,3
17,SSP2-4.5,3
17,SSP2-4.5,3
17,SSP2-4.5,3
17,SSP2-4.5,3
17,SSP2-4.5,3
17,SSP2-4.5,3
17,SSP2-4.5,3
17,SSP2-4.5,3
17,SSP2-4.5,3
17,SSP2-4.5,3
17,SSP2-4.5,3
17,SSP2-4.5,3
17,SSP2-4.5,3
17,SSP2-4.5,3
17,SSP2-4.5,3
17,SSP2-4.5,3
17,SSP2-4.5,3
17,SSP2-4.5,3
17,SSP2-4.5,3
17,SSP2-4.5,3
17,SSP2-4.5,3
17,SSP2-4.5,3
17,SSP2-4.5,3
17,SSP2-4.5,3
17,SSP2-4.5,3
17,SSP2-4.5,3
17,SSP2-4.5,3
17,SSP2-4.5,3
17,SSP2-4.5,3
17,SSP2-4.5,3
17,SSP2-4.5,3
17,SSP2-4.5,3
17,SSP2-4.5,3
17,SSP2-4.5,3
17,SSP2-4.5,3
17,SSP2-4.5,3
17,SSP2-4.5,4
17,SSP2-4.5,4
17,SSP2-4.5,4
17,SSP2-4.5,4
17,SSP2-4.5,4
17,SSP2-4.5,4
17,SSP2-4.5,4
17,SSP2-4.5,4
17,SSP2-4.5,4
17,SSP3-7.0,1
17,SSP3-7.0,1
17,SSP3-7.0,2
17,SSP3-7.0,2
17,SSP3-7.0,2
17,SSP3-7.0,2
17,SSP3-7.0,2
17,SSP3-7.0,2
17,SSP3-7.0,2
17,SSP3-7.0,2
17,SSP3-7.0,2
17,SSP3-7.0,2
17,SSP3-7.0,2
17,SSP3-7.0,2
17,SSP3-7.0,2
17,SSP3-7.0,2
17,SSP3-7.0,2
17,SSP3-7.0,2
17,SSP3-7.0,2
17,SSP3-7.0,2
17,SSP3-7.0,2
17,SSP3-7.0,2
17,SSP3-7.0,2
17,SSP3-7.0,2
17,SSP3-7.0,2
17,SSP3-7.0,3
17,SSP3-7.0,3
17,SSP3-7.0,3
17,SSP3-7.0,3
17,SSP3-7.0,3
17,SSP3-7.0,3
17,SSP3-7.0,3
17,SSP3-7.0,3
17,SSP3-7.0,3
17,SSP3-7.0,3
17,SSP3-7.0,3
17,SSP3-7.0,3
17,SSP3-7.0,3
17,SSP3-7.0,3
17,SSP3-7.0,3
17,SSP3-7.0,3
17,SSP3-7.0,3
17,SSP3-7.0,3
17,SSP3-7.0,3
17,SSP3-7.0,3
17,SSP3-7.0,3
17,SSP3-7.0,3
17,SSP3-7.0,3
17,SSP3-7.0,3
17,SSP3-7.0,3
17,SSP3-7.0,3
17,SSP3-7.0,3
17,SSP3-7.0,3
17,SSP3-7.0,3
17,SSP3-7.0,3
17,SSP3-7.0,3
17,SSP3-7.0,3
17,SSP3-7.0,3
17,SSP3-7.0,3
17,SSP3-7.0,3
17,SSP3-7.0,3
17,SSP3-7.0,3
17,SSP3-7.0,3
17,SSP3-7.0,3
17,SSP3-7.0,3
17,SSP3-7.0,3
17,SSP3-7.0,3
17,SSP3-7.0,3
17,SSP3-7.0,3
17,SSP3-7.0,3
17,SSP3-7.0,3
17,SSP3-7.0,4
17,SSP3-7.0,4
17,SSP3-7.0,4
17,SSP3-7.0,4
17,SSP3-7.0,4
17,SSP3-7.0,4
17,SSP3-7.0,4
17,SSP3-7.0,4
17,SSP3-7.0,4
17,SSP3-7.0,4
17,SSP3-7.0,4
17,SSP3-7.0,4
17,SSP3-7.0,4
17,SSP3-7.0,4
17,SSP3-7.0,4
17,SSP3-7.0,4
17,SSP3-7.0,4
17,SSP3-7.0,4
17,SSP3-7.0,4
17,SSP3-7.0,4
17,SSP3-7.0,4
17,SSP3-7.0,4
17,SSP3-7.0,4
17,SSP3-7.0,5
17,SSP3-7.0,5
17,SSP3-7.0,5
17,SSP5-8.5,1
17,SSP5-8.5,1
17,SSP5-8.5,2
17,SSP5-8.5,2
17,SSP5-8.5,2
17,SSP5-8.5,2
17,SSP5-8.5,2
17,SSP5-8.5,2
17,SSP5-8.5,2
17,SSP5-8.5,2
17,SSP5-8.5,2
17,SSP5-8.5,2
17,SSP5-8.5,2
17,SSP5-8.5,2
17,SSP5-8.5,2
17,SSP5-8.5,2
17,SSP5-8.5,2
17,SSP5-8.5,2
17,SSP5-8.5,2
17,SSP5-8.5,3
17,SSP5-8.5,3
17,SSP5-8.5,3
17,SSP5-8.5,3
17,SSP5-8.5,3
17,SSP5-8.5,3
17,SSP5-8.5,3
17,SSP5-8.5,3
17,SSP5-8.5,3
17,SSP5-8.5,4
17,SSP5-8.5,4
17,SSP5-8.5,4
17,SSP5-8.5,4
17,SSP5-8.5,4
17,SSP5-8.5,4
17,SSP5-8.5,4
17,SSP5-8.5,4
17,SSP5-8.5,4
17,SSP5-8.5,4
17,SSP5-8.5,4
17,SSP5-8.5,4
17,SSP5-8.5,4
17,SSP5-8.5,4
17,SSP5-8.5,4
17,SSP5-8.5,4
17,SSP5-8.5,4
17,SSP5-8.5,4
17,SSP5-8.5,4
17,SSP5-8.5,4
17,SSP5-8.5,4
17,SSP5-8.5,4
17,SSP5-8.5,4
17,SSP5-8.5,4
17,SSP5-8.5,4
17,SSP5-8.5,4
17,SSP5-8.5,4
17,SSP5-8.5,4
17,SSP5-8.5,4
17,SSP5-8.5,4
17,SSP5-8.5,4
17,SSP5-8.5,4
17,SSP5-8.5,4
17,SSP5-8.5,4
17,SSP5-8.5,4
17,SSP5-8.5,4
17,SSP5-8.5,4
17,SSP5-8.5,4
17,SSP5-8.5,4
17,SSP5-8.5,4
17,SSP5-8.5,4
17,SSP5-8.5,4
17,SSP5-8.5,5
17,SSP5-8.5,5
17,SSP5-8.5,5
17,SSP5-8.5,5
17,SSP5-8.5,5
17,SSP5-8.5,5
17,SSP5-8.5,5
17,SSP5-8.5,5
17,SSP5-8.5,5
17,SSP5-8.5,5
17,SSP5-8.5,5
17,SSP5-8.5,5
17,SSP5-8.5,5
17,SSP5-8.5,5
17,SSP5-8.5,5
17,SSP5-8.5,5
17,SSP5-8.5,5
17,SSP5-8.5,5
17,SSP5-8.5,5
17,SSP5-8.5,5
17,SSP5-8.5,5
17,SSP5-8.5,6
17,SSP5-8.5,6
17,SSP5-8.5,6
17,SSP5-8.5,6
17,SSP5-8.5,6
17,SSP5-8.5,6
18,SSP2-4.5,2
18,SSP2-4.5,2
18,SSP2-4.5,2
18,SSP2-4.5,2
18,SSP2-4.5,2
18,SSP2-4.5,2
18,SSP2-4.5,2
18,SSP2-4.5,2
18,SSP2-4.5,2
18,SSP2-4.5,2
18,SSP2-4.5,2
18,SSP2-4.5,2
18,SSP2-4.5,2
18,SSP2-4.5,2
18,SSP2-4.5,2
18,SSP2-4.5,2
18,SSP2-4.5,2
18,SSP2-4.5,2
18,SSP2-4.5,2
18,SSP2-4.5,2
18,SSP2-4.5,2
18,SSP2-4.5,2
18,SSP2-4.5,2
18,SSP2-4.5,2
18,SSP2-4.5,2
18,SSP2-4.5,2
18,SSP2-4.5,2
18,SSP2-4.5,2
18,SSP2-4.5,2
18,SSP2-4.5,2
18,SSP2-4.5,2
18,SSP2-4.5,2
18,SSP2-4.5,2
18,SSP2-4.5,2
18,SSP2-4.5,2
18,SSP2-4.5,2
18,SSP2-4.5,2
18,SSP2-4.5,2
18,SSP2-4.5,2
18,SSP2-4.5,2
18,SSP2-4.5,2
18,SSP2-4.5,2
18,SSP2-4.5,2
18,SSP2-4.5,2
18,SSP2-4.5,2
18,SSP2-4.5,2
18,SSP2-4.5,2
18,SSP2-4.5,2
18,SSP2-4.5,2
18,SSP2-4.5,2
18,SSP2-4.5,2
18,SSP2-4.5,2
18,SSP2-4.5,2
18,SSP2-4.5,2
18,SSP2-4.5,2
18,SSP2-4.5,2
18,SSP2-4.5,2
18,SSP2-4.5,2
18,SSP2-4.5,2
18,SSP2-4.5,2
18,SSP2-4.5,2
18,SSP2-4.5,2
18,SSP2-4.5,2
18,SSP2-4.5,2
18,SSP2-4.5,2
18,SSP2-4.5,2
18,SSP2-4.5,2
18,SSP2-4.5,2
18,SSP2-4.5,2
18,SSP2-4.5,2
18,SSP2-4.5,2
18,SSP2-4.5,2
18,SSP2-4.5,2
18,SSP2-4.5,2
18,SSP2-4.5,2
18,SSP2-4.5,2
18,SSP2-4.5,2
18,SSP2-4.5,2
18,SSP2-4.5,2
18,SSP2-4.5,3
18,SSP2-4.5,3
18,SSP2-4.5,3
18,SSP2-4.5,3
18,SSP2-4.5,3
18,SSP2-4.5,3
18,SSP2-4.5,3
18,SSP2-4.5,3
18,SSP2-4.5,3
18,SSP2-4.5,3
18,SSP2-4.5,3
18,SSP2-4.5,3
18,SSP2-4.5,3
18,SSP2-4.5,3
18,SSP2-4.5,3
18,SSP2-4.5,3
18,SSP2-4.5,3
18,SSP2-4.5,3
18,SSP2-4.5,3
18,SSP2-4.5,3
18,SSP3-7.0,2
18,SSP3-7.0,2
18,SSP3-7.0,2
18,SSP3-7.0,2
18,SSP3-7.0,2
18,SSP3-7.0,2
18,SSP3-7.0,2
18,SSP3-7.0,2
18,SSP3-7.0,2
18,SSP3-7.0,2
18,SSP3-7.0,2
18,SSP3-7.0,2
18,SSP3-7.0,2
18,SSP3-7.0,2
18,SSP3-7.0,2
18,SSP3-7.0,2
18,SSP3-7.0,2
18,SSP3-7.0,2
18,SSP3-7.0,2
18,SSP3-7.0,2
18,SSP3-7.0,2
18,SSP3-7.0,2
18,SSP3-7.0,2
18,SSP3-7.0,2
18,SSP3-7.0,2
18,SSP3-7.0,2
18,SSP3-7.0,2
18,SSP3-7.0,2
18,SSP3-7.0,2
18,SSP3-7.0,2
18,SSP3-7.0,2
18,SSP3-7.0,2
18,SSP3-7.0,2
18,SSP3-7.0,2
18,SSP3-7.0,2
18,SSP3-7.0,2
18,SSP3-7.0,2
18,SSP3-7.0,2
18,SSP3-7.0,2
18,SSP3-7.0,2
18,SSP3-7.0,2
18,SSP3-7.0,2
18,SSP3-7.0,2
18,SSP3-7.0,2
18,SSP3-7.0,2
18,SSP3-7.0,2
18,SSP3-7.0,2
18,SSP3-7.0,2
18,SSP3-7.0,2
18,SSP3-7.0,2
18,SSP3-7.0,2
18,SSP3-7.0,2
18,SSP3-7.0,2
18,SSP3-7.0,2
18,SSP3-7.0,2
18,SSP3-7.0,2
18,SSP3-7.0,2
18,SSP3-7.0,3
18,SSP3-7.0,3
18,SSP3-7.0,3
18,SSP3-7.0,3
18,SSP3-7.0,3
18,SSP3-7.0,3
18,SSP3-7.0,3
18,SSP3-7.0,3
18,SSP3-7.0,3
18,SSP3-7.0,3
18,SSP3-7.0,3
18,SSP3-7.0,3
18,SSP3-7.0,3
18,SSP3-7.0,3
18,SSP3-7.0,3
18,SSP3-7.0,3
18,SSP3-7.0,3
18,SSP3-7.0,3
18,SSP3-7.0,3
18,SSP3-7.0,3
18,SSP3-7.0,3
18,SSP3-7.0,3
18,SSP3-7.0,3
18,SSP3-7.0,3
18,SSP3-7.0,3
18,SSP3-7.0,3
18,SSP3-7.0,3
18,SSP3-7.0,3
18,SSP3-7.0,3
18,SSP3-7.0,3
18,SSP3-7.0,3
18,SSP3-7.0,3
18,SSP3-7.0,3
18,SSP3-7.0,3
18,SSP3-7.0,3
18,SSP3-7.0,3
18,SSP3-7.0,3
18,SSP3-7.0,3
18,SSP3-7.0,4
18,SSP3-7.0,4
18,SSP3-7.0,4
18,SSP5-8.5,2
18,SSP5-8.5,2
18,SSP5-8.5,2
18,SSP5-8.5,2
18,SSP5-8.5,2
18,SSP5-8.5,2
18,SSP5-8.5,2
18,SSP5-8.5,2
18,SSP5-8.5,2
18,SSP5-8.5,2
18,SSP5-8.5,2
18,SSP5-8.5,2
18,SSP5-8.5,2
18,SSP5-8.5,2
18,SSP5-8.5,2
18,SSP5-8.5,2
18,SSP5-8.5,2
18,SSP5-8.5,2
18,SSP5-8.5,2
18,SSP5-8.5,2
18,SSP5-8.5,2
18,SSP5-8.5,2
18,SSP5-8.5,2
18,SSP5-8.5,2
18,SSP5-8.5,2
18,SSP5-8.5,2
18,SSP5-8.5,2
18,SSP5-8.5,2
18,SSP5-8.5,2
18,SSP5-8.5,2
18,SSP5-8.5,2
18,SSP5-8.5,2
18,SSP5-8.5,2
18,SSP5-8.5,2
18,SSP5-8.5,2
18,SSP5-8.5,2
18,SSP5-8.5,2
18,SSP5-8.5,2
18,SSP5-8.5,2
18,SSP5-8.5,2
18,SSP5-8.5,2
18,SSP5-8.5,2
18,SSP5-8.5,2
18,SSP5-8.5,2
18,SSP5-8.5,2
18,SSP5-8.5,2
18,SSP5-8.5,2
18,SSP5-8.5,2
18,SSP5-8.5,2
18,SSP5-8.5,2
18,SSP5-8.5,3
18,SSP5-8.5,3
18,SSP5-8.5,3
18,SSP5-8.5,3
18,SSP5-8.5,3
18,SSP5-8.5,3
18,SSP5-8.5,3
18,SSP5-8.5,3
18,SSP5-8.5,3
18,SSP5-8.5,3
18,SSP5-8.5,3
18,SSP5-8.5,3
18,SSP5-8.5,3
18,SSP5-8.5,3
18,SSP5-8.5,3
18,SSP5-8.5,3
18,SSP5-8.5,3
18,SSP5-8.5,3
18,SSP5-8.5,3
18,SSP5-8.5,3
18,SSP5-8.5,3
18,SSP5-8.5,3
18,SSP5-8.5,3
18,SSP5-8.5,3
18,SSP5-8.5,3
18,SSP5-8.5,3
18,SSP5-8.5,3
18,SSP5-8.5,4
18,SSP5-8.5,4
18,SSP5-8.5,4
18,SSP5-8.5,4
18,SSP5-8.5,4
18,SSP5-8.5,4
18,SSP5-8.5,4
18,SSP5-8.5,4
18,SSP5-8.5,4
18,SSP5-8.5,4
18,SSP5-8.5,4
18,SSP5-8.5,4
18,SSP5-8.5,4
18,SSP5-8.5,4
18,SSP5-8.5,4
18,SSP5-8.5,4
18,SSP5-8.5,4
18,SSP5-8.5,4
18,SSP5-8.5,5
18,SSP5-8.5,5
18,SSP5-8.5,5
19,SSP1-2.6,1
19,SSP1-2.6,1
19,SSP1-2.6,1
19,SSP1-2.6,1
19,SSP1-2.6,1
19,SSP1-2.6,1
19,SSP1-2.6,2
19,SSP1-2.6,2
19,SSP1-2.6,2
19,SSP1-2.6,2
19,SSP1-2.6,2
19,SSP1-2.6,2
19,SSP1-2.6,2
19,SSP1-2.6,2
19,SSP1-2.6,2
19,SSP1-2.6,2
19,SSP1-2.6,2
19,SSP1-2.6,2
19,SSP1-2.6,2
19,SSP1-2.6,2
19,SSP1-2.6,2
19,SSP1-2.6,2
19,SSP1-2.6,2
19,SSP1-2.6,2
19,SSP1-2.6,2
19,SSP1-2.6,2
19,SSP1-2.6,2
19,SSP1-2.6,2
19,SSP1-2.6,2
19,SSP1-2.6,2
19,SSP1-2.6,2
19,SSP1-2.6,2
19,SSP1-2.6,2
19,SSP1-2.6,2
19,SSP1-2.6,2
19,SSP1-2.6,2
19,SSP1-2.6,2
19,SSP1-2.6,2
19,SSP1-2.6,2
19,SSP1-2.6,2
19,SSP1-2.6,2
19,SSP1-2.6,2
19,SSP1-2.6,2
19,SSP1-2.6,2
19,SSP1-2.6,2
19,SSP1-2.6,2
19,SSP1-2.6,2
19,SSP1-2.6,2
19,SSP1-2.6,2
19,SSP1-2.6,2
19,SSP1-2.6,2
19,SSP1-2.6,2
19,SSP1-2.6,2
19,SSP1-2.6,2
19,SSP1-2.6,2
19,SSP1-2.6,2
19,SSP1-2.6,2
19,SSP1-2.6,2
19,SSP1-2.6,2
19,SSP1-2.6,2
19,SSP1-2.6,2
19,SSP1-2.6,2
19,SSP1-2.6,2
19,SSP1-2.6,2
19,SSP1-2.6,2
19,SSP1-2.6,2
19,SSP1-2.6,2
19,SSP1-2.6,2
19,SSP1-2.6,2
19,SSP1-2.6,2
19,SSP1-2.6,2
19,SSP1-2.6,2
19,SSP1-2.6,2
19,SSP1-2.6,2
19,SSP1-2.6,2
19,SSP1-2.6,2
19,SSP1-2.6,2
19,SSP1-2.6,2
19,SSP1-2.6,2
19,SSP1-2.6,2
19,SSP1-2.6,2
19,SSP1-2.6,2
19,SSP1-2.6,2
19,SSP1-2.6,2
19,SSP1-2.6,2
19,SSP1-2.6,2
19,SSP1-2.6,2
19,SSP1-2.6,2
19,SSP1-2.6,2
19,SSP1-2.6,2
19,SSP1-2.6,2
19,SSP1-2.6,2
19,SSP1-2.6,2
19,SSP1-2.6,2
19,SSP1-2.6,2
19,SSP1-2.6,2
19,SSP1-2.6,3
19,SSP1-2.6,3
19,SSP2-4.5,1
19,SSP2-4.5,1
19,SSP2-4.5,1
19,SSP2-4.5,1
19,SSP2-4.5,1
19,SSP2-4.5,1
19,SSP2-4.5,1
19,SSP2-4.5,1
19,SSP2-4.5,2
19,SSP2-4.5,2
19,SSP2-4.5,2
19,SSP2-4.5,2
19,SSP2-4.5,2
19,SSP2-4.5,2
19,SSP2-4.5,2
19,SSP2-4.5,2
19,SSP2-4.5,2
19,SSP2-4.5,2
19,SSP2-4.5,2
19,SSP2-4.5,2
19,SSP2-4.5,2
19,SSP2-4.5,2
19,SSP2-4.5,2
19,SSP2-4.5,2
19,SSP2-4.5,2
19,SSP2-4.5,2
19,SSP2-4.5,2
19,SSP2-4.5,2
19,SSP2-4.5,2
19,SSP2-4.5,2
19,SSP2-4.5,2
19,SSP2-4.5,2
19,SSP2-4.5,2
19,SSP2-4.5,2
19,SSP2-4.5,2
19,SSP2-4.5,2
19,SSP2-4.5,2
19,SSP2-4.5,2
19,SSP2-4.5,2
19,SSP2-4.5,2
19,SSP2-4.5,2
19,SSP2-4.5,2
19,SSP2-4.5,2
19,SSP2-4.5,2
19,SSP2-4.5,2
19,SSP2-4.5,2
19,SSP2-4.5,2
19,SSP2-4.5,2
19,SSP2-4.5,2
19,SSP2-4.5,2
19,SSP2-4.5,2
19,SSP2-4.5,2
19,SSP2-4.5,2
19,SSP2-4.5,2
19,SSP2-4.5,2
19,SSP2-4.5,2
19,SSP2-4.5,2
19,SSP2-4.5,2
19,SSP2-4.5,2
19,SSP2-4.5,2
19,SSP2-4.5,2
19,SSP2-4.5,2
19,SSP2-4.5,2
19,SSP2-4.5,2
19,SSP2-4.5,2
19,SSP2-4.5,2
19,SSP2-4.5,2
19,SSP2-4.5,2
19,SSP2-4.5,2
19,SSP2-4.5,2
19,SSP2-4.5,2
19,SSP2-4.5,2
19,SSP2-4.5,2
19,SSP2-4.5,2
19,SSP2-4.5,2
19,SSP2-4.5,2
19,SSP2-4.5,2
19,SSP2-4.5,2
19,SSP2-4.5,2
19,SSP2-4.5,2
19,SSP2-4.5,2
19,SSP2-4.5,2
19,SSP2-4.5,2
19,SSP2-4.5,2
19,SSP2-4.5,2
19,SSP2-4.5,2
19,SSP2-4.5,3
19,SSP2-4.5,3
19,SSP2-4.5,3
19,SSP2-4.5,3
19,SSP2-4.5,3
19,SSP2-4.5,3
19,SSP2-4.5,3
19,SSP2-4.5,3
19,SSP2-4.5,3
19,SSP2-4.5,3
19,SSP2-4.5,4
19,SSP3-7.0,1
19,SSP3-7.0,1
19,SSP3-7.0,1
19,SSP3-7.0,1
19,SSP3-7.0,1
19,SSP3-7.0,1
19,SSP3-7.0,1
19,SSP3-7.0,1
19,SSP3-7.0,1
19,SSP3-7.0,2
19,SSP3-7.0,2
19,SSP3-7.0,2
19,SSP3-7.0,2
19,SSP3-7.0,2
19,SSP3-7.0,2
19,SSP3-7.0,2
19,SSP3-7.0,2
19,SSP3-7.0,2
19,SSP3-7.0,2
19,SSP3-7.0,2
19,SSP3-7.0,2
19,SSP3-7.0,2
19,SSP3-7.0,2
19,SSP3-7.0,2
19,SSP3-7.0,2
19,SSP3-7.0,2
19,SSP3-7.0,2
19,SSP3-7.0,2
19,SSP3-7.0,2
19,SSP3-7.0,2
19,SSP3-7.0,2
19,SSP3-7.0,2
19,SSP3-7.0,2
19,SSP3-7.0,2
19,SSP3-7.0,2
19,SSP3-7.0,2
19,SSP3-7.0,2
19,SSP3-7.0,2
19,SSP3-7.0,2
19,SSP3-7.0,2
19,SSP3-7.0,2
19,SSP3-7.0,2
19,SSP3-7.0,2
19,SSP3-7.0,2
19,SSP3-7.0,2
19,SSP3-7.0,2
19,SSP3-7.0,2
19,SSP3-7.0,2
19,SSP3-7.0,2
19,SSP3-7.0,2
19,SSP3-7.0,2
19,SSP3-7.0,2
19,SSP3-7.0,2
19,SSP3-7.0,2
19,SSP3-7.0,2
19,SSP3-7.0,2
19,SSP3-7.0,2
19,SSP3-7.0,2
19,SSP3-7.0,2
19,SSP3-7.0,2
19,SSP3-7.0,2
19,SSP3-7.0,3
19,SSP3-7.0,3
19,SSP3-7.0,3
19,SSP3-7.0,3
19,SSP3-7.0,3
19,SSP3-7.0,3
19,SSP3-7.0,3
19,SSP3-7.0,3
19,SSP3-7.0,3
19,SSP3-7.0,3
19,SSP3-7.0,3
19,SSP3-7.0,3
19,SSP3-7.0,3
19,SSP3-7.0,3
19,SSP3-7.0,3
19,SSP3-7.0,3
19,SSP3-7.0,3
19,SSP3-7.0,3
19,SSP3-7.0,3
19,SSP3-7.0,3
19,SSP3-7.0,3
19,SSP3-7.0,3
19,SSP3-7.0,3
19,SSP3-7.0,3
19,SSP3-7.0,3
19,SSP3-7.0,3
19,SSP3-7.0,3
19,SSP3-7.0,3
19,SSP3-7.0,3
19,SSP3-7.0,3
19,SSP3-7.0,3
19,SSP3-7.0,3
19,SSP3-7.0,3
19,SSP3-7.0,3
19,SSP3-7.0,4
19,SSP3-7.0,4
19,SSP3-7.0,4
19,SSP5-8.5,1
19,SSP5-8.5,1
19,SSP5-8.5,1
19,SSP5-8.5,1
19,SSP5-8.5,1
19,SSP5-8.5,1
19,SSP5-8.5,1
19,SSP5-8.5,1
19,SSP5-8.5,2
19,SSP5-8.5,2
19,SSP5-8.5,2
19,SSP5-8.5,2
19,SSP5-8.5,2
19,SSP5-8.5,2
19,SSP5-8.5,2
19,SSP5-8.5,2
19,SSP5-8.5,2
19,SSP5-8.5,2
19,SSP5-8.5,2
19,SSP5-8.5,2
19,SSP5-8.5,2
19,SSP5-8.5,2
19,SSP5-8.5,2
19,SSP5-8.5,2
19,SSP5-8.5,2
19,SSP5-8.5,2
19,SSP5-8.5,2
19,SSP5-8.5,2
19,SSP5-8.5,2
19,SSP5-8.5,2
19,SSP5-8.5,2
19,SSP5-8.5,2
19,SSP5-8.5,2
19,SSP5-8.5,2
19,SSP5-8.5,2
19,SSP5-8.5,2
19,SSP5-8.5,2
19,SSP5-8.5,2
19,SSP5-8.5,2
19,SSP5-8.5,2
19,SSP5-8.5,2
19,SSP5-8.5,2
19,SSP5-8.5,2
19,SSP5-8.5,2
19,SSP5-8.5,2
19,SSP5-8.5,2
19,SSP5-8.5,2
19,SSP5-8.5,2
19,SSP5-8.5,2
19,SSP5-8.5,2
19,SSP5-8.5,2
19,SSP5-8.5,2
19,SSP5-8.5,2
19,SSP5-8.5,2
19,SSP5-8.5,3
19,SSP5-8.5,3
19,SSP5-8.5,3
19,SSP5-8.5,3
19,SSP5-8.5,3
19,SSP5-8.5,3
19,SSP5-8.5,3
19,SSP5-8.5,3
19,SSP5-8.5,3
19,SSP5-8.5,3
19,SSP5-8.5,3
19,SSP5-8.5,3
19,SSP5-8.5,3
19,SSP5-8.5,3
19,SSP5-8.5,3
19,SSP5-8.5,3
19,SSP5-8.5,3
19,SSP5-8.5,3
19,SSP5-8.5,3
19,SSP5-8.5,3
19,SSP5-8.5,3
19,SSP5-8.5,3
19,SSP5-8.5,3
19,SSP5-8.5,3
19,SSP5-8.5,3
19,SSP5-8.5,3
19,SSP5-8.5,3
19,SSP5-8.5,3
19,SSP5-8.5,3
19,SSP5-8.5,3
19,SSP5-8.5,3
19,SSP5-8.5,3
19,SSP5-8.5,3
19,SSP5-8.5,3
19,SSP5-8.5,4
19,SSP5-8.5,4
19,SSP5-8.5,4
19,SSP5-8.5,4
19,SSP5-8.5,4
19,SSP5-8.5,4
19,SSP5-8.5,4
19,SSP5-8.5,4
19,SSP5-8.5,5
20,SSP3-7.0,1
20,SSP3-7.0,2
20,SSP3-7.0,2
20,SSP3-7.0,2
20,SSP3-7.0,2
20,SSP3-7.0,2
20,SSP3-7.0,2
20,SSP3-7.0,2
20,SSP3-7.0,2
20,SSP3-7.0,2
20,SSP3-7.0,2
20,SSP3-7.0,2
20,SSP3-7.0,2
20,SSP3-7.0,2
20,SSP3-7.0,2
20,SSP3-7.0,2
20,SSP3-7.0,2
20,SSP3-7.0,2
20,SSP3-7.0,2
20,SSP3-7.0,2
20,SSP3-7.0,2
20,SSP3-7.0,2
20,SSP3-7.0,2
20,SSP3-7.0,2
20,SSP3-7.0,2
20,SSP3-7.0,2
20,SSP3-7.0,2
20,SSP3-7.0,2
20,SSP3-7.0,2
20,SSP3-7.0,2
20,SSP3-7.0,2
20,SSP3-7.0,2
20,SSP3-7.0,2
20,SSP3-7.0,2
20,SSP3-7.0,2
20,SSP3-7.0,2
20,SSP3-7.0,2
20,SSP3-7.0,2
20,SSP3-7.0,2
20,SSP3-7.0,2
20,SSP3-7.0,2
20,SSP3-7.0,2
20,SSP3-7.0,2
20,SSP3-7.0,2
20,SSP3-7.0,2
20,SSP3-7.0,2
20,SSP3-7.0,2
20,SSP3-7.0,2
20,SSP3-7.0,2
20,SSP3-7.0,2
20,SSP3-7.0,2
20,SSP3-7.0,2
20,SSP3-7.0,2
20,SSP3-7.0,2
20,SSP3-7.0,2
20,SSP3-7.0,2
20,SSP3-7.0,2
20,SSP3-7.0,2
20,SSP3-7.0,2
20,SSP3-7.0,2
20,SSP3-7.0,2
20,SSP3-7.0,2
20,SSP3-7.0,2
20,SSP3-7.0,2
20,SSP3-7.0,2
20,SSP3-7.0,2
20,SSP3-7.0,2
20,SSP3-7.0,2
20,SSP3-7.0,2
20,SSP3-7.0,2
20,SSP3-7.0,2
20,SSP3-7.0,2
20,SSP3-7.0,2
20,SSP3-7.0,2
20,SSP3-7.0,2
20,SSP3-7.0,2
20,SSP3-7.0,2
20,SSP3-7.0,2
20,SSP3-7.0,2
20,SSP3-7.0,2
20,SSP3-7.0,2
20,SSP3-7.0,2
20,SSP3-7.0,2
20,SSP3-7.0,2
20,SSP3-7.0,2
20,SSP3-7.0,2
20,SSP3-7.0,2
20,SSP3-7.0,2
20,SSP3-7.0,2
20,SSP3-7.0,2
20,SSP3-7.0,2
20,SSP3-7.0,2
20,SSP3-7.0,2
20,SSP3-7.0,2
20,SSP3-7.0,2
20,SSP3-7.0,2
20,SSP3-7.0,2
20,SSP3-7.0,2
20,SSP3-7.0,2
20,SSP5-8.5,1
20,SSP5-8.5,1
20,SSP5-8.5,1
20,SSP5-8.5,1
20,SSP5-8.5,1
20,SSP5-8.5,1
20,SSP5-8.5,1
20,SSP5-8.5,1
20,SSP5-8.5,2
20,SSP5-8.5,2
20,SSP5-8.5,2
20,SSP5-8.5,2
20,SSP5-8.5,2
20,SSP5-8.5,2
20,SSP5-8.5,2
20,SSP5-8.5,2
20,SSP5-8.5,2
20,SSP5-8.5,2
20,SSP5-8.5,2
20,SSP5-8.5,2
20,SSP5-8.5,2
20,SSP5-8.5,2
20,SSP5-8.5,2
20,SSP5-8.5,2
20,SSP5-8.5,2
20,SSP5-8.5,2
20,SSP5-8.5,2
20,SSP5-8.5,2
20,SSP5-8.5,2
20,SSP5-8.5,2
20,SSP5-8.5,2
20,SSP5-8.5,2
20,SSP5-8.5,2
20,SSP5-8.5,2
20,SSP5-8.5,2
20,SSP5-8.5,2
20,SSP5-8.5,2
20,SSP5-8.5,2
20,SSP5-8.5,2
20,SSP5-8.5,2
20,SSP5-8.5,2
20,SSP5-8.5,2
20,SSP5-8.5,2
20,SSP5-8.5,2
20,SSP5-8.5,2
20,SSP5-8.5,2
20,SSP5-8.5,2
20,SSP5-8.5,2
20,SSP5-8.5,2
20,SSP5-8.5,2
20,SSP5-8.5,2
20,SSP5-8.5,2
20,SSP5-8.5,2
20,SSP5-8.5,2
20,SSP5-8.5,2
20,SSP5-8.5,2
20,SSP5-8.5,2
20,SSP5-8.5,2
20,SSP5-8.5,2
20,SSP5-8.5,2
20,SSP5-8.5,2
20,SSP5-8.5,2
20,SSP5-8.5,2
20,SSP5-8.5,2
20,SSP5-8.5,2
20,SSP5-8.5,2
20,SSP5-8.5,2
20,SSP5-8.5,2
20,SSP5-8.5,2
20,SSP5-8.5,2
20,SSP5-8.5,2
20,SSP5-8.5,2
20,SSP5-8.5,2
20,SSP5-8.5,2
20,SSP5-8.5,2
20,SSP5-8.5,2
20,SSP5-8.5,2
20,SSP5-8.5,2
20,SSP5-8.5,2
20,SSP5-8.5,2
20,SSP5-8.5,2
20,SSP5-8.5,2
20,SSP5-8.5,2
20,SSP5-8.5,2
20,SSP5-8.5,2
20,SSP5-8.5,2
20,SSP5-8.5,2
20,SSP5-8.5,2
20,SSP5-8.5,2
20,SSP5-8.5,2
20,SSP5-8.5,2
20,SSP5-8.5,2
20,SSP5-8.5,2
20,SSP5-8.5,2
20,SSP5-8.5,2
20,SSP5-8.5,2
20,SSP5-8.5,2
20,SSP5-8.5,2
20,SSP5-8.5,2
21,SSP1-2.6,1
21,SSP1-2.6,1
21,SSP1-2.6,1
21,SSP1-2.6,1
21,SSP1-2.6,1
21,SSP1-2.6,1
21,SSP1-2.6,1
21,SSP1-2.6,1
21,SSP1-2.6,1
21,SSP1-2.6,1
21,SSP1-2.6,1
21,SSP1-2.6,1
21,SSP1-2.6,1
21,SSP1-2.6,1
21,SSP1-2.6,1
21,SSP1-2.6,1
21,SSP1-2.6,1
21,SSP1-2.6,1
21,SSP1-2.6,1
21,SSP1-2.6,1
21,SSP1-2.6,1
21,SSP1-2.6,1
21,SSP1-2.6,2
21,SSP1-2.6,2
21,SSP1-2.6,2
21,SSP1-2.6,2
21,SSP1-2.6,2
21,SSP1-2.6,2
21,SSP1-2.6,2
21,SSP1-2.6,2
21,SSP1-2.6,2
21,SSP1-2.6,2
21,SSP1-2.6,2
21,SSP1-2.6,2
21,SSP1-2.6,2
21,SSP1-2.6,2
21,SSP1-2.6,2
21,SSP1-2.6,2
21,SSP1-2.6,2
21,SSP1-2.6,2
21,SSP1-2.6,2
21,SSP1-2.6,2
21,SSP1-2.6,2
21,SSP1-2.6,2
21,SSP1-2.6,2
21,SSP1-2.6,2
21,SSP1-2.6,2
21,SSP1-2.6,2
21,SSP1-2.6,2
21,SSP1-2.6,2
21,SSP1-2.6,2
21,SSP1-2.6,2
21,SSP1-2.6,2
21,SSP1-2.6,2
21,SSP1-2.6,2
21,SSP1-2.6,2
21,SSP1-2.6,2
21,SSP1-2.6,2
21,SSP1-2.6,2
21,SSP1-2.6,2
21,SSP1-2.6,2
21,SSP1-2.6,2
21,SSP1-2.6,2
21,SSP1-2.6,2
21,SSP1-2.6,2
21,SSP1-2.6,2
21,SSP1-2.6,2
21,SSP1-2.6,2
21,SSP1-2.6,2
21,SSP1-2.6,2
21,SSP1-2.6,2
21,SSP1-2.6,2
21,SSP1-2.6,2
21,SSP1-2.6,2
21,SSP1-2.6,2
21,SSP1-2.6,2
21,SSP1-2.6,2
21,SSP1-2.6,2
21,SSP1-2.6,2
21,SSP1-2.6,2
21,SSP1-2.6,2
21,SSP1-2.6,2
21,SSP1-2.6,2
21,SSP1-2.6,2
21,SSP1-2.6,2
21,SSP1-2.6,2
21,SSP1-2.6,2
21,SSP1-2.6,2
21,SSP1-2.6,2
21,SSP1-2.6,2
21,SSP1-2.6,2
21,SSP1-2.6,2
21,SSP1-2.6,2
21,SSP1-2.6,2
21,SSP1-2.6,2
21,SSP1-2.6,2
21,SSP1-2.6,2
21,SSP1-2.6,2
21,SSP1-2.6,2
21,SSP2-4.5,1
21,SSP2-4.5,1
21,SSP2-4.5,1
21,SSP2-4.5,1
21,SSP2-4.5,1
21,SSP2-4.5,2
21,SSP2-4.5,2
21,SSP2-4.5,2
21,SSP2-4.5,2
21,SSP2-4.5,2
21,SSP2-4.5,2
21,SSP2-4.5,2
21,SSP2-4.5,2
21,SSP2-4.5,2
21,SSP2-4.5,2
21,SSP2-4.5,2
21,SSP2-4.5,2
21,SSP2-4.5,2
21,SSP2-4.5,2
21,SSP2-4.5,2
21,SSP2-4.5,2
21,SSP2-4.5,2
21,SSP2-4.5,2
21,SSP2-4.5,2
21,SSP2-4.5,2
21,SSP2-4.5,2
21,SSP2-4.5,2
21,SSP2-4.5,2
21,SSP2-4.5,2
21,SSP2-4.5,2
21,SSP2-4.5,2
21,SSP2-4.5,2
21,SSP2-4.5,2
21,SSP2-4.5,2
21,SSP2-4.5,2
21,SSP2-4.5,2
21,SSP2-4.5,2
21,SSP2-4.5,2
21,SSP2-4.5,2
21,SSP2-4.5,2
21,SSP2-4.5,2
21,SSP2-4.5,2
21,SSP2-4.5,2
21,SSP2-4.5,2
21,SSP2-4.5,2
21,SSP2-4.5,2
21,SSP2-4.5,2
21,SSP2-4.5,2
21,SSP2-4.5,2
21,SSP2-4.5,2
21,SSP2-4.5,2
21,SSP2-4.5,2
21,SSP2-4.5,2
21,SSP2-4.5,2
21,SSP2-4.5,2
21,SSP2-4.5,2
21,SSP2-4.5,2
21,SSP2-4.5,2
21,SSP2-4.5,2
21,SSP2-4.5,2
21,SSP2-4.5,2
21,SSP2-4.5,2
21,SSP2-4.5,2
21,SSP2-4.5,2
21,SSP2-4.5,2
21,SSP2-4.5,2
21,SSP2-4.5,2
21,SSP2-4.5,2
21,SSP2-4.5,2
21,SSP2-4.5,2
21,SSP2-4.5,2
21,SSP2-4.5,2
21,SSP2-4.5,2
21,SSP2-4.5,2
21,SSP2-4.5,2
21,SSP2-4.5,2
21,SSP2-4.5,2
21,SSP2-4.5,2
21,SSP2-4.5,2
21,SSP2-4.5,2
21,SSP2-4.5,2
21,SSP2-4.5,2
21,SSP2-4.5,2
21,SSP2-4.5,2
21,SSP2-4.5,2
21,SSP2-4.5,2
21,SSP2-4.5,2
21,SSP2-4.5,2
21,SSP2-4.5,2
21,SSP2-4.5,2
21,SSP2-4.5,2
21,SSP2-4.5,2
21,SSP2-4.5,2
21,SSP2-4.5,2
21,SSP2-4.5,2
21,SSP2-4.5,2
21,SSP2-4.5,2
21,SSP2-4.5,2
21,SSP2-4.5,2
21,SSP3-7.0,1
21,SSP3-7.0,1
21,SSP3-7.0,1
21,SSP3-7.0,1
21,SSP3-7.0,1
21,SSP3-7.0,1
21,SSP3-7.0,1
21,SSP3-7.0,1
21,SSP3-7.0,2
21,SSP3-7.0,2
21,SSP3-7.0,2
21,SSP3-7.0,2
21,SSP3-7.0,2
21,SSP3-7.0,2
21,SSP3-7.0,2
21,SSP3-7.0,2
21,SSP3-7.0,2
21,SSP3-7.0,2
21,SSP3-7.0,2
21,SSP3-7.0,2
21,SSP3-7.0,2
21,SSP3-7.0,2
21,SSP3-7.0,2
21,SSP3-7.0,2
21,SSP3-7.0,2
21,SSP3-7.0,2
21,SSP3-7.0,2
21,SSP3-7.0,2
21,SSP3-7.0,2
21,SSP3-7.0,2
21,SSP3-7.0,2
21,SSP3-7.0,2
21,SSP3-7.0,2
21,SSP3-7.0,2
21,SSP3-7.0,2
21,SSP3-7.0,2
21,SSP3-7.0,2
21,SSP3-7.0,2
21,SSP3-7.0,2
21,SSP3-7.0,2
21,SSP3-7.0,2
21,SSP3-7.0,2
21,SSP3-7.0,2
21,SSP3-7.0,2
21,SSP3-7.0,2
21,SSP3-7.0,2
21,SSP3-7.0,2
21,SSP3-7.0,2
21,SSP3-7.0,2
21,SSP3-7.0,2
21,SSP3-7.0,2
21,SSP3-7.0,2
21,SSP3-7.0,2
21,SSP3-7.0,2
21,SSP3-7.0,2
21,SSP3-7.0,2
21,SSP3-7.0,2
21,SSP3-7.0,2
21,SSP3-7.0,2
21,SSP3-7.0,2
21,SSP3-7.0,2
21,SSP3-7.0,2
21,SSP3-7.0,2
21,SSP3-7.0,2
21,SSP3-7.0,2
21,SSP3-7.0,2
21,SSP3-7.0,2
21,SSP3-7.0,2
21,SSP3-7.0,2
21,SSP3-7.0,2
21,SSP3-7.0,2
21,SSP3-7.0,2
21,SSP3-7.0,2
21,SSP3-7.0,2
21,SSP3-7.0,2
21,SSP3-7.0,2
21,SSP3-7.0,2
21,SSP3-7.0,2
21,SSP3-7.0,2
21,SSP3-7.0,2
21,SSP3-7.0,2
21,SSP3-7.0,3
21,SSP3-7.0,3
21,SSP3-7.0,3
21,SSP3-7.0,3
21,SSP3-7.0,3
21,SSP3-7.0,3
21,SSP3-7.0,3
21,SSP3-7.0,3
21,SSP3-7.0,3
21,SSP3-7.0,3
21,SSP3-7.0,3
21,SSP3-7.0,3
21,SSP3-7.0,3
21,SSP3-7.0,3
21,SSP3-7.0,3
21,SSP3-7.0,4
21,SSP3-7.0,6
21,SSP5-8.5,1
21,SSP5-8.5,1
21,SSP5-8.5,1
21,SSP5-8.5,1
21,SSP5-8.5,1
21,SSP5-8.5,1
21,SSP5-8.5,1
21,SSP5-8.5,1
21,SSP5-8.5,1
21,SSP5-8.5,1
21,SSP5-8.5,1
21,SSP5-8.5,1
21,SSP5-8.5,1
21,SSP5-8.5,1
21,SSP5-8.5,1
21,SSP5-8.5,1
21,SSP5-8.5,1
21,SSP5-8.5,1
21,SSP5-8.5,1
21,SSP5-8.5,1
21,SSP5-8.5,1
21,SSP5-8.5,1
21,SSP5-8.5,1
21,SSP5-8.5,1
21,SSP5-8.5,1
21,SSP5-8.5,1
21,SSP5-8.5,1
21,SSP5-8.5,1
21,SSP5-8.5,2
21,SSP5-8.5,2
21,SSP5-8.5,2
21,SSP5-8.5,2
21,SSP5-8.5,2
21,SSP5-8.5,2
21,SSP5-8.5,2
21,SSP5-8.5,2
21,SSP5-8.5,2
21,SSP5-8.5,2
21,SSP5-8.5,2
21,SSP5-8.5,2
21,SSP5-8.5,2
21,SSP5-8.5,2
21,SSP5-8.5,2
21,SSP5-8.5,2
21,SSP5-8.5,2
21,SSP5-8.5,2
21,SSP5-8.5,2
21,SSP5-8.5,2
21,SSP5-8.5,2
21,SSP5-8.5,2
21,SSP5-8.5,2
21,SSP5-8.5,2
21,SSP5-8.5,2
21,SSP5-8.5,2
21,SSP5-8.5,2
21,SSP5-8.5,2
21,SSP5-8.5,2
21,SSP5-8.5,2
21,SSP5-8.5,2
21,SSP5-8.5,2
21,SSP5-8.5,2
21,SSP5-8.5,2
21,SSP5-8.5,2
21,SSP5-8.5,2
21,SSP5-8.5,2
21,SSP5-8.5,2
21,SSP5-8.5,2
21,SSP5-8.5,2
21,SSP5-8.5,2
21,SSP5-8.5,2
21,SSP5-8.5,2
21,SSP5-8.5,2
21,SSP5-8.5,2
21,SSP5-8.5,2
21,SSP5-8.5,2
21,SSP5-8.5,2
21,SSP5-8.5,2
21,SSP5-8.5,2
21,SSP5-8.5,2
21,SSP5-8.5,2
21,SSP5-8.5,2
21,SSP5-8.5,2
21,SSP5-8.5,2
21,SSP5-8.5,2
21,SSP5-8.5,2
21,SSP5-8.5,2
21,SSP5-8.5,2
21,SSP5-8.5,2
21,SSP5-8.5,2
21,SSP5-8.5,2
21,SSP5-8.5,2
21,SSP5-8.5,2
21,SSP5-8.5,2
21,SSP5-8.5,2
21,SSP5-8.5,2
21,SSP5-8.5,2
21,SSP5-8.5,2
21,SSP5-8.5,3
22,SSP1-2.6,1
22,SSP1-2.6,1
22,SSP1-2.6,1
22,SSP1-2.6,1
22,SSP1-2.6,1
22,SSP1-2.6,1
22,SSP1-2.6,1
22,SSP1-2.6,1
22,SSP1-2.6,1
22,SSP1-2.6,1
22,SSP1-2.6,1
22,SSP1-2.6,1
22,SSP1-2.6,1
22,SSP1-2.6,1
22,SSP1-2.6,1
22,SSP1-2.6,1
22,SSP1-2.6,1
22,SSP1-2.6,1
22,SSP1-2.6,1
22,SSP1-2.6,1
22,SSP1-2.6,1
22,SSP1-2.6,1
22,SSP1-2.6,1
22,SSP1-2.6,1
22,SSP1-2.6,1
22,SSP1-2.6,1
22,SSP1-2.6,1
22,SSP1-2.6,1
22,SSP1-2.6,1
22,SSP1-2.6,1
22,SSP1-2.6,1
22,SSP1-2.6,1
22,SSP1-2.6,1
22,SSP1-2.6,1
22,SSP1-2.6,1
22,SSP1-2.6,1
22,SSP1-2.6,1
22,SSP1-2.6,1
22,SSP1-2.6,1
22,SSP1-2.6,1
22,SSP1-2.6,1
22,SSP1-2.6,1
22,SSP1-2.6,1
22,SSP1-2.6,1
22,SSP1-2.6,1
22,SSP1-2.6,1
22,SSP1-2.6,1
22,SSP1-2.6,1
22,SSP1-2.6,1
22,SSP1-2.6,1
22,SSP1-2.6,1
22,SSP1-2.6,1
22,SSP1-2.6,1
22,SSP1-2.6,1
22,SSP1-2.6,1
22,SSP1-2.6,1
22,SSP1-2.6,1
22,SSP1-2.6,1
22,SSP1-2.6,1
22,SSP1-2.6,2
22,SSP1-2.6,2
22,SSP1-2.6,2
22,SSP1-2.6,2
22,SSP1-2.6,2
22,SSP1-2.6,2
22,SSP1-2.6,2
22,SSP1-2.6,2
22,SSP1-2.6,2
22,SSP1-2.6,2
22,SSP1-2.6,2
22,SSP1-2.6,2
22,SSP1-2.6,2
22,SSP1-2.6,2
22,SSP1-2.6,2
22,SSP1-2.6,2
22,SSP1-2.6,2
22,SSP1-2.6,2
22,SSP1-2.6,2
22,SSP1-2.6,2
22,SSP1-2.6,2
22,SSP1-2.6,2
22,SSP1-2.6,2
22,SSP1-2.6,2
22,SSP1-2.6,2
22,SSP1-2.6,2
22,SSP1-2.6,2
22,SSP1-2.6,2
22,SSP1-2.6,2
22,SSP1-2.6,2
22,SSP1-2.6,2
22,SSP1-2.6,2
22,SSP1-2.6,2
22,SSP1-2.6,2
22,SSP1-2.6,2
22,SSP1-2.6,2
22,SSP1-2.6,2
22,SSP1-2.6,2
22,SSP1-2.6,2
22,SSP1-2.6,2
22,SSP2-4.5,1
22,SSP2-4.5,1
22,SSP2-4.5,1
22,SSP2-4.5,1
22,SSP2-4.5,1
22,SSP2-4.5,1
22,SSP2-4.5,1
22,SSP2-4.5,1
22,SSP2-4.5,1
22,SSP2-4.5,1
22,SSP2-4.5,1
22,SSP2-4.5,1
22,SSP2-4.5,1
22,SSP2-4.5,1
22,SSP2-4.5,1
22,SSP2-4.5,1
22,SSP2-4.5,1
22,SSP2-4.5,1
22,SSP2-4.5,1
22,SSP2-4.5,1
22,SSP2-4.5,1
22,SSP2-4.5,1
22,SSP2-4.5,1
22,SSP2-4.5,1
22,SSP2-4.5,1
22,SSP2-4.5,1
22,SSP2-4.5,1
22,SSP2-4.5,1
22,SSP2-4.5,1
22,SSP2-4.5,1
22,SSP2-4.5,1
22,SSP2-4.5,1
22,SSP2-4.5,1
22,SSP2-4.5,1
22,SSP2-4.5,1
22,SSP2-4.5,1
22,SSP2-4.5,1
22,SSP2-4.5,1
22,SSP2-4.5,1
22,SSP2-4.5,1
22,SSP2-4.5,1
22,SSP2-4.5,1
22,SSP2-4.5,1
22,SSP2-4.5,1
22,SSP2-4.5,1
22,SSP2-4.5,1
22,SSP2-4.5,1
22,SSP2-4.5,1
22,SSP2-4.5,1
22,SSP2-4.5,1
22,SSP2-4.5,1
22,SSP2-4.5,1
22,SSP2-4.5,1
22,SSP2-4.5,1
22,SSP2-4.5,1
22,SSP2-4.5,1
22,SSP2-4.5,1
22,SSP2-4.5,1
22,SSP2-4.5,1
22,SSP2-4.5,1
22,SSP2-4.5,1
22,SSP2-4.5,1
22,SSP2-4.5,1
22,SSP2-4.5,1
22,SSP2-4.5,1
22,SSP2-4.5,1
22,SSP2-4.5,1
22,SSP2-4.5,1
22,SSP2-4.5,1
22,SSP2-4.5,1
22,SSP2-4.5,1
22,SSP2-4.5,1
22,SSP2-4.5,1
22,SSP2-4.5,1
22,SSP2-4.5,1
22,SSP2-4.5,1
22,SSP2-4.5,1
22,SSP2-4.5,1
22,SSP2-4.5,1
22,SSP2-4.5,1
22,SSP2-4.5,2
22,SSP2-4.5,2
22,SSP2-4.5,2
22,SSP2-4.5,2
22,SSP2-4.5,2
22,SSP2-4.5,2
22,SSP2-4.5,2
22,SSP2-4.5,2
22,SSP2-4.5,2
22,SSP2-4.5,2
22,SSP2-4.5,2
22,SSP2-4.5,2
22,SSP2-4.5,2
22,SSP2-4.5,2
22,SSP2-4.5,2
22,SSP2-4.5,2
22,SSP2-4.5,2
22,SSP2-4.5,2
22,SSP2-4.5,2
22,SSP3-7.0,1
22,SSP3-7.0,1
22,SSP3-7.0,1
22,SSP3-7.0,1
22,SSP3-7.0,1
22,SSP3-7.0,1
22,SSP3-7.0,1
22,SSP3-7.0,1
22,SSP3-7.0,1
22,SSP3-7.0,1
22,SSP3-7.0,1
22,SSP3-7.0,1
22,SSP3-7.0,1
22,SSP3-7.0,1
22,SSP3-7.0,1
22,SSP3-7.0,1
22,SSP3-7.0,1
22,SSP3-7.0,1
22,SSP3-7.0,1
22,SSP3-7.0,1
22,SSP3-7.0,1
22,SSP3-7.0,1
22,SSP3-7.0,1
22,SSP3-7.0,1
22,SSP3-7.0,1
22,SSP3-7.0,1
22,SSP3-7.0,1
22,SSP3-7.0,1
22,SSP3-7.0,1
22,SSP3-7.0,1
22,SSP3-7.0,1
22,SSP3-7.0,1
22,SSP3-7.0,1
22,SSP3-7.0,1
22,SSP3-7.0,1
22,SSP3-7.0,1
22,SSP3-7.0,1
22,SSP3-7.0,1
22,SSP3-7.0,1
22,SSP3-7.0,1
22,SSP3-7.0,1
22,SSP3-7.0,1
22,SSP3-7.0,1
22,SSP3-7.0,1
22,SSP3-7.0,1
22,SSP3-7.0,1
22,SSP3-7.0,1
22,SSP3-7.0,1
22,SSP3-7.0,1
22,SSP3-7.0,1
22,SSP3-7.0,1
22,SSP3-7.0,1
22,SSP3-7.0,2
22,SSP3-7.0,2
22,SSP3-7.0,2
22,SSP3-7.0,2
22,SSP3-7.0,2
22,SSP3-7.0,2
22,SSP3-7.0,2
22,SSP3-7.0,2
22,SSP3-7.0,2
22,SSP3-7.0,2
22,SSP3-7.0,2
22,SSP3-7.0,2
22,SSP3-7.0,2
22,SSP3-7.0,2
22,SSP3-7.0,2
22,SSP3-7.0,2
22,SSP3-7.0,2
22,SSP3-7.0,2
22,SSP3-7.0,3
22,SSP3-7.0,3
22,SSP3-7.0,4
22,SSP3-7.0,6
22,SSP3-7.0,6
22,SSP3-7.0,6
22,SSP3-7.0,6
22,SSP3-7.0,6
22,SSP3-7.0,6
22,SSP3-7.0,6
22,SSP3-7.0,6
22,SSP3-7.0,6
22,SSP3-7.0,6
22,SSP3-7.0,6
22,SSP3-7.0,6
22,SSP3-7.0,6
22,SSP3-7.0,6
22,SSP3-7.0,6
22,SSP3-7.0,6
22,SSP3-7.0,6
22,SSP3-7.0,6
22,SSP3-7.0,6
22,SSP3-7.0,6
22,SSP3-7.0,6
22,SSP3-7.0,6
22,SSP5-8.5,1
22,SSP5-8.5,1
22,SSP5-8.5,1
22,SSP5-8.5,1
22,SSP5-8.5,1
22,SSP5-8.5,1
22,SSP5-8.5,1
22,SSP5-8.5,1
22,SSP5-8.5,1
22,SSP5-8.5,1
22,SSP5-8.5,1
22,SSP5-8.5,1
22,SSP5-8.5,1
22,SSP5-8.5,1
22,SSP5-8.5,1
22,SSP5-8.5,1
22,SSP5-8.5,1
22,SSP5-8.5,1
22,SSP5-8.5,1
22,SSP5-8.5,1
22,SSP5-8.5,1
22,SSP5-8.5,1
22,SSP5-8.5,1
22,SSP5-8.5,1
22,SSP5-8.5,1
22,SSP5-8.5,1
22,SSP5-8.5,1
22,SSP5-8.5,1
22,SSP5-8.5,1
22,SSP5-8.5,1
22,SSP5-8.5,1
22,SSP5-8.5,1
22,SSP5-8.5,1
22,SSP5-8.5,1
22,SSP5-8.5,1
22,SSP5-8.5,1
22,SSP5-8.5,1
22,SSP5-8.5,1
22,SSP5-8.5,1
22,SSP5-8.5,1
22,SSP5-8.5,1
22,SSP5-8.5,1
22,SSP5-8.5,1
22,SSP5-8.5,1
22,SSP5-8.5,1
22,SSP5-8.5,1
22,SSP5-8.5,1
22,SSP5-8.5,1
22,SSP5-8.5,1
22,SSP5-8.5,1
22,SSP5-8.5,1
22,SSP5-8.5,1
22,SSP5-8.5,1
22,SSP5-8.5,1
22,SSP5-8.5,1
22,SSP5-8.5,1
22,SSP5-8.5,1
22,SSP5-8.5,1
22,SSP5-8.5,1
22,SSP5-8.5,1
22,SSP5-8.5,1
22,SSP5-8.5,1
22,SSP5-8.5,1
22,SSP5-8.5,1
22,SSP5-8.5,1
22,SSP5-8.5,1
22,SSP5-8.5,1
22,SSP5-8.5,1
22,SSP5-8.5,1
22,SSP5-8.5,1
22,SSP5-8.5,1
22,SSP5-8.5,1
22,SSP5-8.5,1
22,SSP5-8.5,1
22,SSP5-8.5,1
22,SSP5-8.5,1
22,SSP5-8.5,1
22,SSP5-8.5,1
22,SSP5-8.5,1
22,SSP5-8.5,1
22,SSP5-8.5,1
22,SSP5-8.5,1
22,SSP5-8.5,1
22,SSP5-8.5,2
22,SSP5-8.5,2
22,SSP5-8.5,2
22,SSP5-8.5,2
22,SSP5-8.5,2
22,SSP5-8.5,2
22,SSP5-8.5,2
22,SSP5-8.5,2
22,SSP5-8.5,2
22,SSP5-8.5,2
22,SSP5-8.5,2
22,SSP5-8.5,2
22,SSP5-8.5,2
22,SSP5-8.5,2
22,SSP5-8.5,2
22,SSP5-8.5,2
23,SSP1-2.6,1
23,SSP1-2.6,1
23,SSP1-2.6,1
23,SSP1-2.6,1
23,SSP1-2.6,1
23,SSP1-2.6,1
23,SSP1-2.6,1
23,SSP1-2.6,1
23,SSP1-2.6,1
23,SSP1-2.6,1
23,SSP1-2.6,1
23,SSP1-2.6,1
23,SSP1-2.6,1
23,SSP1-2.6,1
23,SSP1-2.6,1
23,SSP1-2.6,1
23,SSP1-2.6,1
23,SSP1-2.6,1
23,SSP1-2.6,1
23,SSP1-2.6,1
23,SSP1-2.6,1
23,SSP1-2.6,1
23,SSP1-2.6,1
23,SSP1-2.6,1
23,SSP1-2.6,1
23,SSP1-2.6,1
23,SSP1-2.6,1
23,SSP1-2.6,1
23,SSP1-2.6,1
23,SSP1-2.6,1
23,SSP1-2.6,1
23,SSP1-2.6,1
23,SSP1-2.6,1
23,SSP1-2.6,1
23,SSP1-2.6,1
23,SSP1-2.6,1
23,SSP1-2.6,1
23,SSP1-2.6,1
23,SSP1-2.6,1
23,SSP1-2.6,1
23,SSP1-2.6,1
23,SSP1-2.6,1
23,SSP1-2.6,1
23,SSP1-2.6,1
23,SSP1-2.6,1
23,SSP1-2.6,1
23,SSP1-2.6,1
23,SSP1-2.6,1
23,SSP1-2.6,1
23,SSP1-2.6,1
23,SSP1-2.6,1
23,SSP1-2.6,1
23,SSP1-2.6,1
23,SSP1-2.6,1
23,SSP1-2.6,1
23,SSP1-2.6,1
23,SSP1-2.6,1
23,SSP1-2.6,1
23,SSP1-2.6,1
23,SSP1-2.6,1
23,SSP1-2.6,1
23,SSP1-2.6,1
23,SSP1-2.6,1
23,SSP1-2.6,1
23,SSP1-2.6,1
23,SSP1-2.6,1
23,SSP1-2.6,1
23,SSP1-2.6,1
23,SSP1-2.6,1
23,SSP1-2.6,1
23,SSP1-2.6,1
23,SSP1-2.6,1
23,SSP1-2.6,1
23,SSP1-2.6,1
23,SSP1-2.6,1
23,SSP1-2.6,1
23,SSP1-2.6,2
23,SSP1-2.6,2
23,SSP1-2.6,2
23,SSP1-2.6,2
23,SSP1-2.6,2
23,SSP1-2.6,2
23,SSP1-2.6,2
23,SSP1-2.6,2
23,SSP1-2.6,2
23,SSP1-2.6,2
23,SSP1-2.6,2
23,SSP1-2.6,2
23,SSP1-2.6,2
23,SSP1-2.6,2
23,SSP1-2.6,2
23,SSP1-2.6,2
23,SSP1-2.6,2
23,SSP1-2.6,2
23,SSP1-2.6,2
23,SSP1-2.6,2
23,SSP1-2.6,2
23,SSP1-2.6,2
23,SSP1-2.6,2
23,SSP2-4.5,1
23,SSP2-4.5,1
23,SSP2-4.5,1
23,SSP2-4.5,1
23,SSP2-4.5,1
23,SSP2-4.5,1
23,SSP2-4.5,1
23,SSP2-4.5,1
23,SSP2-4.5,1
23,SSP2-4.5,1
23,SSP2-4.5,1
23,SSP2-4.5,1
23,SSP2-4.5,1
23,SSP2-4.5,1
23,SSP2-4.5,1
23,SSP2-4.5,1
23,SSP2-4.5,1
23,SSP2-4.5,1
23,SSP2-4.5,1
23,SSP2-4.5,1
23,SSP2-4.5,1
23,SSP2-4.5,1
23,SSP2-4.5,1
23,SSP2-4.5,1
23,SSP2-4.5,1
23,SSP2-4.5,1
23,SSP2-4.5,1
23,SSP2-4.5,1
23,SSP2-4.5,1
23,SSP2-4.5,1
23,SSP2-4.5,1
23,SSP2-4.5,1
23,SSP2-4.5,1
23,SSP2-4.5,1
23,SSP2-4.5,1
23,SSP2-4.5,1
23,SSP2-4.5,1
23,SSP2-4.5,1
23,SSP2-4.5,1
23,SSP2-4.5,1
23,SSP2-4.5,1
23,SSP2-4.5,1
23,SSP2-4.5,1
23,SSP2-4.5,1
23,SSP2-4.5,1
23,SSP2-4.5,1
23,SSP2-4.5,1
23,SSP2-4.5,1
23,SSP2-4.5,1
23,SSP2-4.5,1
23,SSP2-4.5,1
23,SSP2-4.5,1
23,SSP2-4.5,1
23,SSP2-4.5,1
23,SSP2-4.5,1
23,SSP2-4.5,1
23,SSP2-4.5,1
23,SSP2-4.5,1
23,SSP2-4.5,1
23,SSP2-4.5,1
23,SSP2-4.5,1
23,SSP2-4.5,1
23,SSP2-4.5,1
23,SSP2-4.5,1
23,SSP2-4.5,1
23,SSP2-4.5,1
23,SSP2-4.5,1
23,SSP2-4.5,1
23,SSP2-4.5,1
23,SSP2-4.5,1
23,SSP2-4.5,1
23,SSP2-4.5,1
23,SSP2-4.5,1
23,SSP2-4.5,1
23,SSP2-4.5,1
23,SSP2-4.5,1
23,SSP2-4.5,1
23,SSP2-4.5,2
23,SSP2-4.5,2
23,SSP2-4.5,2
23,SSP2-4.5,2
23,SSP2-4.5,2
23,SSP2-4.5,2
23,SSP2-4.5,2
23,SSP2-4.5,2
23,SSP2-4.5,2
23,SSP2-4.5,2
23,SSP2-4.5,2
23,SSP2-4.5,2
23,SSP2-4.5,2
23,SSP2-4.5,2
23,SSP2-4.5,2
23,SSP2-4.5,2
23,SSP2-4.5,2
23,SSP2-4.5,2
23,SSP2-4.5,2
23,SSP2-4.5,2
23,SSP2-4.5,2
23,SSP2-4.5,2
23,SSP3-7.0,1
23,SSP3-7.0,1
23,SSP3-7.0,1
23,SSP3-7.0,1
23,SSP3-7.0,1
23,SSP3-7.0,1
23,SSP3-7.0,1
23,SSP3-7.0,1
23,SSP3-7.0,1
23,SSP3-7.0,1
23,SSP3-7.0,1
23,SSP3-7.0,1
23,SSP3-7.0,1
23,SSP3-7.0,1
23,SSP3-7.0,1
23,SSP3-7.0,1
23,SSP3-7.0,1
23,SSP3-7.0,1
23,SSP3-7.0,1
23,SSP3-7.0,1
23,SSP3-7.0,1
23,SSP3-7.0,1
23,SSP3-7.0,1
23,SSP3-7.0,1
23,SSP3-7.0,1
23,SSP3-7.0,1
23,SSP3-7.0,1
23,SSP3-7.0,1
23,SSP3-7.0,1
23,SSP3-7.0,1
23,SSP3-7.0,1
23,SSP3-7.0,1
23,SSP3-7.0,1
23,SSP3-7.0,1
23,SSP3-7.0,1
23,SSP3-7.0,1
23,SSP3-7.0,1
23,SSP3-7.0,1
23,SSP3-7.0,1
23,SSP3-7.0,1
23,SSP3-7.0,1
23,SSP3-7.0,1
23,SSP3-7.0,1
23,SSP3-7.0,1
23,SSP3-7.0,1
23,SSP3-7.0,1
23,SSP3-7.0,1
23,SSP3-7.0,1
23,SSP3-7.0,1
23,SSP3-7.0,1
23,SSP3-7.0,1
23,SSP3-7.0,1
23,SSP3-7.0,1
23,SSP3-7.0,1
23,SSP3-7.0,1
23,SSP3-7.0,1
23,SSP3-7.0,1
23,SSP3-7.0,1
23,SSP3-7.0,1
23,SSP3-7.0,1
23,SSP3-7.0,1
23,SSP3-7.0,1
23,SSP3-7.0,1
23,SSP3-7.0,1
23,SSP3-7.0,1
23,SSP3-7.0,1
23,SSP3-7.0,1
23,SSP3-7.0,1
23,SSP3-7.0,1
23,SSP3-7.0,1
23,SSP3-7.0,1
23,SSP3-7.0,1
23,SSP3-7.0,1
23,SSP3-7.0,1
23,SSP3-7.0,1
23,SSP3-7.0,1
23,SSP3-7.0,1
23,SSP3-7.0,1
23,SSP3-7.0,1
23,SSP3-7.0,1
23,SSP3-7.0,2
23,SSP3-7.0,2
23,SSP3-7.0,2
23,SSP3-7.0,2
23,SSP3-7.0,2
23,SSP3-7.0,2
23,SSP3-7.0,2
23,SSP3-7.0,2
23,SSP3-7.0,2
23,SSP3-7.0,2
23,SSP3-7.0,2
23,SSP3-7.0,2
23,SSP3-7.0,2
23,SSP3-7.0,2
23,SSP3-7.0,2
23,SSP3-7.0,2
23,SSP3-7.0,2
23,SSP3-7.0,2
23,SSP3-7.0,2
23,SSP5-8.5,1
23,SSP5-8.5,1
23,SSP5-8.5,1
23,SSP5-8.5,1
23,SSP5-8.5,1
23,SSP5-8.5,1
23,SSP5-8.5,1
23,SSP5-8.5,1
23,SSP5-8.5,1
23,SSP5-8.5,1
23,SSP5-8.5,1
23,SSP5-8.5,1
23,SSP5-8.5,1
23,SSP5-8.5,1
23,SSP5-8.5,1
23,SSP5-8.5,1
23,SSP5-8.5,1
23,SSP5-8.5,1
23,SSP5-8.5,1
23,SSP5-8.5,1
23,SSP5-8.5,1
23,SSP5-8.5,1
23,SSP5-8.5,1
23,SSP5-8.5,1
23,SSP5-8.5,1
23,SSP5-8.5,1
23,SSP5-8.5,1
23,SSP5-8.5,1
23,SSP5-8.5,1
23,SSP5-8.5,1
23,SSP5-8.5,1
23,SSP5-8.5,1
23,SSP5-8.5,1
23,SSP5-8.5,1
23,SSP5-8.5,1
23,SSP5-8.5,1
23,SSP5-8.5,1
23,SSP5-8.5,1
23,SSP5-8.5,1
23,SSP5-8.5,1
23,SSP5-8.5,1
23,SSP5-8.5,1
23,SSP5-8.5,1
23,SSP5-8.5,1
23,SSP5-8.5,1
23,SSP5-8.5,1
23,SSP5-8.5,1
23,SSP5-8.5,1
23,SSP5-8.5,1
23,SSP5-8.5,1
23,SSP5-8.5,1
23,SSP5-8.5,1
23,SSP5-8.5,1
23,SSP5-8.5,1
23,SSP5-8.5,1
23,SSP5-8.5,1
23,SSP5-8.5,1
23,SSP5-8.5,1
23,SSP5-8.5,1
23,SSP5-8.5,1
23,SSP5-8.5,1
23,SSP5-8.5,1
23,SSP5-8.5,1
23,SSP5-8.5,1
23,SSP5-8.5,1
23,SSP5-8.5,1
23,SSP5-8.5,1
23,SSP5-8.5,1
23,SSP5-8.5,1
23,SSP5-8.5,1
23,SSP5-8.5,1
23,SSP5-8.5,1
23,SSP5-8.5,1
23,SSP5-8.5,1
23,SSP5-8.5,1
23,SSP5-8.5,1
23,SSP5-8.5,1
23,SSP5-8.5,1
23,SSP5-8.5,1
23,SSP5-8.5,1
23,SSP5-8.5,1
23,SSP5-8.5,1
23,SSP5-8.5,1
23,SSP5-8.5,1
23,SSP5-8.5,1
23,SSP5-8.5,1
23,SSP5-8.5,1
23,SSP5-8.5,1
23,SSP5-8.5,1
23,SSP5-8.5,2
23,SSP5-8.5,2
23,SSP5-8.5,2
23,SSP5-8.5,2
23,SSP5-8.5,2
23,SSP5-8.5,2
23,SSP5-8.5,2
23,SSP5-8.5,2
23,SSP5-8.5,2
23,SSP5-8.5,2
24,SSP1-2.6,1
24,SSP1-2.6,1
24,SSP1-2.6,1
24,SSP1-2.6,1
24,SSP1-2.6,1
24,SSP1-2.6,1
24,SSP1-2.6,1
24,SSP1-2.6,1
24,SSP1-2.6,1
24,SSP1-2.6,1
24,SSP1-2.6,1
24,SSP1-2.6,1
24,SSP1-2.6,1
24,SSP1-2.6,1
24,SSP1-2.6,1
24,SSP1-2.6,1
24,SSP1-2.6,1
24,SSP1-2.6,1
24,SSP1-2.6,1
24,SSP1-2.6,1
24,SSP1-2.6,1
24,SSP1-2.6,1
24,SSP1-2.6,1
24,SSP1-2.6,1
24,SSP1-2.6,1
24,SSP1-2.6,1
24,SSP1-2.6,1
24,SSP1-2.6,1
24,SSP1-2.6,1
24,SSP1-2.6,1
24,SSP1-2.6,1
24,SSP1-2.6,1
24,SSP1-2.6,1
24,SSP1-2.6,1
24,SSP1-2.6,1
24,SSP1-2.6,1
24,SSP1-2.6,1
24,SSP1-2.6,1
24,SSP1-2.6,1
24,SSP1-2.6,1
24,SSP1-2.6,1
24,SSP1-2.6,1
24,SSP1-2.6,1
24,SSP1-2.6,1
24,SSP1-2.6,1
24,SSP1-2.6,1
24,SSP1-2.6,1
24,SSP1-2.6,1
24,SSP1-2.6,1
24,SSP1-2.6,1
24,SSP1-2.6,1
24,SSP1-2.6,1
24,SSP1-2.6,1
24,SSP1-2.6,1
24,SSP1-2.6,1
24,SSP1-2.6,1
24,SSP1-2.6,1
24,SSP1-2.6,1
24,SSP1-2.6,1
24,SSP1-2.6,1
24,SSP1-2.6,1
24,SSP1-2.6,1
24,SSP1-2.6,1
24,SSP1-2.6,1
24,SSP1-2.6,1
24,SSP1-2.6,1
24,SSP1-2.6,1
24,SSP1-2.6,1
24,SSP1-2.6,1
24,SSP1-2.6,1
24,SSP1-2.6,1
24,SSP1-2.6,1
24,SSP1-2.6,1
24,SSP1-2.6,1
24,SSP1-2.6,1
24,SSP1-2.6,1
24,SSP1-2.6,1
24,SSP1-2.6,1
24,SSP1-2.6,1
24,SSP1-2.6,2
24,SSP1-2.6,2
24,SSP1-2.6,2
24,SSP1-2.6,2
24,SSP1-2.6,2
24,SSP1-2.6,2
24,SSP1-2.6,2
24,SSP1-2.6,2
24,SSP1-2.6,2
24,SSP1-2.6,2
24,SSP1-2.6,2
24,SSP1-2.6,2
24,SSP1-2.6,2
24,SSP1-2.6,2
24,SSP1-2.6,2
24,SSP1-2.6,2
24,SSP1-2.6,2
24,SSP1-2.6,2
24,SSP1-2.6,2
24,SSP1-2.6,2
24,SSP2-4.5,1
24,SSP2-4.5,1
24,SSP2-4.5,1
24,SSP2-4.5,1
24,SSP2-4.5,1
24,SSP2-4.5,1
24,SSP2-4.5,1
24,SSP2-4.5,1
24,SSP2-4.5,1
24,SSP2-4.5,1
24,SSP2-4.5,1
24,SSP2-4.5,1
24,SSP2-4.5,1
24,SSP2-4.5,1
24,SSP2-4.5,1
24,SSP2-4.5,1
24,SSP2-4.5,1
24,SSP2-4.5,1
24,SSP2-4.5,1
24,SSP2-4.5,1
24,SSP2-4.5,1
24,SSP2-4.5,1
24,SSP2-4.5,1
24,SSP2-4.5,1
24,SSP2-4.5,1
24,SSP2-4.5,1
24,SSP2-4.5,1
24,SSP2-4.5,1
24,SSP2-4.5,1
24,SSP2-4.5,1
24,SSP2-4.5,1
24,SSP2-4.5,1
24,SSP2-4.5,1
24,SSP2-4.5,1
24,SSP2-4.5,1
24,SSP2-4.5,1
24,SSP2-4.5,1
24,SSP2-4.5,1
24,SSP2-4.5,1
24,SSP2-4.5,1
24,SSP2-4.5,1
24,SSP2-4.5,1
24,SSP2-4.5,1
24,SSP2-4.5,1
24,SSP2-4.5,1
24,SSP2-4.5,1
24,SSP2-4.5,1
24,SSP2-4.5,1
24,SSP2-4.5,1
24,SSP2-4.5,1
24,SSP2-4.5,1
24,SSP2-4.5,1
24,SSP2-4.5,1
24,SSP2-4.5,1
24,SSP2-4.5,1
24,SSP2-4.5,1
24,SSP2-4.5,1
24,SSP2-4.5,1
24,SSP2-4.5,1
24,SSP2-4.5,1
24,SSP2-4.5,1
24,SSP2-4.5,1
24,SSP2-4.5,1
24,SSP2-4.5,1
24,SSP2-4.5,1
24,SSP2-4.5,1
24,SSP2-4.5,1
24,SSP2-4.5,1
24,SSP2-4.5,1
24,SSP2-4.5,1
24,SSP2-4.5,1
24,SSP2-4.5,1
24,SSP2-4.5,1
24,SSP2-4.5,1
24,SSP2-4.5,1
24,SSP2-4.5,1
24,SSP2-4.5,1
24,SSP2-4.5,1
24,SSP2-4.5,1
24,SSP2-4.5,1
24,SSP2-4.5,1
24,SSP2-4.5,1
24,SSP2-4.5,1
24,SSP2-4.5,2
24,SSP2-4.5,2
24,SSP2-4.5,2
24,SSP2-4.5,2
24,SSP2-4.5,2
24,SSP2-4.5,2
24,SSP2-4.5,2
24,SSP2-4.5,2
24,SSP2-4.5,2
24,SSP2-4.5,2
24,SSP2-4.5,2
24,SSP2-4.5,2
24,SSP2-4.5,2
24,SSP2-4.5,2
24,SSP2-4.5,2
24,SSP2-4.5,2
24,SSP3-7.0,1
24,SSP3-7.0,1
24,SSP3-7.0,1
24,SSP3-7.0,1
24,SSP3-7.0,1
24,SSP3-7.0,1
24,SSP3-7.0,1
24,SSP3-7.0,1
24,SSP3-7.0,1
24,SSP3-7.0,1
24,SSP3-7.0,1
24,SSP3-7.0,1
24,SSP3-7.0,1
24,SSP3-7.0,1
24,SSP3-7.0,1
24,SSP3-7.0,1
24,SSP3-7.0,1
24,SSP3-7.0,1
24,SSP3-7.0,1
24,SSP3-7.0,1
24,SSP3-7.0,1
24,SSP3-7.0,1
24,SSP3-7.0,1
24,SSP3-7.0,1
24,SSP3-7.0,1
24,SSP3-7.0,1
24,SSP3-7.0,1
24,SSP3-7.0,1
24,SSP3-7.0,1
24,SSP3-7.0,1
24,SSP3-7.0,1
24,SSP3-7.0,1
24,SSP3-7.0,1
24,SSP3-7.0,1
24,SSP3-7.0,1
24,SSP3-7.0,1
24,SSP3-7.0,1
24,SSP3-7.0,1
24,SSP3-7.0,1
24,SSP3-7.0,1
24,SSP3-7.0,1
24,SSP3-7.0,1
24,SSP3-7.0,1
24,SSP3-7.0,1
24,SSP3-7.0,1
24,SSP3-7.0,1
24,SSP3-7.0,1
24,SSP3-7.0,1
24,SSP3-7.0,1
24,SSP3-7.0,1
24,SSP3-7.0,1
24,SSP3-7.0,1
24,SSP3-7.0,1
24,SSP3-7.0,1
24,SSP3-7.0,1
24,SSP3-7.0,1
24,SSP3-7.0,1
24,SSP3-7.0,1
24,SSP3-7.0,1
24,SSP3-7.0,1
24,SSP3-7.0,1
24,SSP3-7.0,1
24,SSP3-7.0,1
24,SSP3-7.0,1
24,SSP3-7.0,1
24,SSP3-7.0,1
24,SSP3-7.0,1
24,SSP3-7.0,1
24,SSP3-7.0,1
24,SSP3-7.0,1
24,SSP3-7.0,1
24,SSP3-7.0,1
24,SSP3-7.0,1
24,SSP3-7.0,1
24,SSP3-7.0,1
24,SSP3-7.0,1
24,SSP3-7.0,1
24,SSP3-7.0,1
24,SSP3-7.0,1
24,SSP3-7.0,1
24,SSP3-7.0,1
24,SSP3-7.0,1
24,SSP3-7.0,1
24,SSP3-7.0,1
24,SSP3-7.0,1
24,SSP3-7.0,1
24,SSP3-7.0,1
24,SSP3-7.0,1
24,SSP3-7.0,2
24,SSP3-7.0,2
24,SSP3-7.0,2
24,SSP3-7.0,2
24,SSP3-7.0,2
24,SSP3-7.0,2
24,SSP3-7.0,2
24,SSP3-7.0,2
24,SSP3-7.0,2
24,SSP3-7.0,2
24,SSP3-7.0,2
24,SSP5-8.5,1
24,SSP5-8.5,1
24,SSP5-8.5,1
24,SSP5-8.5,1
24,SSP5-8.5,1
24,SSP5-8.5,1
24,SSP5-8.5,1
24,SSP5-8.5,1
24,SSP5-8.5,1
24,SSP5-8.5,1
24,SSP5-8.5,1
24,SSP5-8.5,1
24,SSP5-8.5,1
24,SSP5-8.5,1
24,SSP5-8.5,1
24,SSP5-8.5,1
24,SSP5-8.5,1
24,SSP5-8.5,1
24,SSP5-8.5,1
24,SSP5-8.5,1
24,SSP5-8.5,1
24,SSP5-8.5,1
24,SSP5-8.5,1
24,SSP5-8.5,1
24,SSP5-8.5,1
24,SSP5-8.5,1
24,SSP5-8.5,1
24,SSP5-8.5,1
24,SSP5-8.5,1
24,SSP5-8.5,1
24,SSP5-8.5,1
24,SSP5-8.5,1
24,SSP5-8.5,1
24,SSP5-8.5,1
24,SSP5-8.5,1
24,SSP5-8.5,1
24,SSP5-8.5,1
24,SSP5-8.5,1
24,SSP5-8.5,1
24,SSP5-8.5,1
24,SSP5-8.5,1
24,SSP5-8.5,1
24,SSP5-8.5,1
24,SSP5-8.5,1
24,SSP5-8.5,1
24,SSP5-8.5,1
24,SSP5-8.5,1
24,SSP5-8.5,1
24,SSP5-8.5,1
24,SSP5-8.5,1
24,SSP5-8.5,1
24,SSP5-8.5,1
24,SSP5-8.5,1
24,SSP5-8.5,1
24,SSP5-8.5,1
24,SSP5-8.5,1
24,SSP5-8.5,1
24,SSP5-8.5,1
24,SSP5-8.5,1
24,SSP5-8.5,1
24,SSP5-8.5,1
24,SSP5-8.5,1
24,SSP5-8.5,1
24,SSP5-8.5,1
24,SSP5-8.5,1
24,SSP5-8.5,1
24,SSP5-8.5,1
24,SSP5-8.5,1
24,SSP5-8.5,1
24,SSP5-8.5,1
24,SSP5-8.5,1
24,SSP5-8.5,1
24,SSP5-8.5,1
24,SSP5-8.5,1
24,SSP5-8.5,1
24,SSP5-8.5,1
24,SSP5-8.5,1
24,SSP5-8.5,1
24,SSP5-8.5,1
24,SSP5-8.5,1
24,SSP5-8.5,1
24,SSP5-8.5,1
24,SSP5-8.5,1
24,SSP5-8.5,1
24,SSP5-8.5,1
24,SSP5-8.5,1
24,SSP5-8.5,1
24,SSP5-8.5,1
24,SSP5-8.5,2
24,SSP5-8.5,2
24,SSP5-8.5,2
24,SSP5-8.5,2
24,SSP5-8.5,2
24,SSP5-8.5,2
24,SSP5-8.5,2
24,SSP5-8.5,2
24,SSP5-8.5,2
24,SSP5-8.5,2
24,SSP5-8.5,2
25,SSP1-2.6,1
25,SSP1-2.6,2
25,SSP1-2.6,2
25,SSP1-2.6,2
25,SSP1-2.6,2
25,SSP1-2.6,2
25,SSP1-2.6,2
25,SSP1-2.6,2
25,SSP1-2.6,2
25,SSP1-2.6,2
25,SSP1-2.6,2
25,SSP1-2.6,2
25,SSP1-2.6,2
25,SSP1-2.6,2
25,SSP1-2.6,2
25,SSP1-2.6,2
25,SSP1-2.6,2
25,SSP1-2.6,2
25,SSP1-2.6,2
25,SSP1-2.6,2
25,SSP1-2.6,2
25,SSP1-2.6,2
25,SSP1-2.6,2
25,SSP1-2.6,2
25,SSP1-2.6,2
25,SSP1-2.6,2
25,SSP1-2.6,2
25,SSP1-2.6,2
25,SSP1-2.6,2
25,SSP1-2.6,2
25,SSP1-2.6,2
25,SSP1-2.6,2
25,SSP1-2.6,2
25,SSP1-2.6,2
25,SSP1-2.6,2
25,SSP1-2.6,2
25,SSP1-2.6,2
25,SSP1-2.6,2
25,SSP1-2.6,2
25,SSP1-2.6,2
25,SSP1-2.6,2
25,SSP1-2.6,2
25,SSP1-2.6,2
25,SSP1-2.6,2
25,SSP1-2.6,2
25,SSP1-2.6,2
25,SSP1-2.6,2
25,SSP1-2.6,2
25,SSP1-2.6,2
25,SSP1-2.6,2
25,SSP1-2.6,2
25,SSP1-2.6,2
25,SSP1-2.6,2
25,SSP1-2.6,2
25,SSP1-2.6,2
25,SSP1-2.6,2
25,SSP1-2.6,2
25,SSP1-2.6,2
25,SSP1-2.6,2
25,SSP1-2.6,2
25,SSP1-2.6,2
25,SSP1-2.6,2
25,SSP1-2.6,2
25,SSP1-2.6,2
25,SSP1-2.6,2
25,SSP1-2.6,2
25,SSP1-2.6,2
25,SSP1-2.6,2
25,SSP1-2.6,2
25,SSP1-2.6,2
25,SSP1-2.6,2
25,SSP1-2.6,2
25,SSP1-2.6,2
25,SSP1-2.6,2
25,SSP1-2.6,2
25,SSP1-2.6,2
25,SSP1-2.6,2
25,SSP1-2.6,2
25,SSP1-2.6,2
25,SSP1-2.6,2
25,SSP1-2.6,2
25,SSP1-2.6,2
25,SSP1-2.6,2
25,SSP1-2.6,2
25,SSP1-2.6,2
25,SSP1-2.6,3
25,SSP1-2.6,3
25,SSP1-2.6,3
25,SSP1-2.6,3
25,SSP1-2.6,3
25,SSP1-2.6,3
25,SSP1-2.6,3
25,SSP1-2.6,3
25,SSP1-2.6,3
25,SSP1-2.6,3
25,SSP1-2.6,3
25,SSP1-2.6,3
25,SSP1-2.6,3
25,SSP1-2.6,3
25,SSP2-4.5,1
25,SSP2-4.5,1
25,SSP2-4.5,1
25,SSP2-4.5,1
25,SSP2-4.5,1
25,SSP2-4.5,1
25,SSP2-4.5,1
25,SSP2-4.5,1
25,SSP2-4.5,1
25,SSP2-4.5,1
25,SSP2-4.5,1
25,SSP2-4.5,2
25,SSP2-4.5,2
25,SSP2-4.5,2
25,SSP2-4.5,2
25,SSP2-4.5,2
25,SSP2-4.5,2
25,SSP2-4.5,2
25,SSP2-4.5,2
25,SSP2-4.5,2
25,SSP2-4.5,2
25,SSP2-4.5,2
25,SSP2-4.5,2
25,SSP2-4.5,2
25,SSP2-4.5,2
25,SSP2-4.5,2
25,SSP2-4.5,2
25,SSP2-4.5,2
25,SSP2-4.5,2
25,SSP2-4.5,2
25,SSP2-4.5,2
25,SSP2-4.5,2
25,SSP2-4.5,2
25,SSP2-4.5,2
25,SSP2-4.5,2
25,SSP2-4.5,2
25,SSP2-4.5,2
25,SSP2-4.5,2
25,SSP2-4.5,2
25,SSP2-4.5,2
25,SSP2-4.5,2
25,SSP2-4.5,2
25,SSP2-4.5,2
25,SSP2-4.5,2
25,SSP2-4.5,2
25,SSP2-4.5,2
25,SSP2-4.5,2
25,SSP2-4.5,2
25,SSP2-4.5,2
25,SSP2-4.5,2
25,SSP2-4.5,2
25,SSP2-4.5,2
25,SSP2-4.5,2
25,SSP2-4.5,2
25,SSP2-4.5,2
25,SSP2-4.5,2
25,SSP2-4.5,2
25,SSP2-4.5,2
25,SSP2-4.5,2
25,SSP2-4.5,2
25,SSP2-4.5,2
25,SSP2-4.5,2
25,SSP2-4.5,2
25,SSP2-4.5,2
25,SSP2-4.5,2
25,SSP2-4.5,3
25,SSP2-4.5,3
25,SSP2-4.5,3
25,SSP2-4.5,3
25,SSP2-4.5,3
25,SSP2-4.5,3
25,SSP2-4.5,3
25,SSP2-4.5,3
25,SSP2-4.5,3
25,SSP2-4.5,3
25,SSP2-4.5,3
25,SSP2-4.5,3
25,SSP2-4.5,3
25,SSP2-4.5,3
25,SSP2-4.5,3
25,SSP2-4.5,3
25,SSP2-4.5,3
25,SSP2-4.5,3
25,SSP2-4.5,3
25,SSP2-4.5,3
25,SSP2-4.5,3
25,SSP2-4.5,3
25,SSP2-4.5,3
25,SSP2-4.5,3
25,SSP2-4.5,3
25,SSP2-4.5,3
25,SSP2-4.5,3
25,SSP2-4.5,3
25,SSP2-4.5,3
25,SSP2-4.5,3
25,SSP2-4.5,3
25,SSP2-4.5,3
25,SSP2-4.5,3
25,SSP2-4.5,3
25,SSP3-7.0,1
25,SSP3-7.0,1
25,SSP3-7.0,1
25,SSP3-7.0,1
25,SSP3-7.0,1
25,SSP3-7.0,1
25,SSP3-7.0,1
25,SSP3-7.0,1
25,SSP3-7.0,1
25,SSP3-7.0,1
25,SSP3-7.0,2
25,SSP3-7.0,2
25,SSP3-7.0,2
25,SSP3-7.0,2
25,SSP3-7.0,2
25,SSP3-7.0,2
25,SSP3-7.0,2
25,SSP3-7.0,2
25,SSP3-7.0,2
25,SSP3-7.0,2
25,SSP3-7.0,2
25,SSP3-7.0,2
25,SSP3-7.0,2
25,SSP3-7.0,2
25,SSP3-7.0,2
25,SSP3-7.0,2
25,SSP3-7.0,2
25,SSP3-7.0,2
25,SSP3-7.0,2
25,SSP3-7.0,2
25,SSP3-7.0,2
25,SSP3-7.0,2
25,SSP3-7.0,2
25,SSP3-7.0,2
25,SSP3-7.0,2
25,SSP3-7.0,2
25,SSP3-7.0,2
25,SSP3-7.0,2
25,SSP3-7.0,2
25,SSP3-7.0,2
25,SSP3-7.0,2
25,SSP3-7.0,2
25,SSP3-7.0,2
25,SSP3-7.0,2
25,SSP3-7.0,2
25,SSP3-7.0,2
25,SSP3-7.0,2
25,SSP3-7.0,2
25,SSP3-7.0,2
25,SSP3-7.0,2
25,SSP3-7.0,2
25,SSP3-7.0,2
25,SSP3-7.0,2
25,SSP3-7.0,2
25,SSP3-7.0,2
25,SSP3-7.0,2
25,SSP3-7.0,2
25,SSP3-7.0,2
25,SSP3-7.0,2
25,SSP3-7.0,2
25,SSP3-7.0,3
25,SSP3-7.0,3
25,SSP3-7.0,3
25,SSP3-7.0,3
25,SSP3-7.0,3
25,SSP3-7.0,3
25,SSP3-7.0,3
25,SSP3-7.0,3
25,SSP3-7.0,3
25,SSP3-7.0,3
25,SSP3-7.0,3
25,SSP3-7.0,3
25,SSP3-7.0,3
25,SSP3-7.0,3
25,SSP3-7.0,3
25,SSP3-7.0,3
25,SSP3-7.0,3
25,SSP3-7.0,3
25,SSP3-7.0,3
25,SSP3-7.0,3
25,SSP3-7.0,4
25,SSP3-7.0,4
25,SSP3-7.0,4
25,SSP3-7.0,4
25,SSP3-7.0,4
25,SSP3-7.0,4
25,SSP3-7.0,4
25,SSP3-7.0,4
25,SSP3-7.0,4
25,SSP3-7.0,4
25,SSP3-7.0,4
25,SSP3-7.0,4
25,SSP3-7.0,4
25,SSP3-7.0,4
25,SSP3-7.0,4
25,SSP3-7.0,4
25,SSP3-7.0,4
25,SSP5-8.5,1
25,SSP5-8.5,1
25,SSP5-8.5,1
25,SSP5-8.5,1
25,SSP5-8.5,1
25,SSP5-8.5,1
25,SSP5-8.5,1
25,SSP5-8.5,1
25,SSP5-8.5,1
25,SSP5-8.5,1
25,SSP5-8.5,1
25,SSP5-8.5,1
25,SSP5-8.5,1
25,SSP5-8.5,2
25,SSP5-8.5,2
25,SSP5-8.5,2
25,SSP5-8.5,2
25,SSP5-8.5,2
25,SSP5-8.5,2
25,SSP5-8.5,2
25,SSP5-8.5,2
25,SSP5-8.5,2
25,SSP5-8.5,2
25,SSP5-8.5,2
25,SSP5-8.5,2
25,SSP5-8.5,2
25,SSP5-8.5,2
25,SSP5-8.5,2
25,SSP5-8.5,2
25,SSP5-8.5,2
25,SSP5-8.5,2
25,SSP5-8.5,2
25,SSP5-8.5,2
25,SSP5-8.5,2
25,SSP5-8.5,2
25,SSP5-8.5,2
25,SSP5-8.5,2
25,SSP5-8.5,2
25,SSP5-8.5,2
25,SSP5-8.5,2
25,SSP5-8.5,2
25,SSP5-8.5,2
25,SSP5-8.5,2
25,SSP5-8.5,2
25,SSP5-8.5,2
25,SSP5-8.5,2
25,SSP5-8.5,2
25,SSP5-8.5,2
25,SSP5-8.5,2
25,SSP5-8.5,2
25,SSP5-8.5,2
25,SSP5-8.5,2
25,SSP5-8.5,2
25,SSP5-8.5,2
25,SSP5-8.5,2
25,SSP5-8.5,2
25,SSP5-8.5,2
25,SSP5-8.5,2
25,SSP5-8.5,2
25,SSP5-8.5,2
25,SSP5-8.5,2
25,SSP5-8.5,2
25,SSP5-8.5,2
25,SSP5-8.5,2
25,SSP5-8.5,2
25,SSP5-8.5,2
25,SSP5-8.5,2
25,SSP5-8.5,2
25,SSP5-8.5,3
25,SSP5-8.5,3
25,SSP5-8.5,3
25,SSP5-8.5,3
25,SSP5-8.5,3
25,SSP5-8.5,3
25,SSP5-8.5,3
25,SSP5-8.5,3
25,SSP5-8.5,3
25,SSP5-8.5,3
25,SSP5-8.5,3
25,SSP5-8.5,4
25,SSP5-8.5,4
25,SSP5-8.5,4
25,SSP5-8.5,4
25,SSP5-8.5,4
25,SSP5-8.5,4
25,SSP5-8.5,4
25,SSP5-8.5,4
25,SSP5-8.5,4
25,SSP5-8.5,4
25,SSP5-8.5,4
25,SSP5-8.5,4
25,SSP5-8.5,4
25,SSP5-8.5,4
25,SSP5-8.5,4
25,SSP5-8.5,4
25,SSP5-8.5,4
25,SSP5-8.5,4
26,SSP1-2.6,1
26,SSP1-2.6,1
26,SSP1-2.6,1
26,SSP1-2.6,1
26,SSP1-2.6,1
26,SSP1-2.6,1
26,SSP1-2.6,1
26,SSP1-2.6,1
26,SSP1-2.6,1
26,SSP1-2.6,1
26,SSP1-2.6,1
26,SSP1-2.6,1
26,SSP1-2.6,1
26,SSP1-2.6,1
26,SSP1-2.6,1
26,SSP1-2.6,1
26,SSP1-2.6,1
26,SSP1-2.6,1
26,SSP1-2.6,1
26,SSP1-2.6,1
26,SSP1-2.6,1
26,SSP1-2.6,1
26,SSP1-2.6,1
26,SSP1-2.6,1
26,SSP1-2.6,1
26,SSP1-2.6,1
26,SSP1-2.6,1
26,SSP1-2.6,1
26,SSP1-2.6,1
26,SSP1-2.6,1
26,SSP1-2.6,1
26,SSP1-2.6,1
26,SSP1-2.6,1
26,SSP1-2.6,1
26,SSP1-2.6,1
26,SSP1-2.6,1
26,SSP1-2.6,1
26,SSP1-2.6,1
26,SSP1-2.6,1
26,SSP1-2.6,2
26,SSP1-2.6,2
26,SSP1-2.6,2
26,SSP1-2.6,2
26,SSP1-2.6,2
26,SSP1-2.6,2
26,SSP1-2.6,2
26,SSP1-2.6,2
26,SSP1-2.6,2
26,SSP1-2.6,2
26,SSP1-2.6,2
26,SSP1-2.6,2
26,SSP1-2.6,2
26,SSP1-2.6,2
26,SSP1-2.6,2
26,SSP1-2.6,2
26,SSP1-2.6,2
26,SSP1-2.6,2
26,SSP1-2.6,2
26,SSP1-2.6,2
26,SSP1-2.6,2
26,SSP1-2.6,2
26,SSP1-2.6,2
26,SSP1-2.6,2
26,SSP1-2.6,2
26,SSP1-2.6,2
26,SSP1-2.6,2
26,SSP1-2.6,2
26,SSP1-2.6,2
26,SSP1-2.6,2
26,SSP1-2.6,2
26,SSP1-2.6,2
26,SSP1-2.6,2
26,SSP1-2.6,2
26,SSP1-2.6,2
26,SSP1-2.6,2
26,SSP1-2.6,2
26,SSP1-2.6,2
26,SSP1-2.6,2
26,SSP1-2.6,2
26,SSP1-2.6,2
26,SSP1-2.6,2
26,SSP1-2.6,2
26,SSP1-2.6,2
26,SSP1-2.6,2
26,SSP1-2.6,2
26,SSP1-2.6,2
26,SSP1-2.6,2
26,SSP1-2.6,2
26,SSP1-2.6,2
26,SSP1-2.6,2
26,SSP1-2.6,2
26,SSP1-2.6,2
26,SSP1-2.6,2
26,SSP1-2.6,2
26,SSP1-2.6,2
26,SSP1-2.6,2
26,SSP1-2.6,2
26,SSP1-2.6,2
26,SSP1-2.6,3
26,SSP2-4.5,1
26,SSP2-4.5,1
26,SSP2-4.5,1
26,SSP2-4.5,1
26,SSP2-4.5,1
26,SSP2-4.5,1
26,SSP2-4.5,1
26,SSP2-4.5,1
26,SSP2-4.5,1
26,SSP2-4.5,1
26,SSP2-4.5,1
26,SSP2-4.5,1
26,SSP2-4.5,2
26,SSP2-4.5,2
26,SSP2-4.5,2
26,SSP2-4.5,2
26,SSP2-4.5,2
26,SSP2-4.5,2
26,SSP2-4.5,2
26,SSP2-4.5,2
26,SSP2-4.5,2
26,SSP2-4.5,2
26,SSP2-4.5,2
26,SSP2-4.5,2
26,SSP2-4.5,2
26,SSP2-4.5,2
26,SSP2-4.5,2
26,SSP2-4.5,2
26,SSP2-4.5,2
26,SSP2-4.5,2
26,SSP2-4.5,2
26,SSP2-4.5,2
26,SSP2-4.5,2
26,SSP2-4.5,2
26,SSP2-4.5,2
26,SSP2-4.5,2
26,SSP2-4.5,2
26,SSP2-4.5,2
26,SSP2-4.5,2
26,SSP2-4.5,2
26,SSP2-4.5,2
26,SSP2-4.5,2
26,SSP2-4.5,2
26,SSP2-4.5,2
26,SSP2-4.5,2
26,SSP2-4.5,2
26,SSP2-4.5,2
26,SSP2-4.5,2
26,SSP2-4.5,2
26,SSP2-4.5,2
26,SSP2-4.5,2
26,SSP2-4.5,2
26,SSP2-4.5,2
26,SSP2-4.5,2
26,SSP2-4.5,2
26,SSP2-4.5,2
26,SSP2-4.5,2
26,SSP2-4.5,2
26,SSP2-4.5,2
26,SSP2-4.5,2
26,SSP2-4.5,2
26,SSP2-4.5,2
26,SSP2-4.5,2
26,SSP2-4.5,2
26,SSP2-4.5,2
26,SSP2-4.5,2
26,SSP2-4.5,2
26,SSP2-4.5,2
26,SSP2-4.5,2
26,SSP2-4.5,2
26,SSP2-4.5,2
26,SSP2-4.5,2
26,SSP2-4.5,2
26,SSP2-4.5,2
26,SSP2-4.5,2
26,SSP2-4.5,2
26,SSP2-4.5,2
26,SSP2-4.5,2
26,SSP2-4.5,2
26,SSP2-4.5,2
26,SSP2-4.5,2
26,SSP2-4.5,2
26,SSP2-4.5,2
26,SSP2-4.5,2
26,SSP2-4.5,2
26,SSP2-4.5,2
26,SSP2-4.5,2
26,SSP2-4.5,3
26,SSP2-4.5,3
26,SSP2-4.5,3
26,SSP2-4.5,3
26,SSP2-4.5,3
26,SSP2-4.5,3
26,SSP2-4.5,3
26,SSP2-4.5,3
26,SSP2-4.5,3
26,SSP2-4.5,3
26,SSP2-4.5,3
26,SSP3-7.0,1
26,SSP3-7.0,1
26,SSP3-7.0,1
26,SSP3-7.0,1
26,SSP3-7.0,1
26,SSP3-7.0,1
26,SSP3-7.0,1
26,SSP3-7.0,1
26,SSP3-7.0,2
26,SSP3-7.0,2
26,SSP3-7.0,2
26,SSP3-7.0,2
26,SSP3-7.0,2
26,SSP3-7.0,2
26,SSP3-7.0,2
26,SSP3-7.0,2
26,SSP3-7.0,2
26,SSP3-7.0,2
26,SSP3-7.0,2
26,SSP3-7.0,2
26,SSP3-7.0,2
26,SSP3-7.0,2
26,SSP3-7.0,2
26,SSP3-7.0,2
26,SSP3-7.0,2
26,SSP3-7.0,2
26,SSP3-7.0,2
26,SSP3-7.0,2
26,SSP3-7.0,2
26,SSP3-7.0,2
26,SSP3-7.0,2
26,SSP3-7.0,2
26,SSP3-7.0,2
26,SSP3-7.0,2
26,SSP3-7.0,2
26,SSP3-7.0,2
26,SSP3-7.0,2
26,SSP3-7.0,2
26,SSP3-7.0,2
26,SSP3-7.0,2
26,SSP3-7.0,2
26,SSP3-7.0,2
26,SSP3-7.0,2
26,SSP3-7.0,2
26,SSP3-7.0,2
26,SSP3-7.0,2
26,SSP3-7.0,2
26,SSP3-7.0,2
26,SSP3-7.0,2
26,SSP3-7.0,2
26,SSP3-7.0,2
26,SSP3-7.0,2
26,SSP3-7.0,2
26,SSP3-7.0,2
26,SSP3-7.0,2
26,SSP3-7.0,2
26,SSP3-7.0,2
26,SSP3-7.0,2
26,SSP3-7.0,2
26,SSP3-7.0,2
26,SSP3-7.0,2
26,SSP3-7.0,2
26,SSP3-7.0,2
26,SSP3-7.0,2
26,SSP3-7.0,3
26,SSP3-7.0,3
26,SSP3-7.0,3
26,SSP3-7.0,3
26,SSP3-7.0,3
26,SSP3-7.0,3
26,SSP3-7.0,3
26,SSP3-7.0,3
26,SSP3-7.0,3
26,SSP3-7.0,3
26,SSP3-7.0,3
26,SSP3-7.0,3
26,SSP3-7.0,3
26,SSP3-7.0,3
26,SSP3-7.0,3
26,SSP3-7.0,3
26,SSP3-7.0,3
26,SSP3-7.0,3
26,SSP3-7.0,3
26,SSP3-7.0,3
26,SSP3-7.0,3
26,SSP3-7.0,4
26,SSP3-7.0,4
26,SSP3-7.0,4
26,SSP3-7.0,4
26,SSP3-7.0,4
26,SSP3-7.0,4
26,SSP3-7.0,4
26,SSP3-7.0,4
26,SSP3-7.0,4
26,SSP3-7.0,4
26,SSP3-7.0,4
26,SSP3-7.0,5
26,SSP3-7.0,5
26,SSP5-8.5,1
26,SSP5-8.5,1
26,SSP5-8.5,1
26,SSP5-8.5,1
26,SSP5-8.5,1
26,SSP5-8.5,1
26,SSP5-8.5,1
26,SSP5-8.5,1
26,SSP5-8.5,1
26,SSP5-8.5,1
26,SSP5-8.5,1
26,SSP5-8.5,1
26,SSP5-8.5,2
26,SSP5-8.5,2
26,SSP5-8.5,2
26,SSP5-8.5,2
26,SSP5-8.5,2
26,SSP5-8.5,2
26,SSP5-8.5,2
26,SSP5-8.5,2
26,SSP5-8.5,2
26,SSP5-8.5,2
26,SSP5-8.5,2
26,SSP5-8.5,2
26,SSP5-8.5,2
26,SSP5-8.5,2
26,SSP5-8.5,2
26,SSP5-8.5,2
26,SSP5-8.5,2
26,SSP5-8.5,2
26,SSP5-8.5,2
26,SSP5-8.5,2
26,SSP5-8.5,2
26,SSP5-8.5,2
26,SSP5-8.5,2
26,SSP5-8.5,2
26,SSP5-8.5,2
26,SSP5-8.5,2
26,SSP5-8.5,2
26,SSP5-8.5,2
26,SSP5-8.5,2
26,SSP5-8.5,2
26,SSP5-8.5,2
26,SSP5-8.5,2
26,SSP5-8.5,2
26,SSP5-8.5,2
26,SSP5-8.5,2
26,SSP5-8.5,2
26,SSP5-8.5,2
26,SSP5-8.5,2
26,SSP5-8.5,2
26,SSP5-8.5,2
26,SSP5-8.5,2
26,SSP5-8.5,2
26,SSP5-8.5,2
26,SSP5-8.5,2
26,SSP5-8.5,2
26,SSP5-8.5,2
26,SSP5-8.5,2
26,SSP5-8.5,2
26,SSP5-8.5,2
26,SSP5-8.5,2
26,SSP5-8.5,2
26,SSP5-8.5,2
26,SSP5-8.5,2
26,SSP5-8.5,2
26,SSP5-8.5,2
26,SSP5-8.5,2
26,SSP5-8.5,2
26,SSP5-8.5,2
26,SSP5-8.5,2
26,SSP5-8.5,2
26,SSP5-8.5,3
26,SSP5-8.5,3
26,SSP5-8.5,3
26,SSP5-8.5,3
26,SSP5-8.5,3
26,SSP5-8.5,3
26,SSP5-8.5,3
26,SSP5-8.5,3
26,SSP5-8.5,3
26,SSP5-8.5,3
26,SSP5-8.5,3
26,SSP5-8.5,3
26,SSP5-8.5,3
26,SSP5-8.5,3
26,SSP5-8.5,3
26,SSP5-8.5,3
26,SSP5-8.5,3
26,SSP5-8.5,3
26,SSP5-8.5,3
26,SSP5-8.5,3
26,SSP5-8.5,3
26,SSP5-8.5,3
26,SSP5-8.5,3
26,SSP5-8.5,3
26,SSP5-8.5,4
26,SSP5-8.5,4
27,SSP1-2.6,1
27,SSP1-2.6,1
27,SSP1-2.6,1
27,SSP1-2.6,1
27,SSP1-2.6,1
27,SSP1-2.6,1
27,SSP1-2.6,1
27,SSP1-2.6,2
27,SSP1-2.6,2
27,SSP1-2.6,2
27,SSP1-2.6,2
27,SSP1-2.6,2
27,SSP1-2.6,2
27,SSP1-2.6,2
27,SSP1-2.6,2
27,SSP1-2.6,2
27,SSP1-2.6,2
27,SSP1-2.6,2
27,SSP1-2.6,2
27,SSP1-2.6,2
27,SSP1-2.6,2
27,SSP1-2.6,2
27,SSP1-2.6,2
27,SSP1-2.6,2
27,SSP1-2.6,2
27,SSP1-2.6,2
27,SSP1-2.6,2
27,SSP1-2.6,2
27,SSP1-2.6,2
27,SSP1-2.6,2
27,SSP1-2.6,2
27,SSP1-2.6,2
27,SSP1-2.6,2
27,SSP1-2.6,2
27,SSP1-2.6,2
27,SSP1-2.6,2
27,SSP1-2.6,2
27,SSP1-2.6,2
27,SSP1-2.6,2
27,SSP1-2.6,2
27,SSP1-2.6,2
27,SSP1-2.6,2
27,SSP1-2.6,2
27,SSP1-2.6,2
27,SSP1-2.6,2
27,SSP1-2.6,2
27,SSP1-2.6,2
27,SSP1-2.6,2
27,SSP1-2.6,2
27,SSP1-2.6,2
27,SSP1-2.6,2
27,SSP1-2.6,2
27,SSP1-2.6,2
27,SSP1-2.6,2
27,SSP1-2.6,2
27,SSP1-2.6,2
27,SSP1-2.6,2
27,SSP1-2.6,2
27,SSP1-2.6,2
27,SSP1-2.6,2
27,SSP1-2.6,2
27,SSP1-2.6,2
27,SSP1-2.6,2
27,SSP1-2.6,2
27,SSP1-2.6,2
27,SSP1-2.6,2
27,SSP1-2.6,2
27,SSP1-2.6,2
27,SSP1-2.6,2
27,SSP1-2.6,2
27,SSP1-2.6,2
27,SSP1-2.6,2
27,SSP1-2.6,2
27,SSP1-2.6,2
27,SSP1-2.6,2
27,SSP1-2.6,2
27,SSP1-2.6,2
27,SSP1-2.6,2
27,SSP1-2.6,2
27,SSP1-2.6,2
27,SSP1-2.6,2
27,SSP1-2.6,2
27,SSP1-2.6,2
27,SSP1-2.6,2
27,SSP1-2.6,2
27,SSP1-2.6,2
27,SSP1-2.6,2
27,SSP1-2.6,2
27,SSP1-2.6,2
27,SSP1-2.6,2
27,SSP1-2.6,2
27,SSP1-2.6,2
27,SSP1-2.6,2
27,SSP1-2.6,3
27,SSP1-2.6,3
27,SSP1-2.6,3
27,SSP1-2.6,3
27,SSP1-2.6,3
27,SSP1-2.6,3
27,SSP2-4.5,1
27,SSP2-4.5,1
27,SSP2-4.5,1
27,SSP2-4.5,1
27,SSP2-4.5,1
27,SSP2-4.5,2
27,SSP2-4.5,2
27,SSP2-4.5,2
27,SSP2-4.5,2
27,SSP2-4.5,2
27,SSP2-4.5,2
27,SSP2-4.5,2
27,SSP2-4.5,2
27,SSP2-4.5,2
27,SSP2-4.5,2
27,SSP2-4.5,2
27,SSP2-4.5,2
27,SSP2-4.5,2
27,SSP2-4.5,2
27,SSP2-4.5,2
27,SSP2-4.5,2
27,SSP2-4.5,2
27,SSP2-4.5,2
27,SSP2-4.5,2
27,SSP2-4.5,2
27,SSP2-4.5,2
27,SSP2-4.5,2
27,SSP2-4.5,2
27,SSP2-4.5,2
27,SSP2-4.5,2
27,SSP2-4.5,2
27,SSP2-4.5,2
27,SSP2-4.5,2
27,SSP2-4.5,2
27,SSP2-4.5,2
27,SSP2-4.5,2
27,SSP2-4.5,2
27,SSP2-4.5,2
27,SSP2-4.5,2
27,SSP2-4.5,2
27,SSP2-4.5,2
27,SSP2-4.5,2
27,SSP2-4.5,2
27,SSP2-4.5,2
27,SSP2-4.5,2
27,SSP2-4.5,2
27,SSP2-4.5,2
27,SSP2-4.5,2
27,SSP2-4.5,2
27,SSP2-4.5,2
27,SSP2-4.5,2
27,SSP2-4.5,2
27,SSP2-4.5,2
27,SSP2-4.5,2
27,SSP2-4.5,2
27,SSP2-4.5,2
27,SSP2-4.5,2
27,SSP2-4.5,2
27,SSP2-4.5,2
27,SSP2-4.5,2
27,SSP2-4.5,2
27,SSP2-4.5,2
27,SSP2-4.5,2
27,SSP2-4.5,3
27,SSP2-4.5,3
27,SSP2-4.5,3
27,SSP2-4.5,3
27,SSP2-4.5,3
27,SSP2-4.5,3
27,SSP2-4.5,3
27,SSP2-4.5,3
27,SSP2-4.5,3
27,SSP2-4.5,3
27,SSP2-4.5,3
27,SSP2-4.5,3
27,SSP2-4.5,3
27,SSP2-4.5,3
27,SSP2-4.5,3
27,SSP2-4.5,3
27,SSP2-4.5,3
27,SSP2-4.5,3
27,SSP2-4.5,3
27,SSP2-4.5,3
27,SSP2-4.5,3
27,SSP2-4.5,3
27,SSP2-4.5,3
27,SSP2-4.5,3
27,SSP2-4.5,3
27,SSP2-4.5,3
27,SSP2-4.5,3
27,SSP2-4.5,3
27,SSP2-4.5,4
27,SSP2-4.5,4
27,SSP2-4.5,4
27,SSP2-4.5,4
27,SSP2-4.5,4
27,SSP2-4.5,4
27,SSP2-4.5,4
27,SSP2-4.5,4
27,SSP3-7.0,1
27,SSP3-7.0,2
27,SSP3-7.0,2
27,SSP3-7.0,2
27,SSP3-7.0,2
27,SSP3-7.0,2
27,SSP3-7.0,2
27,SSP3-7.0,2
27,SSP3-7.0,2
27,SSP3-7.0,2
27,SSP3-7.0,2
27,SSP3-7.0,2
27,SSP3-7.0,2
27,SSP3-7.0,2
27,SSP3-7.0,2
27,SSP3-7.0,2
27,SSP3-7.0,2
27,SSP3-7.0,2
27,SSP3-7.0,2
27,SSP3-7.0,2
27,SSP3-7.0,2
27,SSP3-7.0,2
27,SSP3-7.0,2
27,SSP3-7.0,2
27,SSP3-7.0,2
27,SSP3-7.0,2
27,SSP3-7.0,3
27,SSP3-7.0,3
27,SSP3-7.0,3
27,SSP3-7.0,3
27,SSP3-7.0,3
27,SSP3-7.0,3
27,SSP3-7.0,3
27,SSP3-7.0,3
27,SSP3-7.0,3
27,SSP3-7.0,3
27,SSP3-7.0,3
27,SSP3-7.0,3
27,SSP3-7.0,3
27,SSP3-7.0,3
27,SSP3-7.0,3
27,SSP3-7.0,3
27,SSP3-7.0,3
27,SSP3-7.0,3
27,SSP3-7.0,3
27,SSP3-7.0,3
27,SSP3-7.0,3
27,SSP3-7.0,3
27,SSP3-7.0,3
27,SSP3-7.0,3
27,SSP3-7.0,3
27,SSP3-7.0,3
27,SSP3-7.0,3
27,SSP3-7.0,3
27,SSP3-7.0,3
27,SSP3-7.0,3
27,SSP3-7.0,3
27,SSP3-7.0,3
27,SSP3-7.0,3
27,SSP3-7.0,3
27,SSP3-7.0,4
27,SSP3-7.0,4
27,SSP3-7.0,4
27,SSP3-7.0,4
27,SSP3-7.0,4
27,SSP3-7.0,4
27,SSP3-7.0,4
27,SSP3-7.0,4
27,SSP3-7.0,4
27,SSP3-7.0,4
27,SSP3-7.0,4
27,SSP3-7.0,4
27,SSP3-7.0,4
27,SSP3-7.0,4
27,SSP3-7.0,4
27,SSP3-7.0,4
27,SSP3-7.0,4
27,SSP3-7.0,4
27,SSP3-7.0,4
27,SSP3-7.0,4
27,SSP3-7.0,4
27,SSP3-7.0,4
27,SSP3-7.0,4
27,SSP3-7.0,4
27,SSP3-7.0,4
27,SSP3-7.0,4
27,SSP3-7.0,4
27,SSP3-7.0,4
27,SSP3-7.0,5
27,SSP3-7.0,5
27,SSP3-7.0,5
27,SSP3-7.0,5
27,SSP3-7.0,5
27,SSP3-7.0,5
27,SSP3-7.0,6
27,SSP3-7.0,6
27,SSP3-7.0,6
27,SSP3-7.0,6
27,SSP5-8.5,1
27,SSP5-8.5,1
27,SSP5-8.5,2
27,SSP5-8.5,2
27,SSP5-8.5,2
27,SSP5-8.5,2
27,SSP5-8.5,2
27,SSP5-8.5,2
27,SSP5-8.5,2
27,SSP5-8.5,2
27,SSP5-8.5,2
27,SSP5-8.5,2
27,SSP5-8.5,2
27,SSP5-8.5,2
27,SSP5-8.5,2
27,SSP5-8.5,2
27,SSP5-8.5,2
27,SSP5-8.5,2
27,SSP5-8.5,2
27,SSP5-8.5,2
27,SSP5-8.5,2
27,SSP5-8.5,2
27,SSP5-8.5,2
27,SSP5-8.5,2
27,SSP5-8.5,2
27,SSP5-8.5,3
27,SSP5-8.5,3
27,SSP5-8.5,3
27,SSP5-8.5,3
27,SSP5-8.5,3
27,SSP5-8.5,3
27,SSP5-8.5,3
27,SSP5-8.5,3
27,SSP5-8.5,3
27,SSP5-8.5,3
27,SSP5-8.5,3
27,SSP5-8.5,3
27,SSP5-8.5,3
27,SSP5-8.5,3
27,SSP5-8.5,3
27,SSP5-8.5,3
27,SSP5-8.5,3
27,SSP5-8.5,3
27,SSP5-8.5,3
27,SSP5-8.5,3
27,SSP5-8.5,3
27,SSP5-8.5,3
27,SSP5-8.5,3
27,SSP5-8.5,3
27,SSP5-8.5,3
27,SSP5-8.5,3
27,SSP5-8.5,3
27,SSP5-8.5,3
27,SSP5-8.5,4
27,SSP5-8.5,4
27,SSP5-8.5,4
27,SSP5-8.5,4
27,SSP5-8.5,4
27,SSP5-8.5,4
27,SSP5-8.5,4
27,SSP5-8.5,4
27,SSP5-8.5,4
27,SSP5-8.5,4
27,SSP5-8.5,4
27,SSP5-8.5,4
27,SSP5-8.5,4
27,SSP5-8.5,4
27,SSP5-8.5,4
27,SSP5-8.5,4
27,SSP5-8.5,4
27,SSP5-8.5,4
27,SSP5-8.5,4
27,SSP5-8.5,4
27,SSP5-8.5,4
27,SSP5-8.5,4
27,SSP5-8.5,4
27,SSP5-8.5,4
27,SSP5-8.5,4
27,SSP5-8.5,4
27,SSP5-8.5,4
27,SSP5-8.5,4
27,SSP5-8.5,5
27,SSP5-8.5,5
27,SSP5-8.5,5
27,SSP5-8.5,5
27,SSP5-8.5,5
27,SSP5-8.5,5
27,SSP5-8.5,5
27,SSP5-8.5,5
27,SSP5-8.5,5
27,SSP5-8.5,5
27,SSP5-8.5,5
27,SSP5-8.5,5
27,SSP5-8.5,6
27,SSP5-8.5,6
27,SSP5-8.5,6
27,SSP5-8.5,6
28,SSP1-2.6,2
28,SSP1-2.6,2
28,SSP1-2.6,2
28,SSP1-2.6,2
28,SSP1-2.6,3
28,SSP1-2.6,3
28,SSP1-2.6,3
28,SSP1-2.6,3
28,SSP1-2.6,3
28,SSP1-2.6,3
28,SSP1-2.6,3
28,SSP1-2.6,3
28,SSP1-2.6,3
28,SSP1-2.6,3
28,SSP1-2.6,3
28,SSP1-2.6,3
28,SSP1-2.6,3
28,SSP1-2.6,3
28,SSP1-2.6,3
28,SSP1-2.6,3
28,SSP1-2.6,3
28,SSP1-2.6,3
28,SSP1-2.6,3
28,SSP1-2.6,3
28,SSP1-2.6,3
28,SSP1-2.6,3
28,SSP1-2.6,3
28,SSP1-2.6,3
28,SSP1-2.6,3
28,SSP1-2.6,3
28,SSP1-2.6,3
28,SSP1-2.6,3
28,SSP1-2.6,3
28,SSP1-2.6,3
28,SSP1-2.6,3
28,SSP1-2.6,3
28,SSP1-2.6,3
28,SSP1-2.6,3
28,SSP1-2.6,3
28,SSP1-2.6,3
28,SSP1-2.6,3
28,SSP1-2.6,3
28,SSP1-2.6,3
28,SSP1-2.6,3
28,SSP1-2.6,3
28,SSP1-2.6,3
28,SSP1-2.6,3
28,SSP1-2.6,3
28,SSP1-2.6,3
28,SSP1-2.6,3
28,SSP1-2.6,3
28,SSP1-2.6,3
28,SSP1-2.6,3
28,SSP1-2.6,3
28,SSP1-2.6,3
28,SSP1-2.6,3
28,SSP1-2.6,3
28,SSP1-2.6,3
28,SSP1-2.6,3
28,SSP1-2.6,3
28,SSP1-2.6,3
28,SSP1-2.6,3
28,SSP1-2.6,3
28,SSP1-2.6,3
28,SSP1-2.6,3
28,SSP1-2.6,3
28,SSP1-2.6,3
28,SSP1-2.6,3
28,SSP1-2.6,3
28,SSP1-2.6,3
28,SSP1-2.6,3
28,SSP1-2.6,3
28,SSP1-2.6,3
28,SSP1-2.6,3
28,SSP1-2.6,3
28,SSP1-2.6,3
28,SSP1-2.6,3
28,SSP1-2.6,3
28,SSP1-2.6,3
28,SSP1-2.6,3
28,SSP1-2.6,3
28,SSP1-2.6,3
28,SSP1-2.6,3
28,SSP1-2.6,3
28,SSP1-2.6,3
28,SSP1-2.6,3
28,SSP1-2.6,3
28,SSP1-2.6,3
28,SSP1-2.6,4
28,SSP1-2.6,4
28,SSP1-2.6,4
28,SSP1-2.6,4
28,SSP1-2.6,4
28,SSP1-2.6,4
28,SSP1-2.6,4
28,SSP1-2.6,4
28,SSP1-2.6,4
28,SSP1-2.6,4
28,SSP1-2.6,4
28,SSP2-4.5,3
28,SSP2-4.5,3
28,SSP2-4.5,3
28,SSP2-4.5,3
28,SSP2-4.5,3
28,SSP2-4.5,3
28,SSP2-4.5,3
28,SSP2-4.5,3
28,SSP2-4.5,3
28,SSP2-4.5,3
28,SSP2-4.5,3
28,SSP2-4.5,3
28,SSP2-4.5,3
28,SSP2-4.5,3
28,SSP2-4.5,3
28,SSP2-4.5,3
28,SSP2-4.5,3
28,SSP2-4.5,3
28,SSP2-4.5,3
28,SSP2-4.5,3
28,SSP2-4.5,3
28,SSP2-4.5,3
28,SSP2-4.5,3
28,SSP2-4.5,3
28,SSP2-4.5,3
28,SSP2-4.5,3
28,SSP2-4.5,3
28,SSP2-4.5,3
28,SSP2-4.5,3
28,SSP2-4.5,3
28,SSP2-4.5,3
28,SSP2-4.5,3
28,SSP2-4.5,3
28,SSP2-4.5,3
28,SSP2-4.5,3
28,SSP2-4.5,3
28,SSP2-4.5,3
28,SSP2-4.5,3
28,SSP2-4.5,3
28,SSP2-4.5,3
28,SSP2-4.5,3
28,SSP2-4.5,3
28,SSP2-4.5,3
28,SSP2-4.5,3
28,SSP2-4.5,3
28,SSP2-4.5,3
28,SSP2-4.5,3
28,SSP2-4.5,3
28,SSP2-4.5,3
28,SSP2-4.5,3
28,SSP2-4.5,3
28,SSP2-4.5,3
28,SSP2-4.5,3
28,SSP2-4.5,3
28,SSP2-4.5,3
28,SSP2-4.5,3
28,SSP2-4.5,3
28,SSP2-4.5,3
28,SSP2-4.5,3
28,SSP2-4.5,4
28,SSP2-4.5,4
28,SSP2-4.5,4
28,SSP2-4.5,4
28,SSP2-4.5,4
28,SSP2-4.5,4
28,SSP2-4.5,4
28,SSP2-4.5,4
28,SSP2-4.5,4
28,SSP2-4.5,4
28,SSP2-4.5,4
28,SSP2-4.5,4
28,SSP2-4.5,4
28,SSP2-4.5,4
28,SSP2-4.5,4
28,SSP2-4.5,4
28,SSP2-4.5,4
28,SSP2-4.5,4
28,SSP2-4.5,4
28,SSP2-4.5,4
28,SSP2-4.5,4
28,SSP2-4.5,4
28,SSP2-4.5,4
28,SSP2-4.5,4
28,SSP2-4.5,4
28,SSP2-4.5,4
28,SSP2-4.5,4
28,SSP2-4.5,4
28,SSP2-4.5,4
28,SSP2-4.5,4
28,SSP2-4.5,4
28,SSP2-4.5,4
28,SSP2-4.5,4
28,SSP2-4.5,4
28,SSP2-4.5,4
28,SSP2-4.5,4
28,SSP2-4.5,5
28,SSP2-4.5,5
28,SSP2-4.5,5
28,SSP2-4.5,5
28,SSP3-7.0,3
28,SSP3-7.0,3
28,SSP3-7.0,3
28,SSP3-7.0,3
28,SSP3-7.0,3
28,SSP3-7.0,3
28,SSP3-7.0,3
28,SSP3-7.0,3
28,SSP3-7.0,3
28,SSP3-7.0,3
28,SSP3-7.0,3
28,SSP3-7.0,3
28,SSP3-7.0,3
28,SSP3-7.0,3
28,SSP3-7.0,3
28,SSP3-7.0,3
28,SSP3-7.0,3
28,SSP3-7.0,3
28,SSP3-7.0,3
28,SSP3-7.0,3
28,SSP3-7.0,3
28,SSP3-7.0,3
28,SSP3-7.0,3
28,SSP3-7.0,3
28,SSP3-7.0,3
28,SSP3-7.0,3
28,SSP3-7.0,3
28,SSP3-7.0,3
28,SSP3-7.0,3
28,SSP3-7.0,3
28,SSP3-7.0,3
28,SSP3-7.0,3
28,SSP3-7.0,3
28,SSP3-7.0,3
28,SSP3-7.0,3
28,SSP3-7.0,3
28,SSP3-7.0,3
28,SSP3-7.0,3
28,SSP3-7.0,3
28,SSP3-7.0,3
28,SSP3-7.0,4
28,SSP3-7.0,4
28,SSP3-7.0,4
28,SSP3-7.0,4
28,SSP3-7.0,4
28,SSP3-7.0,4
28,SSP3-7.0,4
28,SSP3-7.0,4
28,SSP3-7.0,4
28,SSP3-7.0,4
28,SSP3-7.0,4
28,SSP3-7.0,4
28,SSP3-7.0,4
28,SSP3-7.0,4
28,SSP3-7.0,4
28,SSP3-7.0,4
28,SSP3-7.0,5
28,SSP3-7.0,5
28,SSP3-7.0,5
28,SSP3-7.0,5
28,SSP3-7.0,5
28,SSP3-7.0,5
28,SSP3-7.0,5
28,SSP3-7.0,5
28,SSP3-7.0,5
28,SSP3-7.0,5
28,SSP3-7.0,5
28,SSP3-7.0,5
28,SSP3-7.0,5
28,SSP3-7.0,5
28,SSP3-7.0,5
28,SSP3-7.0,5
28,SSP3-7.0,5
28,SSP3-7.0,5
28,SSP3-7.0,5
28,SSP3-7.0,5
28,SSP3-7.0,5
28,SSP3-7.0,5
28,SSP3-7.0,5
28,SSP3-7.0,5
28,SSP3-7.0,5
28,SSP3-7.0,5
28,SSP3-7.0,5
28,SSP3-7.0,6
28,SSP3-7.0,6
28,SSP3-7.0,6
28,SSP3-7.0,6
28,SSP3-7.0,6
28,SSP3-7.0,6
28,SSP3-7.0,6
28,SSP3-7.0,6
28,SSP3-7.0,6
28,SSP3-7.0,6
28,SSP3-7.0,6
28,SSP3-7.0,6
28,SSP3-7.0,6
28,SSP3-7.0,6
28,SSP3-7.0,6
28,SSP5-8.5,4
28,SSP5-8.5,4
28,SSP5-8.5,4
28,SSP5-8.5,4
28,SSP5-8.5,4
28,SSP5-8.5,4
28,SSP5-8.5,4
28,SSP5-8.5,4
28,SSP5-8.5,4
28,SSP5-8.5,4
28,SSP5-8.5,4
28,SSP5-8.5,4
28,SSP5-8.5,4
28,SSP5-8.5,4
28,SSP5-8.5,4
28,SSP5-8.5,4
28,SSP5-8.5,5
28,SSP5-8.5,5
28,SSP5-8.5,5
28,SSP5-8.5,5
28,SSP5-8.5,5
28,SSP5-8.5,5
28,SSP5-8.5,5
28,SSP5-8.5,5
28,SSP5-8.5,5
28,SSP5-8.5,5
28,SSP5-8.5,5
28,SSP5-8.5,5
28,SSP5-8.5,5
28,SSP5-8.5,5
28,SSP5-8.5,5
28,SSP5-8.5,5
28,SSP5-8.5,5
28,SSP5-8.5,5
28,SSP5-8.5,5
28,SSP5-8.5,5
28,SSP5-8.5,5
28,SSP5-8.5,5
28,SSP5-8.5,5
28,SSP5-8.5,5
28,SSP5-8.5,5
28,SSP5-8.5,5
28,SSP5-8.5,5
28,SSP5-8.5,5
28,SSP5-8.5,5
28,SSP5-8.5,5
28,SSP5-8.5,5
28,SSP5-8.5,6
28,SSP5-8.5,6
28,SSP5-8.5,6
28,SSP5-8.5,6
28,SSP5-8.5,6
28,SSP5-8.5,6
28,SSP5-8.5,6
28,SSP5-8.5,6
28,SSP5-8.5,6
28,SSP5-8.5,6
28,SSP5-8.5,6
28,SSP5-8.5,6
28,SSP5-8.5,6
28,SSP5-8.5,6
28,SSP5-8.5,6
28,SSP5-8.5,6
28,SSP5-8.5,6
28,SSP5-8.5,6
28,SSP5-8.5,6
28,SSP5-8.5,6
28,SSP5-8.5,6
28,SSP5-8.5,6
28,SSP5-8.5,6
28,SSP5-8.5,6
28,SSP5-8.5,6
28,SSP5-8.5,6
28,SSP5-8.5,6
28,SSP5-8.5,6
28,SSP5-8.5,6
28,SSP5-8.5,6
28,SSP5-8.5,6
28,SSP5-8.5,6
28,SSP5-8.5,6
28,SSP5-8.5,6
28,SSP5-8.5,6
28,SSP5-8.5,6
28,SSP5-8.5,6
28,SSP5-8.5,6
28,SSP5-8.5,6
28,SSP5-8.5,6
28,SSP5-8.5,6
28,SSP5-8.5,6
28,SSP5-8.5,6
28,SSP5-8.5,6
28,SSP5-8.5,6
28,SSP5-8.5,6
28,SSP5-8.5,6
28,SSP5-8.5,6
28,SSP5-8.5,6
28,SSP5-8.5,6
28,SSP5-8.5,6
29,SSP1-2.6,1
29,SSP1-2.6,1
29,SSP1-2.6,2
29,SSP1-2.6,2
29,SSP1-2.6,2
29,SSP1-2.6,2
29,SSP1-2.6,2
29,SSP1-2.6,2
29,SSP1-2.6,2
29,SSP1-2.6,2
29,SSP1-2.6,2
29,SSP1-2.6,2
29,SSP1-2.6,2
29,SSP1-2.6,2
29,SSP1-2.6,2
29,SSP1-2.6,2
29,SSP1-2.6,2
29,SSP1-2.6,2
29,SSP1-2.6,2
29,SSP1-2.6,2
29,SSP1-2.6,2
29,SSP1-2.6,2
29,SSP1-2.6,2
29,SSP1-2.6,2
29,SSP1-2.6,2
29,SSP1-2.6,2
29,SSP1-2.6,2
29,SSP1-2.6,2
29,SSP1-2.6,2
29,SSP1-2.6,2
29,SSP1-2.6,2
29,SSP1-2.6,2
29,SSP1-2.6,2
29,SSP1-2.6,2
29,SSP1-2.6,2
29,SSP1-2.6,2
29,SSP1-2.6,2
29,SSP1-2.6,2
29,SSP1-2.6,2
29,SSP1-2.6,2
29,SSP1-2.6,2
29,SSP1-2.6,2
29,SSP1-2.6,2
29,SSP1-2.6,2
29,SSP1-2.6,2
29,SSP1-2.6,2
29,SSP1-2.6,2
29,SSP1-2.6,2
29,SSP1-2.6,2
29,SSP1-2.6,2
29,SSP1-2.6,2
29,SSP1-2.6,2
29,SSP1-2.6,2
29,SSP1-2.6,2
29,SSP1-2.6,2
29,SSP1-2.6,2
29,SSP1-2.6,2
29,SSP1-2.6,2
29,SSP1-2.6,2
29,SSP1-2.6,2
29,SSP1-2.6,2
29,SSP1-2.6,2
29,SSP1-2.6,2
29,SSP1-2.6,2
29,SSP1-2.6,2
29,SSP1-2.6,2
29,SSP1-2.6,2
29,SSP1-2.6,2
29,SSP1-2.6,2
29,SSP1-2.6,2
29,SSP1-2.6,2
29,SSP1-2.6,2
29,SSP1-2.6,2
29,SSP1-2.6,2
29,SSP1-2.6,2
29,SSP1-2.6,2
29,SSP1-2.6,2
29,SSP1-2.6,2
29,SSP1-2.6,2
29,SSP1-2.6,2
29,SSP1-2.6,2
29,SSP1-2.6,2
29,SSP1-2.6,3
29,SSP1-2.6,3
29,SSP1-2.6,3
29,SSP1-2.6,3
29,SSP1-2.6,3
29,SSP1-2.6,3
29,SSP1-2.6,3
29,SSP1-2.6,3
29,SSP1-2.6,3
29,SSP1-2.6,3
29,SSP1-2.6,3
29,SSP1-2.6,3
29,SSP1-2.6,3
29,SSP1-2.6,3
29,SSP1-2.6,3
29,SSP1-2.6,3
29,SSP2-4.5,1
29,SSP2-4.5,1
29,SSP2-4.5,2
29,SSP2-4.5,2
29,SSP2-4.5,2
29,SSP2-4.5,2
29,SSP2-4.5,2
29,SSP2-4.5,2
29,SSP2-4.5,2
29,SSP2-4.5,2
29,SSP2-4.5,2
29,SSP2-4.5,2
29,SSP2-4.5,2
29,SSP2-4.5,2
29,SSP2-4.5,2
29,SSP2-4.5,2
29,SSP2-4.5,2
29,SSP2-4.5,2
29,SSP2-4.5,2
29,SSP2-4.5,2
29,SSP2-4.5,2
29,SSP2-4.5,2
29,SSP2-4.5,2
29,SSP2-4.5,2
29,SSP2-4.5,2
29,SSP2-4.5,2
29,SSP2-4.5,2
29,SSP2-4.5,2
29,SSP2-4.5,2
29,SSP2-4.5,2
29,SSP2-4.5,2
29,SSP2-4.5,2
29,SSP2-4.5,2
29,SSP2-4.5,2
29,SSP2-4.5,2
29,SSP2-4.5,2
29,SSP2-4.5,2
29,SSP2-4.5,2
29,SSP2-4.5,2
29,SSP2-4.5,2
29,SSP2-4.5,2
29,SSP2-4.5,2
29,SSP2-4.5,2
29,SSP2-4.5,2
29,SSP2-4.5,2
29,SSP2-4.5,2
29,SSP2-4.5,2
29,SSP2-4.5,2
29,SSP2-4.5,2
29,SSP2-4.5,2
29,SSP2-4.5,2
29,SSP2-4.5,2
29,SSP2-4.5,2
29,SSP2-4.5,2
29,SSP2-4.5,2
29,SSP2-4.5,2
29,SSP2-4.5,2
29,SSP2-4.5,2
29,SSP2-4.5,2
29,SSP2-4.5,2
29,SSP2-4.5,2
29,SSP2-4.5,2
29,SSP2-4.5,2
29,SSP2-4.5,2
29,SSP2-4.5,2
29,SSP2-4.5,2
29,SSP2-4.5,2
29,SSP2-4.5,2
29,SSP2-4.5,2
29,SSP2-4.5,2
29,SSP2-4.5,2
29,SSP2-4.5,2
29,SSP2-4.5,2
29,SSP2-4.5,2
29,SSP2-4.5,2
29,SSP2-4.5,2
29,SSP2-4.5,2
29,SSP2-4.5,2
29,SSP2-4.5,2
29,SSP2-4.5,2
29,SSP2-4.5,2
29,SSP2-4.5,3
29,SSP2-4.5,3
29,SSP2-4.5,3
29,SSP2-4.5,4
29,SSP2-4.5,4
29,SSP2-4.5,4
29,SSP2-4.5,4
29,SSP2-4.5,4
29,SSP2-4.5,4
29,SSP2-4.5,4
29,SSP2-4.5,4
29,SSP2-4.5,4
29,SSP2-4.5,4
29,SSP2-4.5,4
29,SSP2-4.5,4
29,SSP2-4.5,4
29,SSP3-7.0,1
29,SSP3-7.0,1
29,SSP3-7.0,1
29,SSP3-7.0,1
29,SSP3-7.0,1
29,SSP3-7.0,1
29,SSP3-7.0,1
29,SSP3-7.0,1
29,SSP3-7.0,2
29,SSP3-7.0,2
29,SSP3-7.0,2
29,SSP3-7.0,2
29,SSP3-7.0,2
29,SSP3-7.0,2
29,SSP3-7.0,2
29,SSP3-7.0,2
29,SSP3-7.0,2
29,SSP3-7.0,2
29,SSP3-7.0,2
29,SSP3-7.0,2
29,SSP3-7.0,2
29,SSP3-7.0,2
29,SSP3-7.0,2
29,SSP3-7.0,2
29,SSP3-7.0,2
29,SSP3-7.0,2
29,SSP3-7.0,2
29,SSP3-7.0,2
29,SSP3-7.0,2
29,SSP3-7.0,2
29,SSP3-7.0,2
29,SSP3-7.0,2
29,SSP3-7.0,2
29,SSP3-7.0,2
29,SSP3-7.0,2
29,SSP3-7.0,2
29,SSP3-7.0,2
29,SSP3-7.0,2
29,SSP3-7.0,2
29,SSP3-7.0,2
29,SSP3-7.0,2
29,SSP3-7.0,2
29,SSP3-7.0,2
29,SSP3-7.0,2
29,SSP3-7.0,2
29,SSP3-7.0,2
29,SSP3-7.0,2
29,SSP3-7.0,2
29,SSP3-7.0,2
29,SSP3-7.0,2
29,SSP3-7.0,2
29,SSP3-7.0,2
29,SSP3-7.0,2
29,SSP3-7.0,2
29,SSP3-7.0,2
29,SSP3-7.0,2
29,SSP3-7.0,2
29,SSP3-7.0,2
29,SSP3-7.0,2
29,SSP3-7.0,2
29,SSP3-7.0,2
29,SSP3-7.0,2
29,SSP3-7.0,2
29,SSP3-7.0,2
29,SSP3-7.0,2
29,SSP3-7.0,2
29,SSP3-7.0,2
29,SSP3-7.0,3
29,SSP3-7.0,3
29,SSP3-7.0,3
29,SSP3-7.0,3
29,SSP3-7.0,3
29,SSP3-7.0,3
29,SSP3-7.0,3
29,SSP3-7.0,3
29,SSP3-7.0,3
29,SSP3-7.0,3
29,SSP3-7.0,3
29,SSP3-7.0,3
29,SSP3-7.0,3
29,SSP3-7.0,4
29,SSP3-7.0,4
29,SSP3-7.0,5
29,SSP3-7.0,5
29,SSP3-7.0,5
29,SSP3-7.0,5
29,SSP3-7.0,5
29,SSP3-7.0,5
29,SSP3-7.0,5
29,SSP3-7.0,5
29,SSP3-7.0,5
29,SSP3-7.0,5
29,SSP3-7.0,5
29,SSP3-7.0,5
29,SSP3-7.0,5
29,SSP3-7.0,5
29,SSP3-7.0,5
29,SSP5-8.5,1
29,SSP5-8.5,1
29,SSP5-8.5,1
29,SSP5-8.5,1
29,SSP5-8.5,1
29,SSP5-8.5,1
29,SSP5-8.5,1
29,SSP5-8.5,1
29,SSP5-8.5,1
29,SSP5-8.5,1
29,SSP5-8.5,1
29,SSP5-8.5,1
29,SSP5-8.5,1
29,SSP5-8.5,1
29,SSP5-8.5,1
29,SSP5-8.5,1
29,SSP5-8.5,1
29,SSP5-8.5,1
29,SSP5-8.5,1
29,SSP5-8.5,1
29,SSP5-8.5,1
29,SSP5-8.5,1
29,SSP5-8.5,1
29,SSP5-8.5,1
29,SSP5-8.5,1
29,SSP5-8.5,1
29,SSP5-8.5,2
29,SSP5-8.5,2
29,SSP5-8.5,2
29,SSP5-8.5,2
29,SSP5-8.5,2
29,SSP5-8.5,2
29,SSP5-8.5,2
29,SSP5-8.5,2
29,SSP5-8.5,2
29,SSP5-8.5,2
29,SSP5-8.5,2
29,SSP5-8.5,2
29,SSP5-8.5,2
29,SSP5-8.5,2
29,SSP5-8.5,2
29,SSP5-8.5,2
29,SSP5-8.5,2
29,SSP5-8.5,2
29,SSP5-8.5,2
29,SSP5-8.5,2
29,SSP5-8.5,2
29,SSP5-8.5,2
29,SSP5-8.5,2
29,SSP5-8.5,2
29,SSP5-8.5,2
29,SSP5-8.5,2
29,SSP5-8.5,2
29,SSP5-8.5,2
29,SSP5-8.5,2
29,SSP5-8.5,2
29,SSP5-8.5,2
29,SSP5-8.5,2
29,SSP5-8.5,2
29,SSP5-8.5,3
29,SSP5-8.5,3
29,SSP5-8.5,3
29,SSP5-8.5,3
29,SSP5-8.5,3
29,SSP5-8.5,3
29,SSP5-8.5,3
29,SSP5-8.5,3
29,SSP5-8.5,3
29,SSP5-8.5,3
29,SSP5-8.5,3
29,SSP5-8.5,3
29,SSP5-8.5,3
29,SSP5-8.5,3
29,SSP5-8.5,3
29,SSP5-8.5,3
29,SSP5-8.5,3
29,SSP5-8.5,3
29,SSP5-8.5,3
29,SSP5-8.5,3
29,SSP5-8.5,3
29,SSP5-8.5,4
29,SSP5-8.5,4
29,SSP5-8.5,5
29,SSP5-8.5,6
29,SSP5-8.5,6
29,SSP5-8.5,6
29,SSP5-8.5,6
29,SSP5-8.5,6
29,SSP5-8.5,6
29,SSP5-8.5,6
29,SSP5-8.5,6
29,SSP5-8.5,6
29,SSP5-8.5,6
29,SSP5-8.5,6
29,SSP5-8.5,6
29,SSP5-8.5,6
29,SSP5-8.5,6
29,SSP5-8.5,6
30,SSP1-2.6,1
30,SSP1-2.6,1
30,SSP1-2.6,1
30,SSP1-2.6,1
30,SSP1-2.6,1
30,SSP1-2.6,1
30,SSP1-2.6,1
30,SSP1-2.6,1
30,SSP1-2.6,1
30,SSP1-2.6,1
30,SSP1-2.6,1
30,SSP1-2.6,1
30,SSP1-2.6,1
30,SSP1-2.6,1
30,SSP1-2.6,1
30,SSP1-2.6,1
30,SSP1-2.6,1
30,SSP1-2.6,1
30,SSP1-2.6,1
30,SSP1-2.6,1
30,SSP1-2.6,1
30,SSP1-2.6,1
30,SSP1-2.6,1
30,SSP1-2.6,1
30,SSP1-2.6,1
30,SSP1-2.6,1
30,SSP1-2.6,1
30,SSP1-2.6,1
30,SSP1-2.6,1
30,SSP1-2.6,1
30,SSP1-2.6,1
30,SSP1-2.6,1
30,SSP1-2.6,1
30,SSP1-2.6,2
30,SSP1-2.6,2
30,SSP1-2.6,2
30,SSP1-2.6,2
30,SSP1-2.6,2
30,SSP1-2.6,2
30,SSP1-2.6,2
30,SSP1-2.6,2
30,SSP1-2.6,2
30,SSP1-2.6,2
30,SSP1-2.6,2
30,SSP1-2.6,2
30,SSP1-2.6,2
30,SSP1-2.6,2
30,SSP1-2.6,2
30,SSP1-2.6,2
30,SSP1-2.6,2
30,SSP1-2.6,2
30,SSP1-2.6,2
30,SSP1-2.6,2
30,SSP1-2.6,2
30,SSP1-2.6,2
30,SSP1-2.6,2
30,SSP1-2.6,2
30,SSP1-2.6,2
30,SSP1-2.6,2
30,SSP1-2.6,2
30,SSP1-2.6,2
30,SSP1-2.6,2
30,SSP1-2.6,2
30,SSP1-2.6,2
30,SSP1-2.6,2
30,SSP1-2.6,2
30,SSP1-2.6,2
30,SSP1-2.6,2
30,SSP1-2.6,2
30,SSP1-2.6,2
30,SSP1-2.6,2
30,SSP1-2.6,2
30,SSP1-2.6,2
30,SSP1-2.6,2
30,SSP1-2.6,2
30,SSP1-2.6,2
30,SSP1-2.6,2
30,SSP1-2.6,2
30,SSP1-2.6,2
30,SSP1-2.6,2
30,SSP1-2.6,2
30,SSP1-2.6,2
30,SSP1-2.6,2
30,SSP1-2.6,2
30,SSP1-2.6,2
30,SSP1-2.6,2
30,SSP1-2.6,2
30,SSP1-2.6,2
30,SSP1-2.6,2
30,SSP1-2.6,2
30,SSP1-2.6,2
30,SSP1-2.6,2
30,SSP1-2.6,2
30,SSP1-2.6,2
30,SSP1-2.6,3
30,SSP1-2.6,3
30,SSP1-2.6,3
30,SSP1-2.6,3
30,SSP1-2.6,3
30,SSP2-4.5,1
30,SSP2-4.5,1
30,SSP2-4.5,1
30,SSP2-4.5,1
30,SSP2-4.5,1
30,SSP2-4.5,1
30,SSP2-4.5,1
30,SSP2-4.5,1
30,SSP2-4.5,1
30,SSP2-4.5,1
30,SSP2-4.5,1
30,SSP2-4.5,1
30,SSP2-4.5,1
30,SSP2-4.5,1
30,SSP2-4.5,1
30,SSP2-4.5,1
30,SSP2-4.5,1
30,SSP2-4.5,1
30,SSP2-4.5,1
30,SSP2-4.5,2
30,SSP2-4.5,2
30,SSP2-4.5,2
30,SSP2-4.5,2
30,SSP2-4.5,2
30,SSP2-4.5,2
30,SSP2-4.5,2
30,SSP2-4.5,2
30,SSP2-4.5,2
30,SSP2-4.5,2
30,SSP2-4.5,2
30,SSP2-4.5,2
30,SSP2-4.5,2
30,SSP2-4.5,2
30,SSP2-4.5,2
30,SSP2-4.5,2
30,SSP2-4.5,2
30,SSP2-4.5,2
30,SSP2-4.5,2
30,SSP2-4.5,2
30,SSP2-4.5,2
30,SSP2-4.5,2
30,SSP2-4.5,2
30,SSP2-4.5,2
30,SSP2-4.5,2
30,SSP2-4.5,2
30,SSP2-4.5,2
30,SSP2-4.5,2
30,SSP2-4.5,2
30,SSP2-4.5,2
30,SSP2-4.5,2
30,SSP2-4.5,2
30,SSP2-4.5,2
30,SSP2-4.5,2
30,SSP2-4.5,2
30,SSP2-4.5,2
30,SSP2-4.5,2
30,SSP2-4.5,2
30,SSP2-4.5,2
30,SSP2-4.5,2
30,SSP2-4.5,2
30,SSP2-4.5,2
30,SSP2-4.5,2
30,SSP2-4.5,2
30,SSP2-4.5,2
30,SSP2-4.5,2
30,SSP2-4.5,2
30,SSP2-4.5,2
30,SSP2-4.5,2
30,SSP2-4.5,2
30,SSP2-4.5,2
30,SSP2-4.5,2
30,SSP2-4.5,2
30,SSP2-4.5,2
30,SSP2-4.5,2
30,SSP2-4.5,2
30,SSP2-4.5,2
30,SSP2-4.5,2
30,SSP2-4.5,2
30,SSP2-4.5,2
30,SSP2-4.5,2
30,SSP2-4.5,2
30,SSP2-4.5,2
30,SSP2-4.5,2
30,SSP2-4.5,2
30,SSP2-4.5,2
30,SSP2-4.5,2
30,SSP2-4.5,2
30,SSP2-4.5,2
30,SSP2-4.5,2
30,SSP2-4.5,3
30,SSP2-4.5,3
30,SSP2-4.5,3
30,SSP2-4.5,3
30,SSP2-4.5,3
30,SSP2-4.5,3
30,SSP2-4.5,3
30,SSP2-4.5,3
30,SSP2-4.5,3
30,SSP3-7.0,1
30,SSP3-7.0,1
30,SSP3-7.0,1
30,SSP3-7.0,1
30,SSP3-7.0,1
30,SSP3-7.0,1
30,SSP3-7.0,1
30,SSP3-7.0,1
30,SSP3-7.0,1
30,SSP3-7.0,1
30,SSP3-7.0,1
30,SSP3-7.0,1
30,SSP3-7.0,1
30,SSP3-7.0,1
30,SSP3-7.0,2
30,SSP3-7.0,2
30,SSP3-7.0,2
30,SSP3-7.0,2
30,SSP3-7.0,2
30,SSP3-7.0,2
30,SSP3-7.0,2
30,SSP3-7.0,2
30,SSP3-7.0,2
30,SSP3-7.0,2
30,SSP3-7.0,2
30,SSP3-7.0,2
30,SSP3-7.0,2
30,SSP3-7.0,2
30,SSP3-7.0,2
30,SSP3-7.0,2
30,SSP3-7.0,2
30,SSP3-7.0,2
30,SSP3-7.0,2
30,SSP3-7.0,2
30,SSP3-7.0,2
30,SSP3-7.0,2
30,SSP3-7.0,2
30,SSP3-7.0,2
30,SSP3-7.0,2
30,SSP3-7.0,2
30,SSP3-7.0,2
30,SSP3-7.0,2
30,SSP3-7.0,2
30,SSP3-7.0,2
30,SSP3-7.0,2
30,SSP3-7.0,2
30,SSP3-7.0,2
30,SSP3-7.0,2
30,SSP3-7.0,2
30,SSP3-7.0,2
30,SSP3-7.0,2
30,SSP3-7.0,2
30,SSP3-7.0,2
30,SSP3-7.0,2
30,SSP3-7.0,2
30,SSP3-7.0,2
30,SSP3-7.0,2
30,SSP3-7.0,2
30,SSP3-7.0,2
30,SSP3-7.0,2
30,SSP3-7.0,2
30,SSP3-7.0,2
30,SSP3-7.0,2
30,SSP3-7.0,2
30,SSP3-7.0,2
30,SSP3-7.0,2
30,SSP3-7.0,2
30,SSP3-7.0,2
30,SSP3-7.0,2
30,SSP3-7.0,2
30,SSP3-7.0,2
30,SSP3-7.0,2
30,SSP3-7.0,2
30,SSP3-7.0,2
30,SSP3-7.0,2
30,SSP3-7.0,2
30,SSP3-7.0,2
30,SSP3-7.0,2
30,SSP3-7.0,2
30,SSP3-7.0,2
30,SSP3-7.0,2
30,SSP3-7.0,2
30,SSP3-7.0,2
30,SSP3-7.0,2
30,SSP3-7.0,2
30,SSP3-7.0,2
30,SSP3-7.0,2
30,SSP3-7.0,2
30,SSP3-7.0,2
30,SSP3-7.0,3
30,SSP3-7.0,3
30,SSP3-7.0,4
30,SSP3-7.0,4
30,SSP3-7.0,4
30,SSP3-7.0,4
30,SSP3-7.0,5
30,SSP3-7.0,5
30,SSP3-7.0,5
30,SSP5-8.5,1
30,SSP5-8.5,1
30,SSP5-8.5,1
30,SSP5-8.5,1
30,SSP5-8.5,1
30,SSP5-8.5,1
30,SSP5-8.5,1
30,SSP5-8.5,1
30,SSP5-8.5,1
30,SSP5-8.5,2
30,SSP5-8.5,2
30,SSP5-8.5,2
30,SSP5-8.5,2
30,SSP5-8.5,2
30,SSP5-8.5,2
30,SSP5-8.5,2
30,SSP5-8.5,2
30,SSP5-8.5,2
30,SSP5-8.5,2
30,SSP5-8.5,2
30,SSP5-8.5,2
30,SSP5-8.5,2
30,SSP5-8.5,2
30,SSP5-8.5,2
30,SSP5-8.5,2
30,SSP5-8.5,2
30,SSP5-8.5,2
30,SSP5-8.5,2
30,SSP5-8.5,2
30,SSP5-8.5,2
30,SSP5-8.5,2
30,SSP5-8.5,2
30,SSP5-8.5,2
30,SSP5-8.5,2
30,SSP5-8.5,2
30,SSP5-8.5,2
30,SSP5-8.5,2
30,SSP5-8.5,2
30,SSP5-8.5,2
30,SSP5-8.5,2
30,SSP5-8.5,2
30,SSP5-8.5,2
30,SSP5-8.5,2
30,SSP5-8.5,2
30,SSP5-8.5,2
30,SSP5-8.5,2
30,SSP5-8.5,2
30,SSP5-8.5,2
30,SSP5-8.5,2
30,SSP5-8.5,2
30,SSP5-8.5,2
30,SSP5-8.5,2
30,SSP5-8.5,2
30,SSP5-8.5,2
30,SSP5-8.5,2
30,SSP5-8.5,2
30,SSP5-8.5,2
30,SSP5-8.5,2
30,SSP5-8.5,2
30,SSP5-8.5,2
30,SSP5-8.5,2
30,SSP5-8.5,3
30,SSP5-8.5,3
30,SSP5-8.5,3
30,SSP5-8.5,3
30,SSP5-8.5,3
30,SSP5-8.5,3
30,SSP5-8.5,3
30,SSP5-8.5,3
30,SSP5-8.5,3
30,SSP5-8.5,3
30,SSP5-8.5,3
30,SSP5-8.5,3
30,SSP5-8.5,3
30,SSP5-8.5,3
30,SSP5-8.5,3
30,SSP5-8.5,3
30,SSP5-8.5,3
30,SSP5-8.5,3
30,SSP5-8.5,3
30,SSP5-8.5,3
30,SSP5-8.5,3
30,SSP5-8.5,3
30,SSP5-8.5,3
30,SSP5-8.5,3
30,SSP5-8.5,3
30,SSP5-8.5,3
30,SSP5-8.5,3
30,SSP5-8.5,3
30,SSP5-8.5,3
30,SSP5-8.5,3
30,SSP5-8.5,4
30,SSP5-8.5,4
30,SSP5-8.5,4
30,SSP5-8.5,4
30,SSP5-8.5,6
30,SSP5-8.5,6
30,SSP5-8.5,6
31,SSP1-2.6,1
31,SSP1-2.6,1
31,SSP1-2.6,1
31,SSP1-2.6,1
31,SSP1-2.6,1
31,SSP1-2.6,1
31,SSP1-2.6,1
31,SSP1-2.6,1
31,SSP1-2.6,1
31,SSP1-2.6,1
31,SSP1-2.6,1
31,SSP1-2.6,1
31,SSP1-2.6,1
31,SSP1-2.6,1
31,SSP1-2.6,1
31,SSP1-2.6,1
31,SSP1-2.6,1
31,SSP1-2.6,1
31,SSP1-2.6,1
31,SSP1-2.6,1
31,SSP1-2.6,1
31,SSP1-2.6,1
31,SSP1-2.6,1
31,SSP1-2.6,1
31,SSP1-2.6,1
31,SSP1-2.6,1
31,SSP1-2.6,1
31,SSP1-2.6,1
31,SSP1-2.6,1
31,SSP1-2.6,1
31,SSP1-2.6,1
31,SSP1-2.6,1
31,SSP1-2.6,1
31,SSP1-2.6,1
31,SSP1-2.6,1
31,SSP1-2.6,1
31,SSP1-2.6,1
31,SSP1-2.6,1
31,SSP1-2.6,1
31,SSP1-2.6,1
31,SSP1-2.6,1
31,SSP1-2.6,1
31,SSP1-2.6,1
31,SSP1-2.6,1
31,SSP1-2.6,1
31,SSP1-2.6,1
31,SSP1-2.6,1
31,SSP1-2.6,1
31,SSP1-2.6,2
31,SSP1-2.6,2
31,SSP1-2.6,2
31,SSP1-2.6,2
31,SSP1-2.6,2
31,SSP1-2.6,2
31,SSP1-2.6,2
31,SSP1-2.6,2
31,SSP1-2.6,2
31,SSP1-2.6,2
31,SSP1-2.6,2
31,SSP1-2.6,2
31,SSP1-2.6,2
31,SSP1-2.6,2
31,SSP1-2.6,2
31,SSP1-2.6,2
31,SSP1-2.6,2
31,SSP1-2.6,2
31,SSP1-2.6,2
31,SSP1-2.6,2
31,SSP1-2.6,2
31,SSP1-2.6,2
31,SSP1-2.6,2
31,SSP1-2.6,2
31,SSP1-2.6,2
31,SSP1-2.6,2
31,SSP1-2.6,2
31,SSP1-2.6,2
31,SSP1-2.6,2
31,SSP1-2.6,2
31,SSP1-2.6,2
31,SSP1-2.6,2
31,SSP1-2.6,2
31,SSP1-2.6,2
31,SSP1-2.6,2
31,SSP1-2.6,2
31,SSP1-2.6,2
31,SSP1-2.6,2
31,SSP1-2.6,2
31,SSP1-2.6,2
31,SSP1-2.6,2
31,SSP1-2.6,2
31,SSP1-2.6,4
31,SSP1-2.6,4
31,SSP1-2.6,4
31,SSP1-2.6,4
31,SSP1-2.6,4
31,SSP1-2.6,4
31,SSP1-2.6,4
31,SSP1-2.6,4
31,SSP1-2.6,4
31,SSP2-4.5,1
31,SSP2-4.5,1
31,SSP2-4.5,1
31,SSP2-4.5,1
31,SSP2-4.5,1
31,SSP2-4.5,1
31,SSP2-4.5,1
31,SSP2-4.5,1
31,SSP2-4.5,1
31,SSP2-4.5,1
31,SSP2-4.5,1
31,SSP2-4.5,1
31,SSP2-4.5,2
31,SSP2-4.5,2
31,SSP2-4.5,2
31,SSP2-4.5,2
31,SSP2-4.5,2
31,SSP2-4.5,2
31,SSP2-4.5,2
31,SSP2-4.5,2
31,SSP2-4.5,2
31,SSP2-4.5,2
31,SSP2-4.5,2
31,SSP2-4.5,2
31,SSP2-4.5,2
31,SSP2-4.5,2
31,SSP2-4.5,2
31,SSP2-4.5,2
31,SSP2-4.5,2
31,SSP2-4.5,2
31,SSP2-4.5,2
31,SSP2-4.5,2
31,SSP2-4.5,2
31,SSP2-4.5,2
31,SSP2-4.5,2
31,SSP2-4.5,2
31,SSP2-4.5,2
31,SSP2-4.5,2
31,SSP2-4.5,2
31,SSP2-4.5,2
31,SSP2-4.5,2
31,SSP2-4.5,2
31,SSP2-4.5,2
31,SSP2-4.5,2
31,SSP2-4.5,2
31,SSP2-4.5,2
31,SSP2-4.5,2
31,SSP2-4.5,2
31,SSP2-4.5,2
31,SSP2-4.5,2
31,SSP2-4.5,2
31,SSP2-4.5,2
31,SSP2-4.5,2
31,SSP2-4.5,2
31,SSP2-4.5,2
31,SSP2-4.5,2
31,SSP2-4.5,2
31,SSP2-4.5,2
31,SSP2-4.5,2
31,SSP2-4.5,2
31,SSP2-4.5,3
31,SSP2-4.5,3
31,SSP2-4.5,3
31,SSP2-4.5,3
31,SSP2-4.5,3
31,SSP2-4.5,3
31,SSP2-4.5,3
31,SSP2-4.5,3
31,SSP2-4.5,3
31,SSP2-4.5,3
31,SSP2-4.5,3
31,SSP2-4.5,3
31,SSP2-4.5,3
31,SSP2-4.5,3
31,SSP2-4.5,3
31,SSP2-4.5,3
31,SSP2-4.5,3
31,SSP2-4.5,3
31,SSP2-4.5,3
31,SSP2-4.5,3
31,SSP2-4.5,3
31,SSP2-4.5,3
31,SSP2-4.5,3
31,SSP2-4.5,3
31,SSP2-4.5,3
31,SSP2-4.5,3
31,SSP2-4.5,3
31,SSP2-4.5,3
31,SSP2-4.5,3
31,SSP2-4.5,3
31,SSP2-4.5,4
31,SSP2-4.5,4
31,SSP2-4.5,4
31,SSP2-4.5,4
31,SSP2-4.5,5
31,SSP2-4.5,5
31,SSP2-4.5,5
31,SSP2-4.5,5
31,SSP2-4.5,5
31,SSP3-7.0,1
31,SSP3-7.0,1
31,SSP3-7.0,1
31,SSP3-7.0,1
31,SSP3-7.0,1
31,SSP3-7.0,1
31,SSP3-7.0,1
31,SSP3-7.0,1
31,SSP3-7.0,1
31,SSP3-7.0,1
31,SSP3-7.0,1
31,SSP3-7.0,1
31,SSP3-7.0,1
31,SSP3-7.0,1
31,SSP3-7.0,1
31,SSP3-7.0,1
31,SSP3-7.0,2
31,SSP3-7.0,2
31,SSP3-7.0,2
31,SSP3-7.0,2
31,SSP3-7.0,2
31,SSP3-7.0,2
31,SSP3-7.0,2
31,SSP3-7.0,2
31,SSP3-7.0,2
31,SSP3-7.0,2
31,SSP3-7.0,2
31,SSP3-7.0,2
31,SSP3-7.0,2
31,SSP3-7.0,2
31,SSP3-7.0,2
31,SSP3-7.0,2
31,SSP3-7.0,2
31,SSP3-7.0,2
31,SSP3-7.0,2
31,SSP3-7.0,2
31,SSP3-7.0,2
31,SSP3-7.0,2
31,SSP3-7.0,2
31,SSP3-7.0,2
31,SSP3-7.0,2
31,SSP3-7.0,2
31,SSP3-7.0,2
31,SSP3-7.0,2
31,SSP3-7.0,2
31,SSP3-7.0,2
31,SSP3-7.0,2
31,SSP3-7.0,2
31,SSP3-7.0,2
31,SSP3-7.0,3
31,SSP3-7.0,3
31,SSP3-7.0,3
31,SSP3-7.0,3
31,SSP3-7.0,3
31,SSP3-7.0,3
31,SSP3-7.0,3
31,SSP3-7.0,3
31,SSP3-7.0,3
31,SSP3-7.0,3
31,SSP3-7.0,3
31,SSP3-7.0,3
31,SSP3-7.0,3
31,SSP3-7.0,3
31,SSP3-7.0,4
31,SSP3-7.0,4
31,SSP3-7.0,4
31,SSP3-7.0,4
31,SSP3-7.0,4
31,SSP3-7.0,4
31,SSP3-7.0,4
31,SSP3-7.0,4
31,SSP3-7.0,4
31,SSP3-7.0,4
31,SSP3-7.0,4
31,SSP3-7.0,4
31,SSP3-7.0,4
31,SSP3-7.0,4
31,SSP3-7.0,4
31,SSP3-7.0,4
31,SSP3-7.0,4
31,SSP3-7.0,4
31,SSP3-7.0,4
31,SSP3-7.0,4
31,SSP3-7.0,4
31,SSP3-7.0,4
31,SSP3-7.0,4
31,SSP3-7.0,4
31,SSP3-7.0,4
31,SSP3-7.0,4
31,SSP3-7.0,5
31,SSP3-7.0,5
31,SSP3-7.0,5
31,SSP3-7.0,5
31,SSP3-7.0,5
31,SSP3-7.0,6
31,SSP3-7.0,6
31,SSP3-7.0,6
31,SSP3-7.0,6
31,SSP5-8.5,2
31,SSP5-8.5,2
31,SSP5-8.5,2
31,SSP5-8.5,2
31,SSP5-8.5,2
31,SSP5-8.5,2
31,SSP5-8.5,2
31,SSP5-8.5,2
31,SSP5-8.5,2
31,SSP5-8.5,2
31,SSP5-8.5,2
31,SSP5-8.5,2
31,SSP5-8.5,2
31,SSP5-8.5,2
31,SSP5-8.5,2
31,SSP5-8.5,2
31,SSP5-8.5,2
31,SSP5-8.5,2
31,SSP5-8.5,2
31,SSP5-8.5,2
31,SSP5-8.5,2
31,SSP5-8.5,2
31,SSP5-8.5,2
31,SSP5-8.5,2
31,SSP5-8.5,2
31,SSP5-8.5,2
31,SSP5-8.5,2
31,SSP5-8.5,2
31,SSP5-8.5,2
31,SSP5-8.5,2
31,SSP5-8.5,2
31,SSP5-8.5,2
31,SSP5-8.5,2
31,SSP5-8.5,2
31,SSP5-8.5,2
31,SSP5-8.5,3
31,SSP5-8.5,3
31,SSP5-8.5,3
31,SSP5-8.5,3
31,SSP5-8.5,3
31,SSP5-8.5,3
31,SSP5-8.5,3
31,SSP5-8.5,3
31,SSP5-8.5,3
31,SSP5-8.5,3
31,SSP5-8.5,3
31,SSP5-8.5,3
31,SSP5-8.5,3
31,SSP5-8.5,3
31,SSP5-8.5,3
31,SSP5-8.5,3
31,SSP5-8.5,3
31,SSP5-8.5,3
31,SSP5-8.5,3
31,SSP5-8.5,3
31,SSP5-8.5,3
31,SSP5-8.5,3
31,SSP5-8.5,3
31,SSP5-8.5,3
31,SSP5-8.5,3
31,SSP5-8.5,3
31,SSP5-8.5,3
31,SSP5-8.5,3
31,SSP5-8.5,4
31,SSP5-8.5,4
31,SSP5-8.5,4
31,SSP5-8.5,4
31,SSP5-8.5,4
31,SSP5-8.5,4
31,SSP5-8.5,4
31,SSP5-8.5,4
31,SSP5-8.5,4
31,SSP5-8.5,4
31,SSP5-8.5,4
31,SSP5-8.5,4
31,SSP5-8.5,4
31,SSP5-8.5,4
31,SSP5-8.5,4
31,SSP5-8.5,4
31,SSP5-8.5,4
31,SSP5-8.5,4
31,SSP5-8.5,4
31,SSP5-8.5,4
31,SSP5-8.5,4
31,SSP5-8.5,4
31,SSP5-8.5,4
31,SSP5-8.5,4
31,SSP5-8.5,4
31,SSP5-8.5,4
31,SSP5-8.5,6
31,SSP5-8.5,6
31,SSP5-8.5,6
31,SSP5-8.5,6
31,SSP5-8.5,6
31,SSP5-8.5,6
31,SSP5-8.5,6
31,SSP5-8.5,6
31,SSP5-8.5,6
32,SSP1-2.6,1
32,SSP1-2.6,2
32,SSP1-2.6,2
32,SSP1-2.6,2
32,SSP1-2.6,2
32,SSP1-2.6,2
32,SSP1-2.6,2
32,SSP1-2.6,2
32,SSP1-2.6,2
32,SSP1-2.6,2
32,SSP1-2.6,2
32,SSP1-2.6,2
32,SSP1-2.6,2
32,SSP1-2.6,2
32,SSP1-2.6,2
32,SSP1-2.6,2
32,SSP1-2.6,2
32,SSP1-2.6,2
32,SSP1-2.6,2
32,SSP1-2.6,2
32,SSP1-2.6,2
32,SSP1-2.6,2
32,SSP1-2.6,2
32,SSP1-2.6,2
32,SSP1-2.6,2
32,SSP1-2.6,2
32,SSP1-2.6,2
32,SSP1-2.6,2
32,SSP1-2.6,2
32,SSP1-2.6,2
32,SSP1-2.6,2
32,SSP1-2.6,2
32,SSP1-2.6,2
32,SSP1-2.6,2
32,SSP1-2.6,2
32,SSP1-2.6,2
32,SSP1-2.6,2
32,SSP1-2.6,2
32,SSP1-2.6,2
32,SSP1-2.6,2
32,SSP1-2.6,2
32,SSP1-2.6,2
32,SSP1-2.6,2
32,SSP1-2.6,2
32,SSP1-2.6,2
32,SSP1-2.6,2
32,SSP1-2.6,2
32,SSP1-2.6,2
32,SSP1-2.6,2
32,SSP1-2.6,2
32,SSP1-2.6,2
32,SSP1-2.6,2
32,SSP1-2.6,2
32,SSP1-2.6,2
32,SSP1-2.6,2
32,SSP1-2.6,2
32,SSP1-2.6,2
32,SSP1-2.6,2
32,SSP1-2.6,2
32,SSP1-2.6,2
32,SSP1-2.6,2
32,SSP1-2.6,2
32,SSP1-2.6,2
32,SSP1-2.6,2
32,SSP1-2.6,2
32,SSP1-2.6,2
32,SSP1-2.6,2
32,SSP1-2.6,2
32,SSP1-2.6,2
32,SSP1-2.6,2
32,SSP1-2.6,2
32,SSP1-2.6,2
32,SSP1-2.6,2
32,SSP1-2.6,2
32,SSP1-2.6,2
32,SSP1-2.6,2
32,SSP1-2.6,2
32,SSP1-2.6,2
32,SSP1-2.6,2
32,SSP1-2.6,2
32,SSP1-2.6,2
32,SSP1-2.6,2
32,SSP1-2.6,2
32,SSP1-2.6,2
32,SSP1-2.6,2
32,SSP1-2.6,2
32,SSP1-2.6,2
32,SSP1-2.6,2
32,SSP1-2.6,2
32,SSP1-2.6,2
32,SSP1-2.6,2
32,SSP1-2.6,2
32,SSP1-2.6,2
32,SSP1-2.6,2
32,SSP1-2.6,2
32,SSP1-2.6,2
32,SSP1-2.6,2
32,SSP1-2.6,2
32,SSP1-2.6,2
32,SSP2-4.5,1
32,SSP2-4.5,2
32,SSP2-4.5,2
32,SSP2-4.5,2
32,SSP2-4.5,2
32,SSP2-4.5,2
32,SSP2-4.5,2
32,SSP2-4.5,2
32,SSP2-4.5,2
32,SSP2-4.5,2
32,SSP2-4.5,2
32,SSP2-4.5,2
32,SSP2-4.5,2
32,SSP2-4.5,2
32,SSP2-4.5,2
32,SSP2-4.5,2
32,SSP2-4.5,2
32,SSP2-4.5,2
32,SSP2-4.5,2
32,SSP2-4.5,2
32,SSP2-4.5,2
32,SSP2-4.5,2
32,SSP2-4.5,2
32,SSP2-4.5,2
32,SSP2-4.5,2
32,SSP2-4.5,2
32,SSP2-4.5,2
32,SSP2-4.5,2
32,SSP2-4.5,2
32,SSP2-4.5,2
32,SSP2-4.5,2
32,SSP2-4.5,2
32,SSP2-4.5,2
32,SSP2-4.5,2
32,SSP2-4.5,2
32,SSP2-4.5,2
32,SSP2-4.5,2
32,SSP2-4.5,2
32,SSP2-4.5,2
32,SSP2-4.5,2
32,SSP2-4.5,2
32,SSP2-4.5,2
32,SSP2-4.5,2
32,SSP2-4.5,2
32,SSP2-4.5,2
32,SSP2-4.5,2
32,SSP2-4.5,2
32,SSP2-4.5,2
32,SSP2-4.5,2
32,SSP2-4.5,2
32,SSP2-4.5,2
32,SSP2-4.5,2
32,SSP2-4.5,2
32,SSP2-4.5,2
32,SSP2-4.5,2
32,SSP2-4.5,2
32,SSP2-4.5,2
32,SSP2-4.5,2
32,SSP2-4.5,2
32,SSP2-4.5,2
32,SSP2-4.5,2
32,SSP2-4.5,2
32,SSP2-4.5,2
32,SSP2-4.5,2
32,SSP2-4.5,2
32,SSP2-4.5,2
32,SSP2-4.5,2
32,SSP2-4.5,2
32,SSP2-4.5,2
32,SSP2-4.5,2
32,SSP2-4.5,2
32,SSP2-4.5,2
32,SSP2-4.5,2
32,SSP2-4.5,2
32,SSP2-4.5,2
32,SSP2-4.5,2
32,SSP2-4.5,2
32,SSP2-4.5,2
32,SSP2-4.5,2
32,SSP2-4.5,2
32,SSP2-4.5,2
32,SSP2-4.5,2
32,SSP2-4.5,2
32,SSP2-4.5,2
32,SSP2-4.5,2
32,SSP2-4.5,2
32,SSP2-4.5,2
32,SSP2-4.5,2
32,SSP2-4.5,2
32,SSP2-4.5,2
32,SSP2-4.5,2
32,SSP2-4.5,2
32,SSP2-4.5,2
32,SSP2-4.5,3
32,SSP2-4.5,3
32,SSP2-4.5,3
32,SSP2-4.5,3
32,SSP2-4.5,4
32,SSP3-7.0,1
32,SSP3-7.0,1
32,SSP3-7.0,1
32,SSP3-7.0,1
32,SSP3-7.0,1
32,SSP3-7.0,1
32,SSP3-7.0,1
32,SSP3-7.0,2
32,SSP3-7.0,2
32,SSP3-7.0,2
32,SSP3-7.0,2
32,SSP3-7.0,2
32,SSP3-7.0,2
32,SSP3-7.0,2
32,SSP3-7.0,2
32,SSP3-7.0,2
32,SSP3-7.0,2
32,SSP3-7.0,2
32,SSP3-7.0,2
32,SSP3-7.0,2
32,SSP3-7.0,2
32,SSP3-7.0,2
32,SSP3-7.0,2
32,SSP3-7.0,2
32,SSP3-7.0,2
32,SSP3-7.0,2
32,SSP3-7.0,2
32,SSP3-7.0,2
32,SSP3-7.0,2
32,SSP3-7.0,2
32,SSP3-7.0,2
32,SSP3-7.0,2
32,SSP3-7.0,2
32,SSP3-7.0,2
32,SSP3-7.0,2
32,SSP3-7.0,2
32,SSP3-7.0,2
32,SSP3-7.0,2
32,SSP3-7.0,2
32,SSP3-7.0,2
32,SSP3-7.0,2
32,SSP3-7.0,2
32,SSP3-7.0,2
32,SSP3-7.0,2
32,SSP3-7.0,2
32,SSP3-7.0,2
32,SSP3-7.0,2
32,SSP3-7.0,2
32,SSP3-7.0,2
32,SSP3-7.0,2
32,SSP3-7.0,2
32,SSP3-7.0,2
32,SSP3-7.0,2
32,SSP3-7.0,2
32,SSP3-7.0,2
32,SSP3-7.0,2
32,SSP3-7.0,2
32,SSP3-7.0,2
32,SSP3-7.0,2
32,SSP3-7.0,2
32,SSP3-7.0,2
32,SSP3-7.0,2
32,SSP3-7.0,2
32,SSP3-7.0,2
32,SSP3-7.0,2
32,SSP3-7.0,2
32,SSP3-7.0,2
32,SSP3-7.0,2
32,SSP3-7.0,2
32,SSP3-7.0,2
32,SSP3-7.0,2
32,SSP3-7.0,2
32,SSP3-7.0,2
32,SSP3-7.0,2
32,SSP3-7.0,2
32,SSP3-7.0,2
32,SSP3-7.0,2
32,SSP3-7.0,2
32,SSP3-7.0,2
32,SSP3-7.0,2
32,SSP3-7.0,2
32,SSP3-7.0,2
32,SSP3-7.0,2
32,SSP3-7.0,2
32,SSP3-7.0,2
32,SSP3-7.0,2
32,SSP3-7.0,2
32,SSP3-7.0,2
32,SSP3-7.0,2
32,SSP3-7.0,2
32,SSP3-7.0,2
32,SSP3-7.0,2
32,SSP3-7.0,2
32,SSP3-7.0,2
32,SSP3-7.0,2
32,SSP3-7.0,2
32,SSP3-7.0,2
32,SSP3-7.0,2
32,SSP3-7.0,3
32,SSP5-8.5,1
32,SSP5-8.5,1
32,SSP5-8.5,2
32,SSP5-8.5,2
32,SSP5-8.5,2
32,SSP5-8.5,2
32,SSP5-8.5,2
32,SSP5-8.5,2
32,SSP5-8.5,2
32,SSP5-8.5,2
32,SSP5-8.5,2
32,SSP5-8.5,2
32,SSP5-8.5,2
32,SSP5-8.5,2
32,SSP5-8.5,2
32,SSP5-8.5,2
32,SSP5-8.5,2
32,SSP5-8.5,2
32,SSP5-8.5,2
32,SSP5-8.5,2
32,SSP5-8.5,2
32,SSP5-8.5,2
32,SSP5-8.5,2
32,SSP5-8.5,2
32,SSP5-8.5,2
32,SSP5-8.5,2
32,SSP5-8.5,2
32,SSP5-8.5,2
32,SSP5-8.5,2
32,SSP5-8.5,2
32,SSP5-8.5,2
32,SSP5-8.5,2
32,SSP5-8.5,2
32,SSP5-8.5,2
32,SSP5-8.5,2
32,SSP5-8.5,2
32,SSP5-8.5,2
32,SSP5-8.5,2
32,SSP5-8.5,2
32,SSP5-8.5,2
32,SSP5-8.5,2
32,SSP5-8.5,2
32,SSP5-8.5,2
32,SSP5-8.5,2
32,SSP5-8.5,2
32,SSP5-8.5,2
32,SSP5-8.5,2
32,SSP5-8.5,2
32,SSP5-8.5,2
32,SSP5-8.5,2
32,SSP5-8.5,2
32,SSP5-8.5,2
32,SSP5-8.5,2
32,SSP5-8.5,2
32,SSP5-8.5,2
32,SSP5-8.5,2
32,SSP5-8.5,2
32,SSP5-8.5,2
32,SSP5-8.5,2
32,SSP5-8.5,2
32,SSP5-8.5,2
32,SSP5-8.5,2
32,SSP5-8.5,2
32,SSP5-8.5,2
32,SSP5-8.5,2
32,SSP5-8.5,2
32,SSP5-8.5,2
32,SSP5-8.5,2
32,SSP5-8.5,2
32,SSP5-8.5,2
32,SSP5-8.5,2
32,SSP5-8.5,2
32,SSP5-8.5,2
32,SSP5-8.5,2
32,SSP5-8.5,2
32,SSP5-8.5,2
32,SSP5-8.5,2
32,SSP5-8.5,2
32,SSP5-8.5,2
32,SSP5-8.5,2
32,SSP5-8.5,2
32,SSP5-8.5,2
32,SSP5-8.5,2
32,SSP5-8.5,2
32,SSP5-8.5,2
32,SSP5-8.5,2
32,SSP5-8.5,2
32,SSP5-8.5,2
32,SSP5-8.5,2
32,SSP5-8.5,2
32,SSP5-8.5,2
32,SSP5-8.5,2
32,SSP5-8.5,2
32,SSP5-8.5,2
32,SSP5-8.5,2
32,SSP5-8.5,2
32,SSP5-8.5,2
32,SSP5-8.5,2
32,SSP5-8.5,3
33,SSP1-2.6,1
33,SSP1-2.6,2
33,SSP1-2.6,2
33,SSP1-2.6,2
33,SSP1-2.6,2
33,SSP1-2.6,2
33,SSP1-2.6,2
33,SSP1-2.6,2
33,SSP1-2.6,2
33,SSP1-2.6,2
33,SSP1-2.6,2
33,SSP1-2.6,2
33,SSP1-2.6,2
33,SSP1-2.6,2
33,SSP1-2.6,2
33,SSP1-2.6,2
33,SSP1-2.6,2
33,SSP1-2.6,2
33,SSP1-2.6,2
33,SSP1-2.6,2
33,SSP1-2.6,2
33,SSP1-2.6,2
33,SSP1-2.6,2
33,SSP1-2.6,2
33,SSP1-2.6,2
33,SSP1-2.6,2
33,SSP1-2.6,2
33,SSP1-2.6,2
33,SSP1-2.6,2
33,SSP1-2.6,2
33,SSP1-2.6,2
33,SSP1-2.6,2
33,SSP1-2.6,2
33,SSP1-2.6,2
33,SSP1-2.6,2
33,SSP1-2.6,2
33,SSP1-2.6,2
33,SSP1-2.6,2
33,SSP1-2.6,2
33,SSP1-2.6,2
33,SSP1-2.6,2
33,SSP1-2.6,2
33,SSP1-2.6,2
33,SSP1-2.6,2
33,SSP1-2.6,2
33,SSP1-2.6,2
33,SSP1-2.6,2
33,SSP1-2.6,2
33,SSP1-2.6,2
33,SSP1-2.6,2
33,SSP1-2.6,2
33,SSP1-2.6,2
33,SSP1-2.6,2
33,SSP1-2.6,2
33,SSP1-2.6,2
33,SSP1-2.6,2
33,SSP1-2.6,2
33,SSP1-2.6,2
33,SSP1-2.6,2
33,SSP1-2.6,2
33,SSP1-2.6,2
33,SSP1-2.6,2
33,SSP1-2.6,2
33,SSP1-2.6,2
33,SSP1-2.6,2
33,SSP1-2.6,2
33,SSP1-2.6,2
33,SSP1-2.6,2
33,SSP1-2.6,2
33,SSP1-2.6,2
33,SSP1-2.6,2
33,SSP1-2.6,2
33,SSP1-2.6,2
33,SSP1-2.6,2
33,SSP1-2.6,2
33,SSP1-2.6,2
33,SSP1-2.6,2
33,SSP1-2.6,2
33,SSP1-2.6,2
33,SSP1-2.6,2
33,SSP1-2.6,2
33,SSP1-2.6,2
33,SSP1-2.6,2
33,SSP1-2.6,2
33,SSP1-2.6,2
33,SSP1-2.6,2
33,SSP1-2.6,2
33,SSP1-2.6,2
33,SSP1-2.6,2
33,SSP1-2.6,2
33,SSP1-2.6,2
33,SSP1-2.6,2
33,SSP1-2.6,2
33,SSP1-2.6,2
33,SSP1-2.6,2
33,SSP1-2.6,2
33,SSP1-2.6,2
33,SSP1-2.6,2
33,SSP1-2.6,2
33,SSP2-4.5,1
33,SSP2-4.5,1
33,SSP2-4.5,1
33,SSP2-4.5,1
33,SSP2-4.5,1
33,SSP2-4.5,1
33,SSP2-4.5,1
33,SSP2-4.5,1
33,SSP2-4.5,1
33,SSP2-4.5,2
33,SSP2-4.5,2
33,SSP2-4.5,2
33,SSP2-4.5,2
33,SSP2-4.5,2
33,SSP2-4.5,2
33,SSP2-4.5,2
33,SSP2-4.5,2
33,SSP2-4.5,2
33,SSP2-4.5,2
33,SSP2-4.5,2
33,SSP2-4.5,2
33,SSP2-4.5,2
33,SSP2-4.5,2
33,SSP2-4.5,2
33,SSP2-4.5,2
33,SSP2-4.5,2
33,SSP2-4.5,2
33,SSP2-4.5,2
33,SSP2-4.5,2
33,SSP2-4.5,2
33,SSP2-4.5,2
33,SSP2-4.5,2
33,SSP2-4.5,2
33,SSP2-4.5,2
33,SSP2-4.5,2
33,SSP2-4.5,2
33,SSP2-4.5,2
33,SSP2-4.5,2
33,SSP2-4.5,2
33,SSP2-4.5,2
33,SSP2-4.5,2
33,SSP2-4.5,2
33,SSP2-4.5,2
33,SSP2-4.5,2
33,SSP2-4.5,2
33,SSP2-4.5,2
33,SSP2-4.5,2
33,SSP2-4.5,2
33,SSP2-4.5,2
33,SSP2-4.5,2
33,SSP2-4.5,2
33,SSP2-4.5,2
33,SSP2-4.5,2
33,SSP2-4.5,2
33,SSP2-4.5,2
33,SSP2-4.5,2
33,SSP2-4.5,2
33,SSP2-4.5,2
33,SSP2-4.5,2
33,SSP2-4.5,2
33,SSP2-4.5,2
33,SSP2-4.5,2
33,SSP2-4.5,2
33,SSP2-4.5,2
33,SSP2-4.5,2
33,SSP2-4.5,2
33,SSP2-4.5,2
33,SSP2-4.5,2
33,SSP2-4.5,2
33,SSP2-4.5,2
33,SSP2-4.5,2
33,SSP2-4.5,2
33,SSP2-4.5,2
33,SSP2-4.5,2
33,SSP2-4.5,2
33,SSP2-4.5,2
33,SSP2-4.5,2
33,SSP2-4.5,2
33,SSP2-4.5,2
33,SSP2-4.5,2
33,SSP2-4.5,2
33,SSP2-4.5,2
33,SSP2-4.5,2
33,SSP2-4.5,2
33,SSP2-4.5,2
33,SSP2-4.5,2
33,SSP2-4.5,2
33,SSP2-4.5,2
33,SSP2-4.5,2
33,SSP2-4.5,2
33,SSP2-4.5,2
33,SSP2-4.5,2
33,SSP2-4.5,2
33,SSP2-4.5,2
33,SSP2-4.5,2
33,SSP2-4.5,2
33,SSP2-4.5,2
33,SSP2-4.5,2
33,SSP2-4.5,2
33,SSP3-7.0,1
33,SSP3-7.0,1
33,SSP3-7.0,1
33,SSP3-7.0,1
33,SSP3-7.0,1
33,SSP3-7.0,1
33,SSP3-7.0,1
33,SSP3-7.0,1
33,SSP3-7.0,1
33,SSP3-7.0,1
33,SSP3-7.0,1
33,SSP3-7.0,1
33,SSP3-7.0,1
33,SSP3-7.0,1
33,SSP3-7.0,1
33,SSP3-7.0,1
33,SSP3-7.0,1
33,SSP3-7.0,1
33,SSP3-7.0,1
33,SSP3-7.0,1
33,SSP3-7.0,1
33,SSP3-7.0,2
33,SSP3-7.0,2
33,SSP3-7.0,2
33,SSP3-7.0,2
33,SSP3-7.0,2
33,SSP3-7.0,2
33,SSP3-7.0,2
33,SSP3-7.0,2
33,SSP3-7.0,2
33,SSP3-7.0,2
33,SSP3-7.0,2
33,SSP3-7.0,2
33,SSP3-7.0,2
33,SSP3-7.0,2
33,SSP3-7.0,2
33,SSP3-7.0,2
33,SSP3-7.0,2
33,SSP3-7.0,2
33,SSP3-7.0,2
33,SSP3-7.0,2
33,SSP3-7.0,2
33,SSP3-7.0,2
33,SSP3-7.0,2
33,SSP3-7.0,2
33,SSP3-7.0,2
33,SSP3-7.0,2
33,SSP3-7.0,2
33,SSP3-7.0,2
33,SSP3-7.0,2
33,SSP3-7.0,2
33,SSP3-7.0,2
33,SSP3-7.0,2
33,SSP3-7.0,2
33,SSP3-7.0,2
33,SSP3-7.0,2
33,SSP3-7.0,2
33,SSP3-7.0,2
33,SSP3-7.0,2
33,SSP3-7.0,2
33,SSP3-7.0,2
33,SSP3-7.0,2
33,SSP3-7.0,2
33,SSP3-7.0,2
33,SSP3-7.0,2
33,SSP3-7.0,2
33,SSP3-7.0,2
33,SSP3-7.0,2
33,SSP3-7.0,2
33,SSP3-7.0,2
33,SSP3-7.0,2
33,SSP3-7.0,2
33,SSP3-7.0,2
33,SSP3-7.0,2
33,SSP3-7.0,2
33,SSP3-7.0,2
33,SSP3-7.0,2
33,SSP3-7.0,2
33,SSP3-7.0,2
33,SSP3-7.0,2
33,SSP3-7.0,2
33,SSP3-7.0,2
33,SSP3-7.0,2
33,SSP3-7.0,2
33,SSP3-7.0,2
33,SSP3-7.0,2
33,SSP3-7.0,2
33,SSP3-7.0,2
33,SSP3-7.0,2
33,SSP3-7.0,2
33,SSP3-7.0,2
33,SSP3-7.0,2
33,SSP3-7.0,2
33,SSP3-7.0,2
33,SSP3-7.0,2
33,SSP3-7.0,2
33,SSP3-7.0,2
33,SSP3-7.0,2
33,SSP3-7.0,2
33,SSP5-8.5,1
33,SSP5-8.5,1
33,SSP5-8.5,1
33,SSP5-8.5,1
33,SSP5-8.5,1
33,SSP5-8.5,1
33,SSP5-8.5,1
33,SSP5-8.5,1
33,SSP5-8.5,1
33,SSP5-8.5,1
33,SSP5-8.5,2
33,SSP5-8.5,2
33,SSP5-8.5,2
33,SSP5-8.5,2
33,SSP5-8.5,2
33,SSP5-8.5,2
33,SSP5-8.5,2
33,SSP5-8.5,2
33,SSP5-8.5,2
33,SSP5-8.5,2
33,SSP5-8.5,2
33,SSP5-8.5,2
33,SSP5-8.5,2
33,SSP5-8.5,2
33,SSP5-8.5,2
33,SSP5-8.5,2
33,SSP5-8.5,2
33,SSP5-8.5,2
33,SSP5-8.5,2
33,SSP5-8.5,2
33,SSP5-8.5,2
33,SSP5-8.5,2
33,SSP5-8.5,2
33,SSP5-8.5,2
33,SSP5-8.5,2
33,SSP5-8.5,2
33,SSP5-8.5,2
33,SSP5-8.5,2
33,SSP5-8.5,2
33,SSP5-8.5,2
33,SSP5-8.5,2
33,SSP5-8.5,2
33,SSP5-8.5,2
33,SSP5-8.5,2
33,SSP5-8.5,2
33,SSP5-8.5,2
33,SSP5-8.5,2
33,SSP5-8.5,2
33,SSP5-8.5,2
33,SSP5-8.5,2
33,SSP5-8.5,2
33,SSP5-8.5,2
33,SSP5-8.5,2
33,SSP5-8.5,2
33,SSP5-8.5,2
33,SSP5-8.5,2
33,SSP5-8.5,2
33,SSP5-8.5,2
33,SSP5-8.5,2
33,SSP5-8.5,2
33,SSP5-8.5,2
33,SSP5-8.5,2
33,SSP5-8.5,2
33,SSP5-8.5,2
33,SSP5-8.5,2
33,SSP5-8.5,2
33,SSP5-8.5,2
33,SSP5-8.5,2
33,SSP5-8.5,2
33,SSP5-8.5,2
33,SSP5-8.5,2
33,SSP5-8.5,2
33,SSP5-8.5,2
33,SSP5-8.5,2
33,SSP5-8.5,2
33,SSP5-8.5,2
33,SSP5-8.5,2
33,SSP5-8.5,2
33,SSP5-8.5,2
33,SSP5-8.5,2
33,SSP5-8.5,2
33,SSP5-8.5,2
33,SSP5-8.5,2
33,SSP5-8.5,2
33,SSP5-8.5,2
33,SSP5-8.5,2
33,SSP5-8.5,2
33,SSP5-8.5,2
33,SSP5-8.5,2
33,SSP5-8.5,2
33,SSP5-8.5,2
33,SSP5-8.5,2
33,SSP5-8.5,2
33,SSP5-8.5,2
33,SSP5-8.5,2
33,SSP5-8.5,2
33,SSP5-8.5,2
33,SSP5-8.5,2
33,SSP5-8.5,2
34,SSP1-2.6,1
34,SSP1-2.6,1
34,SSP1-2.6,1
34,SSP1-2.6,1
34,SSP1-2.6,1
34,SSP1-2.6,2
34,SSP1-2.6,2
34,SSP1-2.6,2
34,SSP1-2.6,2
34,SSP1-2.6,2
34,SSP1-2.6,2
34,SSP1-2.6,2
34,SSP1-2.6,2
34,SSP1-2.6,2
34,SSP1-2.6,2
34,SSP1-2.6,2
34,SSP1-2.6,2
34,SSP1-2.6,2
34,SSP1-2.6,2
34,SSP1-2.6,2
34,SSP1-2.6,2
34,SSP1-2.6,2
34,SSP1-2.6,2
34,SSP1-2.6,2
34,SSP1-2.6,2
34,SSP1-2.6,2
34,SSP1-2.6,2
34,SSP1-2.6,2
34,SSP1-2.6,2
34,SSP1-2.6,2
34,SSP1-2.6,2
34,SSP1-2.6,2
34,SSP1-2.6,2
34,SSP1-2.6,2
34,SSP1-2.6,2
34,SSP1-2.6,2
34,SSP1-2.6,2
34,SSP1-2.6,2
34,SSP1-2.6,2
34,SSP1-2.6,2
34,SSP1-2.6,2
34,SSP1-2.6,2
34,SSP1-2.6,2
34,SSP1-2.6,2
34,SSP1-2.6,2
34,SSP1-2.6,2
34,SSP1-2.6,2
34,SSP1-2.6,2
34,SSP1-2.6,2
34,SSP1-2.6,2
34,SSP1-2.6,2
34,SSP1-2.6,2
34,SSP1-2.6,2
34,SSP1-2.6,2
34,SSP1-2.6,2
34,SSP1-2.6,2
34,SSP1-2.6,2
34,SSP1-2.6,2
34,SSP1-2.6,2
34,SSP1-2.6,2
34,SSP1-2.6,2
34,SSP1-2.6,2
34,SSP1-2.6,2
34,SSP1-2.6,2
34,SSP1-2.6,2
34,SSP1-2.6,2
34,SSP1-2.6,2
34,SSP1-2.6,2
34,SSP1-2.6,2
34,SSP1-2.6,2
34,SSP1-2.6,2
34,SSP1-2.6,2
34,SSP1-2.6,2
34,SSP1-2.6,2
34,SSP1-2.6,3
34,SSP1-2.6,3
34,SSP1-2.6,3
34,SSP1-2.6,3
34,SSP1-2.6,3
34,SSP1-2.6,3
34,SSP1-2.6,3
34,SSP1-2.6,3
34,SSP1-2.6,3
34,SSP1-2.6,3
34,SSP1-2.6,3
34,SSP1-2.6,3
34,SSP1-2.6,3
34,SSP1-2.6,3
34,SSP1-2.6,3
34,SSP1-2.6,4
34,SSP1-2.6,4
34,SSP1-2.6,4
34,SSP1-2.6,5
34,SSP1-2.6,5
34,SSP1-2.6,5
34,SSP1-2.6,5
34,SSP1-2.6,5
34,SSP2-4.5,1
34,SSP2-4.5,1
34,SSP2-4.5,2
34,SSP2-4.5,2
34,SSP2-4.5,2
34,SSP2-4.5,2
34,SSP2-4.5,2
34,SSP2-4.5,2
34,SSP2-4.5,2
34,SSP2-4.5,2
34,SSP2-4.5,2
34,SSP2-4.5,2
34,SSP2-4.5,2
34,SSP2-4.5,2
34,SSP2-4.5,2
34,SSP2-4.5,2
34,SSP2-4.5,2
34,SSP2-4.5,2
34,SSP2-4.5,2
34,SSP2-4.5,2
34,SSP2-4.5,2
34,SSP2-4.5,2
34,SSP2-4.5,2
34,SSP2-4.5,2
34,SSP2-4.5,2
34,SSP2-4.5,2
34,SSP2-4.5,2
34,SSP2-4.5,2
34,SSP2-4.5,2
34,SSP2-4.5,2
34,SSP2-4.5,2
34,SSP2-4.5,2
34,SSP2-4.5,2
34,SSP2-4.5,2
34,SSP2-4.5,2
34,SSP2-4.5,2
34,SSP2-4.5,2
34,SSP2-4.5,2
34,SSP2-4.5,2
34,SSP2-4.5,2
34,SSP2-4.5,2
34,SSP2-4.5,2
34,SSP2-4.5,2
34,SSP2-4.5,2
34,SSP2-4.5,2
34,SSP2-4.5,2
34,SSP2-4.5,2
34,SSP2-4.5,2
34,SSP2-4.5,2
34,SSP2-4.5,2
34,SSP2-4.5,2
34,SSP2-4.5,2
34,SSP2-4.5,2
34,SSP2-4.5,2
34,SSP2-4.5,2
34,SSP2-4.5,2
34,SSP2-4.5,2
34,SSP2-4.5,2
34,SSP2-4.5,2
34,SSP2-4.5,2
34,SSP2-4.5,2
34,SSP2-4.5,2
34,SSP2-4.5,2
34,SSP2-4.5,2
34,SSP2-4.5,2
34,SSP2-4.5,3
34,SSP2-4.5,3
34,SSP2-4.5,3
34,SSP2-4.5,3
34,SSP2-4.5,3
34,SSP2-4.5,3
34,SSP2-4.5,3
34,SSP2-4.5,3
34,SSP2-4.5,3
34,SSP2-4.5,3
34,SSP2-4.5,3
34,SSP2-4.5,3
34,SSP2-4.5,3
34,SSP2-4.5,3
34,SSP2-4.5,3
34,SSP2-4.5,3
34,SSP2-4.5,3
34,SSP2-4.5,3
34,SSP2-4.5,3
34,SSP2-4.5,3
34,SSP2-4.5,3
34,SSP2-4.5,4
34,SSP2-4.5,5
34,SSP2-4.5,5
34,SSP2-4.5,5
34,SSP2-4.5,6
34,SSP2-4.5,6
34,SSP2-4.5,6
34,SSP2-4.5,6
34,SSP2-4.5,6
34,SSP2-4.5,6
34,SSP2-4.5,6
34,SSP2-4.5,6
34,SSP3-7.0,2
34,SSP3-7.0,2
34,SSP3-7.0,2
34,SSP3-7.0,2
34,SSP3-7.0,2
34,SSP3-7.0,2
34,SSP3-7.0,2
34,SSP3-7.0,2
34,SSP3-7.0,2
34,SSP3-7.0,2
34,SSP3-7.0,2
34,SSP3-7.0,2
34,SSP3-7.0,2
34,SSP3-7.0,2
34,SSP3-7.0,2
34,SSP3-7.0,2
34,SSP3-7.0,2
34,SSP3-7.0,2
34,SSP3-7.0,2
34,SSP3-7.0,2
34,SSP3-7.0,2
34,SSP3-7.0,2
34,SSP3-7.0,2
34,SSP3-7.0,2
34,SSP3-7.0,2
34,SSP3-7.0,2
34,SSP3-7.0,2
34,SSP3-7.0,2
34,SSP3-7.0,2
34,SSP3-7.0,2
34,SSP3-7.0,2
34,SSP3-7.0,2
34,SSP3-7.0,2
34,SSP3-7.0,2
34,SSP3-7.0,2
34,SSP3-7.0,2
34,SSP3-7.0,2
34,SSP3-7.0,2
34,SSP3-7.0,2
34,SSP3-7.0,2
34,SSP3-7.0,2
34,SSP3-7.0,2
34,SSP3-7.0,2
34,SSP3-7.0,2
34,SSP3-7.0,2
34,SSP3-7.0,2
34,SSP3-7.0,2
34,SSP3-7.0,2
34,SSP3-7.0,2
34,SSP3-7.0,2
34,SSP3-7.0,2
34,SSP3-7.0,2
34,SSP3-7.0,2
34,SSP3-7.0,2
34,SSP3-7.0,3
34,SSP3-7.0,3
34,SSP3-7.0,3
34,SSP3-7.0,3
34,SSP3-7.0,3
34,SSP3-7.0,3
34,SSP3-7.0,3
34,SSP3-7.0,3
34,SSP3-7.0,3
34,SSP3-7.0,3
34,SSP3-7.0,3
34,SSP3-7.0,3
34,SSP3-7.0,3
34,SSP3-7.0,3
34,SSP3-7.0,3
34,SSP3-7.0,3
34,SSP3-7.0,3
34,SSP3-7.0,3
34,SSP3-7.0,4
34,SSP3-7.0,4
34,SSP3-7.0,4
34,SSP3-7.0,4
34,SSP3-7.0,4
34,SSP3-7.0,4
34,SSP3-7.0,4
34,SSP3-7.0,4
34,SSP3-7.0,4
34,SSP3-7.0,4
34,SSP3-7.0,4
34,SSP3-7.0,5
34,SSP3-7.0,5
34,SSP3-7.0,5
34,SSP3-7.0,5
34,SSP3-7.0,6
34,SSP3-7.0,6
34,SSP3-7.0,6
34,SSP3-7.0,6
34,SSP3-7.0,6
34,SSP3-7.0,6
34,SSP3-7.0,6
34,SSP3-7.0,6
34,SSP3-7.0,6
34,SSP3-7.0,6
34,SSP3-7.0,6
34,SSP5-8.5,2
34,SSP5-8.5,2
34,SSP5-8.5,2
34,SSP5-8.5,2
34,SSP5-8.5,2
34,SSP5-8.5,2
34,SSP5-8.5,2
34,SSP5-8.5,2
34,SSP5-8.5,2
34,SSP5-8.5,2
34,SSP5-8.5,2
34,SSP5-8.5,2
34,SSP5-8.5,2
34,SSP5-8.5,2
34,SSP5-8.5,2
34,SSP5-8.5,2
34,SSP5-8.5,2
34,SSP5-8.5,2
34,SSP5-8.5,2
34,SSP5-8.5,2
34,SSP5-8.5,3
34,SSP5-8.5,3
34,SSP5-8.5,3
34,SSP5-8.5,3
34,SSP5-8.5,3
34,SSP5-8.5,3
34,SSP5-8.5,3
34,SSP5-8.5,3
34,SSP5-8.5,3
34,SSP5-8.5,3
34,SSP5-8.5,3
34,SSP5-8.5,3
34,SSP5-8.5,3
34,SSP5-8.5,3
34,SSP5-8.5,3
34,SSP5-8.5,3
34,SSP5-8.5,3
34,SSP5-8.5,3
34,SSP5-8.5,3
34,SSP5-8.5,3
34,SSP5-8.5,3
34,SSP5-8.5,3
34,SSP5-8.5,3
34,SSP5-8.5,3
34,SSP5-8.5,3
34,SSP5-8.5,3
34,SSP5-8.5,3
34,SSP5-8.5,3
34,SSP5-8.5,3
34,SSP5-8.5,3
34,SSP5-8.5,3
34,SSP5-8.5,3
34,SSP5-8.5,3
34,SSP5-8.5,3
34,SSP5-8.5,3
34,SSP5-8.5,3
34,SSP5-8.5,3
34,SSP5-8.5,3
34,SSP5-8.5,3
34,SSP5-8.5,3
34,SSP5-8.5,3
34,SSP5-8.5,3
34,SSP5-8.5,4
34,SSP5-8.5,4
34,SSP5-8.5,4
34,SSP5-8.5,4
34,SSP5-8.5,4
34,SSP5-8.5,4
34,SSP5-8.5,4
34,SSP5-8.5,5
34,SSP5-8.5,5
34,SSP5-8.5,5
34,SSP5-8.5,5
34,SSP5-8.5,5
34,SSP5-8.5,5
34,SSP5-8.5,5
34,SSP5-8.5,5
34,SSP5-8.5,5
34,SSP5-8.5,5
34,SSP5-8.5,5
34,SSP5-8.5,6
34,SSP5-8.5,6
34,SSP5-8.5,6
34,SSP5-8.5,6
34,SSP5-8.5,6
34,SSP5-8.5,6
34,SSP5-8.5,6
34,SSP5-8.5,6
34,SSP5-8.5,6
34,SSP5-8.5,6
34,SSP5-8.5,6
34,SSP5-8.5,6
34,SSP5-8.5,6
34,SSP5-8.5,6
34,SSP5-8.5,6
34,SSP5-8.5,6
34,SSP5-8.5,6
35,SSP1-2.6,1
35,SSP1-2.6,1
35,SSP1-2.6,1
35,SSP1-2.6,1
35,SSP1-2.6,1
35,SSP1-2.6,1
35,SSP1-2.6,1
35,SSP1-2.6,1
35,SSP1-2.6,1
35,SSP1-2.6,1
35,SSP1-2.6,1
35,SSP1-2.6,1
35,SSP1-2.6,1
35,SSP1-2.6,1
35,SSP1-2.6,1
35,SSP1-2.6,1
35,SSP1-2.6,1
35,SSP1-2.6,1
35,SSP1-2.6,1
35,SSP1-2.6,1
35,SSP1-2.6,1
35,SSP1-2.6,1
35,SSP1-2.6,1
35,SSP1-2.6,1
35,SSP1-2.6,1
35,SSP1-2.6,1
35,SSP1-2.6,1
35,SSP1-2.6,1
35,SSP1-2.6,1
35,SSP1-2.6,1
35,SSP1-2.6,1
35,SSP1-2.6,1
35,SSP1-2.6,1
35,SSP1-2.6,2
35,SSP1-2.6,2
35,SSP1-2.6,2
35,SSP1-2.6,2
35,SSP1-2.6,2
35,SSP1-2.6,2
35,SSP1-2.6,2
35,SSP1-2.6,2
35,SSP1-2.6,2
35,SSP1-2.6,2
35,SSP1-2.6,2
35,SSP1-2.6,2
35,SSP1-2.6,2
35,SSP1-2.6,2
35,SSP1-2.6,2
35,SSP1-2.6,2
35,SSP1-2.6,2
35,SSP1-2.6,2
35,SSP1-2.6,2
35,SSP1-2.6,2
35,SSP1-2.6,2
35,SSP1-2.6,2
35,SSP1-2.6,2
35,SSP1-2.6,2
35,SSP1-2.6,2
35,SSP1-2.6,2
35,SSP1-2.6,2
35,SSP1-2.6,2
35,SSP1-2.6,2
35,SSP1-2.6,2
35,SSP1-2.6,2
35,SSP1-2.6,2
35,SSP1-2.6,2
35,SSP1-2.6,2
35,SSP1-2.6,2
35,SSP1-2.6,2
35,SSP1-2.6,2
35,SSP1-2.6,2
35,SSP1-2.6,2
35,SSP1-2.6,2
35,SSP1-2.6,2
35,SSP1-2.6,2
35,SSP1-2.6,2
35,SSP1-2.6,2
35,SSP1-2.6,2
35,SSP1-2.6,2
35,SSP1-2.6,2
35,SSP1-2.6,2
35,SSP1-2.6,2
35,SSP1-2.6,2
35,SSP1-2.6,2
35,SSP1-2.6,2
35,SSP1-2.6,2
35,SSP1-2.6,2
35,SSP1-2.6,2
35,SSP1-2.6,2
35,SSP1-2.6,2
35,SSP1-2.6,2
35,SSP1-2.6,2
35,SSP1-2.6,2
35,SSP1-2.6,2
35,SSP1-2.6,2
35,SSP1-2.6,2
35,SSP1-2.6,2
35,SSP1-2.6,2
35,SSP1-2.6,2
35,SSP2-4.5,1
35,SSP2-4.5,1
35,SSP2-4.5,1
35,SSP2-4.5,1
35,SSP2-4.5,2
35,SSP2-4.5,2
35,SSP2-4.5,2
35,SSP2-4.5,2
35,SSP2-4.5,2
35,SSP2-4.5,2
35,SSP2-4.5,2
35,SSP2-4.5,2
35,SSP2-4.5,2
35,SSP2-4.5,2
35,SSP2-4.5,2
35,SSP2-4.5,2
35,SSP2-4.5,2
35,SSP2-4.5,2
35,SSP2-4.5,2
35,SSP2-4.5,2
35,SSP2-4.5,2
35,SSP2-4.5,2
35,SSP2-4.5,2
35,SSP2-4.5,2
35,SSP2-4.5,2
35,SSP2-4.5,2
35,SSP2-4.5,2
35,SSP2-4.5,2
35,SSP2-4.5,2
35,SSP2-4.5,2
35,SSP2-4.5,2
35,SSP2-4.5,2
35,SSP2-4.5,2
35,SSP2-4.5,2
35,SSP2-4.5,2
35,SSP2-4.5,2
35,SSP2-4.5,2
35,SSP2-4.5,2
35,SSP2-4.5,2
35,SSP2-4.5,2
35,SSP2-4.5,2
35,SSP2-4.5,2
35,SSP2-4.5,2
35,SSP2-4.5,2
35,SSP2-4.5,2
35,SSP2-4.5,2
35,SSP2-4.5,2
35,SSP2-4.5,2
35,SSP2-4.5,2
35,SSP2-4.5,2
35,SSP2-4.5,2
35,SSP2-4.5,2
35,SSP2-4.5,2
35,SSP2-4.5,2
35,SSP2-4.5,2
35,SSP2-4.5,2
35,SSP2-4.5,2
35,SSP2-4.5,2
35,SSP2-4.5,2
35,SSP2-4.5,2
35,SSP2-4.5,2
35,SSP2-4.5,2
35,SSP2-4.5,2
35,SSP2-4.5,2
35,SSP2-4.5,2
35,SSP2-4.5,2
35,SSP2-4.5,3
35,SSP2-4.5,3
35,SSP2-4.5,3
35,SSP2-4.5,3
35,SSP2-4.5,3
35,SSP2-4.5,3
35,SSP2-4.5,3
35,SSP2-4.5,3
35,SSP2-4.5,3
35,SSP2-4.5,3
35,SSP2-4.5,3
35,SSP2-4.5,3
35,SSP2-4.5,3
35,SSP2-4.5,3
35,SSP2-4.5,3
35,SSP2-4.5,3
35,SSP2-4.5,3
35,SSP2-4.5,3
35,SSP2-4.5,3
35,SSP2-4.5,3
35,SSP2-4.5,3
35,SSP2-4.5,3
35,SSP2-4.5,3
35,SSP2-4.5,3
35,SSP2-4.5,3
35,SSP2-4.5,3
35,SSP2-4.5,3
35,SSP2-4.5,3
35,SSP2-4.5,3
35,SSP2-4.5,3
35,SSP2-4.5,3
35,SSP2-4.5,3
35,SSP3-7.0,1
35,SSP3-7.0,1
35,SSP3-7.0,1
35,SSP3-7.0,1
35,SSP3-7.0,1
35,SSP3-7.0,1
35,SSP3-7.0,1
35,SSP3-7.0,1
35,SSP3-7.0,2
35,SSP3-7.0,2
35,SSP3-7.0,2
35,SSP3-7.0,2
35,SSP3-7.0,2
35,SSP3-7.0,2
35,SSP3-7.0,2
35,SSP3-7.0,2
35,SSP3-7.0,2
35,SSP3-7.0,2
35,SSP3-7.0,2
35,SSP3-7.0,2
35,SSP3-7.0,2
35,SSP3-7.0,2
35,SSP3-7.0,2
35,SSP3-7.0,2
35,SSP3-7.0,2
35,SSP3-7.0,2
35,SSP3-7.0,2
35,SSP3-7.0,2
35,SSP3-7.0,2
35,SSP3-7.0,2
35,SSP3-7.0,2
35,SSP3-7.0,2
35,SSP3-7.0,2
35,SSP3-7.0,2
35,SSP3-7.0,2
35,SSP3-7.0,2
35,SSP3-7.0,2
35,SSP3-7.0,2
35,SSP3-7.0,2
35,SSP3-7.0,2
35,SSP3-7.0,2
35,SSP3-7.0,2
35,SSP3-7.0,2
35,SSP3-7.0,2
35,SSP3-7.0,2
35,SSP3-7.0,2
35,SSP3-7.0,2
35,SSP3-7.0,2
35,SSP3-7.0,2
35,SSP3-7.0,2
35,SSP3-7.0,2
35,SSP3-7.0,2
35,SSP3-7.0,2
35,SSP3-7.0,2
35,SSP3-7.0,2
35,SSP3-7.0,2
35,SSP3-7.0,2
35,SSP3-7.0,2
35,SSP3-7.0,2
35,SSP3-7.0,2
35,SSP3-7.0,2
35,SSP3-7.0,2
35,SSP3-7.0,2
35,SSP3-7.0,2
35,SSP3-7.0,2
35,SSP3-7.0,2
35,SSP3-7.0,2
35,SSP3-7.0,2
35,SSP3-7.0,2
35,SSP3-7.0,2
35,SSP3-7.0,2
35,SSP3-7.0,2
35,SSP3-7.0,2
35,SSP3-7.0,3
35,SSP3-7.0,3
35,SSP3-7.0,3
35,SSP3-7.0,3
35,SSP3-7.0,3
35,SSP3-7.0,3
35,SSP3-7.0,3
35,SSP3-7.0,3
35,SSP3-7.0,3
35,SSP3-7.0,3
35,SSP3-7.0,3
35,SSP3-7.0,3
35,SSP3-7.0,3
35,SSP3-7.0,3
35,SSP3-7.0,3
35,SSP3-7.0,3
35,SSP3-7.0,3
35,SSP3-7.0,3
35,SSP3-7.0,3
35,SSP3-7.0,3
35,SSP3-7.0,4
35,SSP3-7.0,4
35,SSP3-7.0,5
35,SSP3-7.0,5
35,SSP5-8.5,2
35,SSP5-8.5,2
35,SSP5-8.5,2
35,SSP5-8.5,2
35,SSP5-8.5,2
35,SSP5-8.5,2
35,SSP5-8.5,2
35,SSP5-8.5,2
35,SSP5-8.5,2
35,SSP5-8.5,2
35,SSP5-8.5,2
35,SSP5-8.5,2
35,SSP5-8.5,2
35,SSP5-8.5,2
35,SSP5-8.5,2
35,SSP5-8.5,2
35,SSP5-8.5,2
35,SSP5-8.5,2
35,SSP5-8.5,2
35,SSP5-8.5,3
35,SSP5-8.5,3
35,SSP5-8.5,3
35,SSP5-8.5,3
35,SSP5-8.5,3
35,SSP5-8.5,3
35,SSP5-8.5,3
35,SSP5-8.5,3
35,SSP5-8.5,3
35,SSP5-8.5,3
35,SSP5-8.5,3
35,SSP5-8.5,3
35,SSP5-8.5,3
35,SSP5-8.5,3
35,SSP5-8.5,3
35,SSP5-8.5,3
35,SSP5-8.5,3
35,SSP5-8.5,3
35,SSP5-8.5,3
35,SSP5-8.5,3
35,SSP5-8.5,3
35,SSP5-8.5,3
35,SSP5-8.5,3
35,SSP5-8.5,3
35,SSP5-8.5,3
35,SSP5-8.5,3
35,SSP5-8.5,3
35,SSP5-8.5,3
35,SSP5-8.5,3
35,SSP5-8.5,3
35,SSP5-8.5,3
35,SSP5-8.5,3
35,SSP5-8.5,3
35,SSP5-8.5,3
35,SSP5-8.5,3
35,SSP5-8.5,3
35,SSP5-8.5,3
35,SSP5-8.5,3
35,SSP5-8.5,3
35,SSP5-8.5,3
35,SSP5-8.5,3
35,SSP5-8.5,3
35,SSP5-8.5,3
35,SSP5-8.5,3
35,SSP5-8.5,3
35,SSP5-8.5,4
35,SSP5-8.5,4
35,SSP5-8.5,4
35,SSP5-8.5,4
35,SSP5-8.5,4
35,SSP5-8.5,4
35,SSP5-8.5,4
35,SSP5-8.5,4
35,SSP5-8.5,4
35,SSP5-8.5,4
35,SSP5-8.5,4
35,SSP5-8.5,4
35,SSP5-8.5,4
35,SSP5-8.5,4
35,SSP5-8.5,4
35,SSP5-8.5,4
35,SSP5-8.5,4
35,SSP5-8.5,4
35,SSP5-8.5,4
35,SSP5-8.5,4
35,SSP5-8.5,4
35,SSP5-8.5,4
35,SSP5-8.5,4
35,SSP5-8.5,5
35,SSP5-8.5,5
35,SSP5-8.5,5
35,SSP5-8.5,5
35,SSP5-8.5,5
35,SSP5-8.5,5
35,SSP5-8.5,6
35,SSP5-8.5,6
35,SSP5-8.5,6
35,SSP5-8.5,6
36,SSP2-4.5,2
36,SSP2-4.5,2
36,SSP2-4.5,2
36,SSP2-4.5,2
36,SSP2-4.5,2
36,SSP2-4.5,2
36,SSP2-4.5,2
36,SSP2-4.5,2
36,SSP2-4.5,2
36,SSP2-4.5,2
36,SSP2-4.5,2
36,SSP2-4.5,2
36,SSP2-4.5,2
36,SSP2-4.5,2
36,SSP2-4.5,2
36,SSP2-4.5,2
36,SSP2-4.5,2
36,SSP2-4.5,2
36,SSP2-4.5,2
36,SSP2-4.5,2
36,SSP2-4.5,2
36,SSP2-4.5,2
36,SSP2-4.5,2
36,SSP2-4.5,2
36,SSP2-4.5,2
36,SSP2-4.5,2
36,SSP2-4.5,2
36,SSP2-4.5,2
36,SSP2-4.5,2
36,SSP2-4.5,2
36,SSP2-4.5,2
36,SSP2-4.5,2
36,SSP2-4.5,2
36,SSP2-4.5,2
36,SSP2-4.5,2
36,SSP2-4.5,2
36,SSP2-4.5,2
36,SSP2-4.5,2
36,SSP2-4.5,2
36,SSP2-4.5,2
36,SSP2-4.5,2
36,SSP2-4.5,2
36,SSP2-4.5,2
36,SSP2-4.5,2
36,SSP2-4.5,2
36,SSP2-4.5,2
36,SSP2-4.5,2
36,SSP2-4.5,2
36,SSP2-4.5,2
36,SSP2-4.5,2
36,SSP2-4.5,2
36,SSP2-4.5,2
36,SSP2-4.5,2
36,SSP2-4.5,2
36,SSP2-4.5,2
36,SSP2-4.5,2
36,SSP2-4.5,2
36,SSP2-4.5,2
36,SSP2-4.5,2
36,SSP2-4.5,2
36,SSP2-4.5,2
36,SSP2-4.5,2
36,SSP2-4.5,2
36,SSP2-4.5,2
36,SSP2-4.5,2
36,SSP2-4.5,2
36,SSP2-4.5,2
36,SSP2-4.5,2
36,SSP2-4.5,2
36,SSP2-4.5,2
36,SSP2-4.5,2
36,SSP2-4.5,2
36,SSP2-4.5,2
36,SSP2-4.5,2
36,SSP2-4.5,2
36,SSP2-4.5,2
36,SSP2-4.5,2
36,SSP2-4.5,2
36,SSP2-4.5,2
36,SSP2-4.5,2
36,SSP2-4.5,2
36,SSP2-4.5,2
36,SSP2-4.5,2
36,SSP2-4.5,2
36,SSP2-4.5,2
36,SSP2-4.5,2
36,SSP2-4.5,2
36,SSP2-4.5,2
36,SSP2-4.5,2
36,SSP2-4.5,2
36,SSP2-4.5,2
36,SSP2-4.5,2
36,SSP2-4.5,2
36,SSP2-4.5,2
36,SSP2-4.5,2
36,SSP2-4.5,2
36,SSP2-4.5,3
36,SSP2-4.5,3
36,SSP2-4.5,3
36,SSP5-8.5,2
36,SSP5-8.5,2
36,SSP5-8.5,2
36,SSP5-8.5,2
36,SSP5-8.5,2
36,SSP5-8.5,2
36,SSP5-8.5,2
36,SSP5-8.5,2
36,SSP5-8.5,2
36,SSP5-8.5,2
36,SSP5-8.5,2
36,SSP5-8.5,2
36,SSP5-8.5,2
36,SSP5-8.5,2
36,SSP5-8.5,2
36,SSP5-8.5,2
36,SSP5-8.5,2
36,SSP5-8.5,2
36,SSP5-8.5,2
36,SSP5-8.5,2
36,SSP5-8.5,2
36,SSP5-8.5,2
36,SSP5-8.5,2
36,SSP5-8.5,2
36,SSP5-8.5,2
36,SSP5-8.5,2
36,SSP5-8.5,2
36,SSP5-8.5,2
36,SSP5-8.5,2
36,SSP5-8.5,2
36,SSP5-8.5,2
36,SSP5-8.5,2
36,SSP5-8.5,2
36,SSP5-8.5,2
36,SSP5-8.5,2
36,SSP5-8.5,2
36,SSP5-8.5,2
36,SSP5-8.5,2
36,SSP5-8.5,2
36,SSP5-8.5,2
36,SSP5-8.5,2
36,SSP5-8.5,2
36,SSP5-8.5,2
36,SSP5-8.5,2
36,SSP5-8.5,2
36,SSP5-8.5,2
36,SSP5-8.5,2
36,SSP5-8.5,2
36,SSP5-8.5,2
36,SSP5-8.5,2
36,SSP5-8.5,2
36,SSP5-8.5,2
36,SSP5-8.5,2
36,SSP5-8.5,2
36,SSP5-8.5,2
36,SSP5-8.5,2
36,SSP5-8.5,2
36,SSP5-8.5,2
36,SSP5-8.5,2
36,SSP5-8.5,2
36,SSP5-8.5,2
36,SSP5-8.5,2
36,SSP5-8.5,2
36,SSP5-8.5,2
36,SSP5-8.5,2
36,SSP5-8.5,2
36,SSP5-8.5,2
36,SSP5-8.5,2
36,SSP5-8.5,2
36,SSP5-8.5,2
36,SSP5-8.5,2
36,SSP5-8.5,2
36,SSP5-8.5,2
36,SSP5-8.5,2
36,SSP5-8.5,2
36,SSP5-8.5,2
36,SSP5-8.5,2
36,SSP5-8.5,2
36,SSP5-8.5,2
36,SSP5-8.5,2
36,SSP5-8.5,2
36,SSP5-8.5,2
36,SSP5-8.5,2
36,SSP5-8.5,2
36,SSP5-8.5,2
36,SSP5-8.5,2
36,SSP5-8.5,2
36,SSP5-8.5,2
36,SSP5-8.5,2
36,SSP5-8.5,2
36,SSP5-8.5,2
36,SSP5-8.5,2
36,SSP5-8.5,3
36,SSP5-8.5,3
36,SSP5-8.5,3
36,SSP5-8.5,3
36,SSP5-8.5,3
36,SSP5-8.5,3
36,SSP5-8.5,3
37,SSP1-2.6,1
37,SSP1-2.6,1
37,SSP1-2.6,1
37,SSP1-2.6,1
37,SSP1-2.6,1
37,SSP1-2.6,1
37,SSP1-2.6,1
37,SSP1-2.6,1
37,SSP1-2.6,1
37,SSP1-2.6,1
37,SSP1-2.6,1
37,SSP1-2.6,1
37,SSP1-2.6,1
37,SSP1-2.6,1
37,SSP1-2.6,1
37,SSP1-2.6,1
37,SSP1-2.6,1
37,SSP1-2.6,1
37,SSP1-2.6,1
37,SSP1-2.6,1
37,SSP1-2.6,1
37,SSP1-2.6,1
37,SSP1-2.6,1
37,SSP1-2.6,1
37,SSP1-2.6,1
37,SSP1-2.6,1
37,SSP1-2.6,1
37,SSP1-2.6,1
37,SSP1-2.6,1
37,SSP1-2.6,1
37,SSP1-2.6,1
37,SSP1-2.6,1
37,SSP1-2.6,1
37,SSP1-2.6,1
37,SSP1-2.6,1
37,SSP1-2.6,1
37,SSP1-2.6,1
37,SSP1-2.6,1
37,SSP1-2.6,1
37,SSP1-2.6,2
37,SSP1-2.6,2
37,SSP1-2.6,2
37,SSP1-2.6,2
37,SSP1-2.6,2
37,SSP1-2.6,2
37,SSP1-2.6,2
37,SSP1-2.6,2
37,SSP1-2.6,2
37,SSP1-2.6,2
37,SSP1-2.6,2
37,SSP1-2.6,2
37,SSP1-2.6,2
37,SSP1-2.6,2
37,SSP1-2.6,2
37,SSP1-2.6,2
37,SSP1-2.6,2
37,SSP1-2.6,2
37,SSP1-2.6,2
37,SSP1-2.6,2
37,SSP1-2.6,2
37,SSP1-2.6,2
37,SSP1-2.6,2
37,SSP1-2.6,2
37,SSP1-2.6,2
37,SSP1-2.6,2
37,SSP1-2.6,2
37,SSP1-2.6,2
37,SSP1-2.6,2
37,SSP1-2.6,2
37,SSP1-2.6,2
37,SSP1-2.6,2
37,SSP1-2.6,2
37,SSP1-2.6,2
37,SSP1-2.6,2
37,SSP1-2.6,2
37,SSP1-2.6,2
37,SSP1-2.6,2
37,SSP1-2.6,2
37,SSP1-2.6,2
37,SSP1-2.6,2
37,SSP1-2.6,2
37,SSP1-2.6,2
37,SSP1-2.6,2
37,SSP1-2.6,2
37,SSP1-2.6,2
37,SSP1-2.6,2
37,SSP1-2.6,2
37,SSP1-2.6,2
37,SSP1-2.6,2
37,SSP1-2.6,2
37,SSP1-2.6,2
37,SSP1-2.6,2
37,SSP1-2.6,2
37,SSP1-2.6,2
37,SSP1-2.6,2
37,SSP1-2.6,2
37,SSP1-2.6,2
37,SSP1-2.6,3
37,SSP1-2.6,3
37,SSP2-4.5,1
37,SSP2-4.5,1
37,SSP2-4.5,1
37,SSP2-4.5,1
37,SSP2-4.5,1
37,SSP2-4.5,1
37,SSP2-4.5,1
37,SSP2-4.5,1
37,SSP2-4.5,1
37,SSP2-4.5,1
37,SSP2-4.5,1
37,SSP2-4.5,1
37,SSP2-4.5,1
37,SSP2-4.5,1
37,SSP2-4.5,1
37,SSP2-4.5,1
37,SSP2-4.5,1
37,SSP2-4.5,1
37,SSP2-4.5,1
37,SSP2-4.5,1
37,SSP2-4.5,1
37,SSP2-4.5,1
37,SSP2-4.5,1
37,SSP2-4.5,1
37,SSP2-4.5,1
37,SSP2-4.5,1
37,SSP2-4.5,1
37,SSP2-4.5,1
37,SSP2-4.5,1
37,SSP2-4.5,1
37,SSP2-4.5,1
37,SSP2-4.5,1
37,SSP2-4.5,1
37,SSP2-4.5,1
37,SSP2-4.5,1
37,SSP2-4.5,1
37,SSP2-4.5,1
37,SSP2-4.5,1
37,SSP2-4.5,1
37,SSP2-4.5,1
37,SSP2-4.5,1
37,SSP2-4.5,1
37,SSP2-4.5,1
37,SSP2-4.5,1
37,SSP2-4.5,1
37,SSP2-4.5,1
37,SSP2-4.5,1
37,SSP2-4.5,2
37,SSP2-4.5,2
37,SSP2-4.5,2
37,SSP2-4.5,2
37,SSP2-4.5,2
37,SSP2-4.5,2
37,SSP2-4.5,2
37,SSP2-4.5,2
37,SSP2-4.5,2
37,SSP2-4.5,2
37,SSP2-4.5,2
37,SSP2-4.5,2
37,SSP2-4.5,2
37,SSP2-4.5,2
37,SSP2-4.5,2
37,SSP2-4.5,2
37,SSP2-4.5,2
37,SSP2-4.5,2
37,SSP2-4.5,2
37,SSP2-4.5,2
37,SSP2-4.5,2
37,SSP2-4.5,2
37,SSP2-4.5,2
37,SSP2-4.5,2
37,SSP2-4.5,2
37,SSP2-4.5,2
37,SSP2-4.5,2
37,SSP2-4.5,2
37,SSP2-4.5,2
37,SSP2-4.5,2
37,SSP2-4.5,2
37,SSP2-4.5,2
37,SSP2-4.5,2
37,SSP2-4.5,2
37,SSP2-4.5,2
37,SSP2-4.5,2
37,SSP2-4.5,2
37,SSP2-4.5,2
37,SSP2-4.5,2
37,SSP2-4.5,2
37,SSP2-4.5,2
37,SSP2-4.5,2
37,SSP2-4.5,2
37,SSP2-4.5,2
37,SSP2-4.5,2
37,SSP2-4.5,2
37,SSP2-4.5,2
37,SSP2-4.5,2
37,SSP2-4.5,3
37,SSP2-4.5,3
37,SSP2-4.5,5
37,SSP3-7.0,1
37,SSP3-7.0,1
37,SSP3-7.0,1
37,SSP3-7.0,1
37,SSP3-7.0,1
37,SSP3-7.0,1
37,SSP3-7.0,1
37,SSP3-7.0,1
37,SSP3-7.0,1
37,SSP3-7.0,1
37,SSP3-7.0,1
37,SSP3-7.0,1
37,SSP3-7.0,1
37,SSP3-7.0,1
37,SSP3-7.0,1
37,SSP3-7.0,1
37,SSP3-7.0,1
37,SSP3-7.0,1
37,SSP3-7.0,1
37,SSP3-7.0,1
37,SSP3-7.0,1
37,SSP3-7.0,1
37,SSP3-7.0,1
37,SSP3-7.0,2
37,SSP3-7.0,2
37,SSP3-7.0,2
37,SSP3-7.0,2
37,SSP3-7.0,2
37,SSP3-7.0,2
37,SSP3-7.0,2
37,SSP3-7.0,2
37,SSP3-7.0,2
37,SSP3-7.0,2
37,SSP3-7.0,2
37,SSP3-7.0,2
37,SSP3-7.0,2
37,SSP3-7.0,2
37,SSP3-7.0,2
37,SSP3-7.0,2
37,SSP3-7.0,2
37,SSP3-7.0,2
37,SSP3-7.0,2
37,SSP3-7.0,2
37,SSP3-7.0,2
37,SSP3-7.0,2
37,SSP3-7.0,2
37,SSP3-7.0,2
37,SSP3-7.0,2
37,SSP3-7.0,2
37,SSP3-7.0,2
37,SSP3-7.0,2
37,SSP3-7.0,2
37,SSP3-7.0,2
37,SSP3-7.0,2
37,SSP3-7.0,2
37,SSP3-7.0,2
37,SSP3-7.0,2
37,SSP3-7.0,2
37,SSP3-7.0,2
37,SSP3-7.0,2
37,SSP3-7.0,2
37,SSP3-7.0,2
37,SSP3-7.0,2
37,SSP3-7.0,2
37,SSP3-7.0,2
37,SSP3-7.0,2
37,SSP3-7.0,2
37,SSP3-7.0,2
37,SSP3-7.0,2
37,SSP3-7.0,2
37,SSP3-7.0,2
37,SSP3-7.0,2
37,SSP3-7.0,2
37,SSP3-7.0,2
37,SSP3-7.0,2
37,SSP3-7.0,2
37,SSP3-7.0,2
37,SSP3-7.0,2
37,SSP3-7.0,2
37,SSP3-7.0,2
37,SSP3-7.0,2
37,SSP3-7.0,2
37,SSP3-7.0,2
37,SSP3-7.0,2
37,SSP3-7.0,2
37,SSP3-7.0,2
37,SSP3-7.0,2
37,SSP3-7.0,2
37,SSP3-7.0,2
37,SSP3-7.0,2
37,SSP3-7.0,2
37,SSP3-7.0,3
37,SSP3-7.0,3
37,SSP3-7.0,3
37,SSP3-7.0,3
37,SSP3-7.0,3
37,SSP3-7.0,6
37,SSP5-8.5,1
37,SSP5-8.5,1
37,SSP5-8.5,1
37,SSP5-8.5,1
37,SSP5-8.5,1
37,SSP5-8.5,1
37,SSP5-8.5,1
37,SSP5-8.5,1
37,SSP5-8.5,1
37,SSP5-8.5,1
37,SSP5-8.5,1
37,SSP5-8.5,1
37,SSP5-8.5,1
37,SSP5-8.5,1
37,SSP5-8.5,1
37,SSP5-8.5,1
37,SSP5-8.5,1
37,SSP5-8.5,1
37,SSP5-8.5,2
37,SSP5-8.5,2
37,SSP5-8.5,2
37,SSP5-8.5,2
37,SSP5-8.5,2
37,SSP5-8.5,2
37,SSP5-8.5,2
37,SSP5-8.5,2
37,SSP5-8.5,2
37,SSP5-8.5,2
37,SSP5-8.5,2
37,SSP5-8.5,2
37,SSP5-8.5,2
37,SSP5-8.5,2
37,SSP5-8.5,2
37,SSP5-8.5,2
37,SSP5-8.5,2
37,SSP5-8.5,2
37,SSP5-8.5,2
37,SSP5-8.5,2
37,SSP5-8.5,2
37,SSP5-8.5,2
37,SSP5-8.5,2
37,SSP5-8.5,2
37,SSP5-8.5,2
37,SSP5-8.5,2
37,SSP5-8.5,2
37,SSP5-8.5,2
37,SSP5-8.5,2
37,SSP5-8.5,2
37,SSP5-8.5,2
37,SSP5-8.5,2
37,SSP5-8.5,2
37,SSP5-8.5,2
37,SSP5-8.5,2
37,SSP5-8.5,2
37,SSP5-8.5,2
37,SSP5-8.5,2
37,SSP5-8.5,2
37,SSP5-8.5,2
37,SSP5-8.5,2
37,SSP5-8.5,2
37,SSP5-8.5,2
37,SSP5-8.5,2
37,SSP5-8.5,2
37,SSP5-8.5,2
37,SSP5-8.5,2
37,SSP5-8.5,2
37,SSP5-8.5,2
37,SSP5-8.5,2
37,SSP5-8.5,2
37,SSP5-8.5,2
37,SSP5-8.5,2
37,SSP5-8.5,2
37,SSP5-8.5,2
37,SSP5-8.5,2
37,SSP5-8.5,2
37,SSP5-8.5,2
37,SSP5-8.5,2
37,SSP5-8.5,2
37,SSP5-8.5,2
37,SSP5-8.5,2
37,SSP5-8.5,2
37,SSP5-8.5,2
37,SSP5-8.5,2
37,SSP5-8.5,2
37,SSP5-8.5,2
37,SSP5-8.5,3
37,SSP5-8.5,3
37,SSP5-8.5,3
37,SSP5-8.5,3
37,SSP5-8.5,3
37,SSP5-8.5,3
37,SSP5-8.5,3
37,SSP5-8.5,3
37,SSP5-8.5,3
37,SSP5-8.5,3
37,SSP5-8.5,3
37,SSP5-8.5,6
38,SSP1-2.6,1
38,SSP1-2.6,1
38,SSP1-2.6,1
38,SSP1-2.6,1
38,SSP1-2.6,1
38,SSP1-2.6,1
38,SSP1-2.6,1
38,SSP1-2.6,1
38,SSP1-2.6,1
38,SSP1-2.6,1
38,SSP1-2.6,1
38,SSP1-2.6,1
38,SSP1-2.6,1
38,SSP1-2.6,1
38,SSP1-2.6,1
38,SSP1-2.6,1
38,SSP1-2.6,1
38,SSP1-2.6,1
38,SSP1-2.6,1
38,SSP1-2.6,1
38,SSP1-2.6,1
38,SSP1-2.6,1
38,SSP1-2.6,1
38,SSP1-2.6,1
38,SSP1-2.6,1
38,SSP1-2.6,1
38,SSP1-2.6,1
38,SSP1-2.6,1
38,SSP1-2.6,1
38,SSP1-2.6,1
38,SSP1-2.6,1
38,SSP1-2.6,1
38,SSP1-2.6,1
38,SSP1-2.6,1
38,SSP1-2.6,1
38,SSP1-2.6,1
38,SSP1-2.6,1
38,SSP1-2.6,1
38,SSP1-2.6,1
38,SSP1-2.6,1
38,SSP1-2.6,1
38,SSP1-2.6,1
38,SSP1-2.6,1
38,SSP1-2.6,1
38,SSP1-2.6,1
38,SSP1-2.6,1
38,SSP1-2.6,2
38,SSP1-2.6,2
38,SSP1-2.6,2
38,SSP1-2.6,2
38,SSP1-2.6,2
38,SSP1-2.6,2
38,SSP1-2.6,2
38,SSP1-2.6,2
38,SSP1-2.6,2
38,SSP1-2.6,2
38,SSP1-2.6,2
38,SSP1-2.6,2
38,SSP1-2.6,2
38,SSP1-2.6,2
38,SSP1-2.6,2
38,SSP1-2.6,2
38,SSP1-2.6,2
38,SSP1-2.6,2
38,SSP1-2.6,2
38,SSP1-2.6,2
38,SSP1-2.6,2
38,SSP1-2.6,2
38,SSP1-2.6,2
38,SSP1-2.6,2
38,SSP1-2.6,2
38,SSP1-2.6,2
38,SSP1-2.6,2
38,SSP1-2.6,2
38,SSP1-2.6,2
38,SSP1-2.6,2
38,SSP1-2.6,2
38,SSP1-2.6,2
38,SSP1-2.6,2
38,SSP1-2.6,2
38,SSP1-2.6,3
38,SSP1-2.6,3
38,SSP1-2.6,3
38,SSP1-2.6,3
38,SSP1-2.6,3
38,SSP1-2.6,3
38,SSP1-2.6,3
38,SSP1-2.6,3
38,SSP1-2.6,3
38,SSP1-2.6,3
38,SSP1-2.6,3
38,SSP1-2.6,3
38,SSP1-2.6,4
38,SSP1-2.6,4
38,SSP1-2.6,4
38,SSP1-2.6,5
38,SSP1-2.6,6
38,SSP2-4.5,1
38,SSP2-4.5,1
38,SSP2-4.5,1
38,SSP2-4.5,1
38,SSP2-4.5,1
38,SSP2-4.5,1
38,SSP2-4.5,1
38,SSP2-4.5,1
38,SSP2-4.5,1
38,SSP2-4.5,1
38,SSP2-4.5,1
38,SSP2-4.5,1
38,SSP2-4.5,1
38,SSP2-4.5,1
38,SSP2-4.5,1
38,SSP2-4.5,1
38,SSP2-4.5,1
38,SSP2-4.5,1
38,SSP2-4.5,1
38,SSP2-4.5,2
38,SSP2-4.5,2
38,SSP2-4.5,2
38,SSP2-4.5,2
38,SSP2-4.5,2
38,SSP2-4.5,2
38,SSP2-4.5,2
38,SSP2-4.5,2
38,SSP2-4.5,2
38,SSP2-4.5,2
38,SSP2-4.5,2
38,SSP2-4.5,2
38,SSP2-4.5,2
38,SSP2-4.5,2
38,SSP2-4.5,2
38,SSP2-4.5,2
38,SSP2-4.5,2
38,SSP2-4.5,2
38,SSP2-4.5,2
38,SSP2-4.5,2
38,SSP2-4.5,2
38,SSP2-4.5,2
38,SSP2-4.5,2
38,SSP2-4.5,2
38,SSP2-4.5,2
38,SSP2-4.5,2
38,SSP2-4.5,2
38,SSP2-4.5,2
38,SSP2-4.5,2
38,SSP2-4.5,2
38,SSP2-4.5,2
38,SSP2-4.5,2
38,SSP2-4.5,2
38,SSP2-4.5,2
38,SSP2-4.5,2
38,SSP2-4.5,2
38,SSP2-4.5,2
38,SSP2-4.5,2
38,SSP2-4.5,2
38,SSP2-4.5,2
38,SSP2-4.5,2
38,SSP2-4.5,2
38,SSP2-4.5,3
38,SSP2-4.5,3
38,SSP2-4.5,3
38,SSP2-4.5,3
38,SSP2-4.5,3
38,SSP2-4.5,3
38,SSP2-4.5,3
38,SSP2-4.5,3
38,SSP2-4.5,3
38,SSP2-4.5,3
38,SSP2-4.5,3
38,SSP2-4.5,3
38,SSP2-4.5,3
38,SSP2-4.5,3
38,SSP2-4.5,3
38,SSP2-4.5,3
38,SSP2-4.5,3
38,SSP2-4.5,3
38,SSP2-4.5,3
38,SSP2-4.5,3
38,SSP2-4.5,4
38,SSP2-4.5,4
38,SSP2-4.5,4
38,SSP2-4.5,4
38,SSP2-4.5,4
38,SSP2-4.5,5
38,SSP2-4.5,5
38,SSP2-4.5,5
38,SSP2-4.5,6
38,SSP2-4.5,6
38,SSP2-4.5,6
38,SSP2-4.5,6
38,SSP2-4.5,6
38,SSP2-4.5,6
38,SSP2-4.5,6
38,SSP2-4.5,6
38,SSP3-7.0,1
38,SSP3-7.0,1
38,SSP3-7.0,1
38,SSP3-7.0,1
38,SSP3-7.0,1
38,SSP3-7.0,1
38,SSP3-7.0,1
38,SSP3-7.0,1
38,SSP3-7.0,1
38,SSP3-7.0,1
38,SSP3-7.0,1
38,SSP3-7.0,1
38,SSP3-7.0,2
38,SSP3-7.0,2
38,SSP3-7.0,2
38,SSP3-7.0,2
38,SSP3-7.0,2
38,SSP3-7.0,2
38,SSP3-7.0,2
38,SSP3-7.0,2
38,SSP3-7.0,2
38,SSP3-7.0,2
38,SSP3-7.0,2
38,SSP3-7.0,2
38,SSP3-7.0,2
38,SSP3-7.0,2
38,SSP3-7.0,2
38,SSP3-7.0,2
38,SSP3-7.0,2
38,SSP3-7.0,2
38,SSP3-7.0,2
38,SSP3-7.0,2
38,SSP3-7.0,2
38,SSP3-7.0,2
38,SSP3-7.0,2
38,SSP3-7.0,2
38,SSP3-7.0,3
38,SSP3-7.0,3
38,SSP3-7.0,3
38,SSP3-7.0,3
38,SSP3-7.0,3
38,SSP3-7.0,3
38,SSP3-7.0,3
38,SSP3-7.0,3
38,SSP3-7.0,3
38,SSP3-7.0,3
38,SSP3-7.0,3
38,SSP3-7.0,3
38,SSP3-7.0,3
38,SSP3-7.0,3
38,SSP3-7.0,3
38,SSP3-7.0,3
38,SSP3-7.0,3
38,SSP3-7.0,3
38,SSP3-7.0,3
38,SSP3-7.0,3
38,SSP3-7.0,3
38,SSP3-7.0,3
38,SSP3-7.0,3
38,SSP3-7.0,3
38,SSP3-7.0,3
38,SSP3-7.0,3
38,SSP3-7.0,3
38,SSP3-7.0,3
38,SSP3-7.0,3
38,SSP3-7.0,3
38,SSP3-7.0,3
38,SSP3-7.0,3
38,SSP3-7.0,3
38,SSP3-7.0,3
38,SSP3-7.0,3
38,SSP3-7.0,3
38,SSP3-7.0,3
38,SSP3-7.0,4
38,SSP3-7.0,4
38,SSP3-7.0,4
38,SSP3-7.0,4
38,SSP3-7.0,4
38,SSP3-7.0,4
38,SSP3-7.0,4
38,SSP3-7.0,4
38,SSP3-7.0,4
38,SSP3-7.0,5
38,SSP3-7.0,5
38,SSP3-7.0,5
38,SSP3-7.0,6
38,SSP3-7.0,6
38,SSP3-7.0,6
38,SSP3-7.0,6
38,SSP3-7.0,6
38,SSP3-7.0,6
38,SSP3-7.0,6
38,SSP3-7.0,6
38,SSP3-7.0,6
38,SSP3-7.0,6
38,SSP3-7.0,6
38,SSP3-7.0,6
38,SSP5-8.5,1
38,SSP5-8.5,1
38,SSP5-8.5,1
38,SSP5-8.5,1
38,SSP5-8.5,1
38,SSP5-8.5,1
38,SSP5-8.5,1
38,SSP5-8.5,1
38,SSP5-8.5,1
38,SSP5-8.5,1
38,SSP5-8.5,1
38,SSP5-8.5,1
38,SSP5-8.5,1
38,SSP5-8.5,1
38,SSP5-8.5,1
38,SSP5-8.5,1
38,SSP5-8.5,1
38,SSP5-8.5,1
38,SSP5-8.5,1
38,SSP5-8.5,2
38,SSP5-8.5,2
38,SSP5-8.5,2
38,SSP5-8.5,2
38,SSP5-8.5,2
38,SSP5-8.5,2
38,SSP5-8.5,2
38,SSP5-8.5,2
38,SSP5-8.5,2
38,SSP5-8.5,2
38,SSP5-8.5,2
38,SSP5-8.5,2
38,SSP5-8.5,2
38,SSP5-8.5,2
38,SSP5-8.5,2
38,SSP5-8.5,2
38,SSP5-8.5,2
38,SSP5-8.5,2
38,SSP5-8.5,2
38,SSP5-8.5,2
38,SSP5-8.5,2
38,SSP5-8.5,2
38,SSP5-8.5,2
38,SSP5-8.5,2
38,SSP5-8.5,3
38,SSP5-8.5,3
38,SSP5-8.5,3
38,SSP5-8.5,3
38,SSP5-8.5,3
38,SSP5-8.5,3
38,SSP5-8.5,3
38,SSP5-8.5,3
38,SSP5-8.5,3
38,SSP5-8.5,3
38,SSP5-8.5,3
38,SSP5-8.5,3
38,SSP5-8.5,3
38,SSP5-8.5,3
38,SSP5-8.5,3
38,SSP5-8.5,3
38,SSP5-8.5,3
38,SSP5-8.5,3
38,SSP5-8.5,3
38,SSP5-8.5,3
38,SSP5-8.5,3
38,SSP5-8.5,3
38,SSP5-8.5,3
38,SSP5-8.5,3
38,SSP5-8.5,3
38,SSP5-8.5,3
38,SSP5-8.5,3
38,SSP5-8.5,3
38,SSP5-8.5,3
38,SSP5-8.5,4
38,SSP5-8.5,4
38,SSP5-8.5,4
38,SSP5-8.5,4
38,SSP5-8.5,4
38,SSP5-8.5,4
38,SSP5-8.5,4
38,SSP5-8.5,4
38,SSP5-8.5,4
38,SSP5-8.5,5
38,SSP5-8.5,5
38,SSP5-8.5,6
38,SSP5-8.5,6
38,SSP5-8.5,6
38,SSP5-8.5,6
38,SSP5-8.5,6
38,SSP5-8.5,6
38,SSP5-8.5,6
38,SSP5-8.5,6
38,SSP5-8.5,6
38,SSP5-8.5,6
38,SSP5-8.5,6
38,SSP5-8.5,6
38,SSP5-8.5,6
39,SSP1-2.6,1
39,SSP1-2.6,1
39,SSP1-2.6,2
39,SSP1-2.6,2
39,SSP1-2.6,2
39,SSP1-2.6,2
39,SSP1-2.6,2
39,SSP1-2.6,2
39,SSP1-2.6,2
39,SSP1-2.6,2
39,SSP1-2.6,2
39,SSP1-2.6,2
39,SSP1-2.6,2
39,SSP1-2.6,2
39,SSP1-2.6,2
39,SSP1-2.6,2
39,SSP1-2.6,2
39,SSP1-2.6,2
39,SSP1-2.6,2
39,SSP1-2.6,2
39,SSP1-2.6,2
39,SSP1-2.6,2
39,SSP1-2.6,2
39,SSP1-2.6,2
39,SSP1-2.6,2
39,SSP1-2.6,2
39,SSP1-2.6,2
39,SSP1-2.6,2
39,SSP1-2.6,2
39,SSP1-2.6,2
39,SSP1-2.6,2
39,SSP1-2.6,2
39,SSP1-2.6,2
39,SSP1-2.6,2
39,SSP1-2.6,2
39,SSP1-2.6,2
39,SSP1-2.6,2
39,SSP1-2.6,2
39,SSP1-2.6,2
39,SSP1-2.6,2
39,SSP1-2.6,2
39,SSP1-2.6,2
39,SSP1-2.6,2
39,SSP1-2.6,2
39,SSP1-2.6,2
39,SSP1-2.6,2
39,SSP1-2.6,2
39,SSP1-2.6,2
39,SSP1-2.6,2
39,SSP1-2.6,2
39,SSP1-2.6,2
39,SSP1-2.6,2
39,SSP1-2.6,2
39,SSP1-2.6,2
39,SSP1-2.6,2
39,SSP1-2.6,2
39,SSP1-2.6,2
39,SSP1-2.6,2
39,SSP1-2.6,2
39,SSP1-2.6,2
39,SSP1-2.6,2
39,SSP1-2.6,2
39,SSP1-2.6,2
39,SSP1-2.6,2
39,SSP1-2.6,2
39,SSP1-2.6,2
39,SSP1-2.6,2
39,SSP1-2.6,2
39,SSP1-2.6,2
39,SSP1-2.6,2
39,SSP1-2.6,2
39,SSP1-2.6,2
39,SSP1-2.6,2
39,SSP1-2.6,2
39,SSP1-2.6,2
39,SSP1-2.6,2
39,SSP1-2.6,2
39,SSP1-2.6,2
39,SSP1-2.6,2
39,SSP1-2.6,2
39,SSP1-2.6,2
39,SSP1-2.6,2
39,SSP1-2.6,2
39,SSP1-2.6,2
39,SSP1-2.6,2
39,SSP1-2.6,2
39,SSP1-2.6,2
39,SSP1-2.6,2
39,SSP1-2.6,2
39,SSP1-2.6,2
39,SSP1-2.6,2
39,SSP1-2.6,2
39,SSP1-2.6,2
39,SSP1-2.6,2
39,SSP1-2.6,2
39,SSP1-2.6,2
39,SSP1-2.6,2
39,SSP1-2.6,2
39,SSP1-2.6,2
39,SSP2-4.5,1
39,SSP2-4.5,1
39,SSP2-4.5,1
39,SSP2-4.5,1
39,SSP2-4.5,2
39,SSP2-4.5,2
39,SSP2-4.5,2
39,SSP2-4.5,2
39,SSP2-4.5,2
39,SSP2-4.5,2
39,SSP2-4.5,2
39,SSP2-4.5,2
39,SSP2-4.5,2
39,SSP2-4.5,2
39,SSP2-4.5,2
39,SSP2-4.5,2
39,SSP2-4.5,2
39,SSP2-4.5,2
39,SSP2-4.5,2
39,SSP2-4.5,2
39,SSP2-4.5,2
39,SSP2-4.5,2
39,SSP2-4.5,2
39,SSP2-4.5,2
39,SSP2-4.5,2
39,SSP2-4.5,2
39,SSP2-4.5,2
39,SSP2-4.5,2
39,SSP2-4.5,2
39,SSP2-4.5,2
39,SSP2-4.5,2
39,SSP2-4.5,2
39,SSP2-4.5,2
39,SSP2-4.5,2
39,SSP2-4.5,2
39,SSP2-4.5,2
39,SSP2-4.5,2
39,SSP2-4.5,2
39,SSP2-4.5,2
39,SSP2-4.5,2
39,SSP2-4.5,2
39,SSP2-4.5,2
39,SSP2-4.5,2
39,SSP2-4.5,2
39,SSP2-4.5,2
39,SSP2-4.5,2
39,SSP2-4.5,2
39,SSP2-4.5,2
39,SSP2-4.5,2
39,SSP2-4.5,2
39,SSP2-4.5,2
39,SSP2-4.5,2
39,SSP2-4.5,2
39,SSP2-4.5,2
39,SSP2-4.5,2
39,SSP2-4.5,2
39,SSP2-4.5,2
39,SSP2-4.5,2
39,SSP2-4.5,2
39,SSP2-4.5,2
39,SSP2-4.5,2
39,SSP2-4.5,2
39,SSP2-4.5,2
39,SSP2-4.5,2
39,SSP2-4.5,2
39,SSP2-4.5,2
39,SSP2-4.5,2
39,SSP2-4.5,2
39,SSP2-4.5,2
39,SSP2-4.5,2
39,SSP2-4.5,2
39,SSP2-4.5,2
39,SSP2-4.5,2
39,SSP2-4.5,2
39,SSP2-4.5,2
39,SSP2-4.5,2
39,SSP2-4.5,2
39,SSP2-4.5,2
39,SSP2-4.5,2
39,SSP2-4.5,2
39,SSP2-4.5,2
39,SSP2-4.5,2
39,SSP2-4.5,2
39,SSP2-4.5,2
39,SSP2-4.5,2
39,SSP2-4.5,2
39,SSP2-4.5,2
39,SSP2-4.5,2
39,SSP2-4.5,2
39,SSP2-4.5,2
39,SSP2-4.5,2
39,SSP2-4.5,2
39,SSP2-4.5,2
39,SSP2-4.5,2
39,SSP2-4.5,2
39,SSP2-4.5,2
39,SSP2-4.5,2
39,SSP2-4.5,2
39,SSP2-4.5,2
39,SSP3-7.0,1
39,SSP3-7.0,1
39,SSP3-7.0,1
39,SSP3-7.0,2
39,SSP3-7.0,2
39,SSP3-7.0,2
39,SSP3-7.0,2
39,SSP3-7.0,2
39,SSP3-7.0,2
39,SSP3-7.0,2
39,SSP3-7.0,2
39,SSP3-7.0,2
39,SSP3-7.0,2
39,SSP3-7.0,2
39,SSP3-7.0,2
39,SSP3-7.0,2
39,SSP3-7.0,2
39,SSP3-7.0,2
39,SSP3-7.0,2
39,SSP3-7.0,2
39,SSP3-7.0,2
39,SSP3-7.0,2
39,SSP3-7.0,2
39,SSP3-7.0,2
39,SSP3-7.0,2
39,SSP3-7.0,2
39,SSP3-7.0,2
39,SSP3-7.0,2
39,SSP3-7.0,2
39,SSP3-7.0,2
39,SSP3-7.0,2
39,SSP3-7.0,2
39,SSP3-7.0,2
39,SSP3-7.0,2
39,SSP3-7.0,2
39,SSP3-7.0,2
39,SSP3-7.0,2
39,SSP3-7.0,2
39,SSP3-7.0,2
39,SSP3-7.0,2
39,SSP3-7.0,2
39,SSP3-7.0,2
39,SSP3-7.0,2
39,SSP3-7.0,2
39,SSP3-7.0,2
39,SSP3-7.0,2
39,SSP3-7.0,2
39,SSP3-7.0,2
39,SSP3-7.0,2
39,SSP3-7.0,2
39,SSP3-7.0,2
39,SSP3-7.0,2
39,SSP3-7.0,2
39,SSP3-7.0,2
39,SSP3-7.0,2
39,SSP3-7.0,2
39,SSP3-7.0,2
39,SSP3-7.0,2
39,SSP3-7.0,2
39,SSP3-7.0,2
39,SSP3-7.0,2
39,SSP3-7.0,2
39,SSP3-7.0,2
39,SSP3-7.0,2
39,SSP3-7.0,2
39,SSP3-7.0,2
39,SSP3-7.0,2
39,SSP3-7.0,2
39,SSP3-7.0,2
39,SSP3-7.0,2
39,SSP3-7.0,2
39,SSP3-7.0,2
39,SSP3-7.0,2
39,SSP3-7.0,2
39,SSP3-7.0,2
39,SSP3-7.0,2
39,SSP3-7.0,2
39,SSP3-7.0,2
39,SSP3-7.0,2
39,SSP3-7.0,2
39,SSP3-7.0,2
39,SSP3-7.0,2
39,SSP3-7.0,2
39,SSP3-7.0,2
39,SSP3-7.0,2
39,SSP3-7.0,2
39,SSP3-7.0,2
39,SSP3-7.0,2
39,SSP3-7.0,2
39,SSP3-7.0,2
39,SSP3-7.0,2
39,SSP3-7.0,2
39,SSP3-7.0,2
39,SSP3-7.0,2
39,SSP3-7.0,2
39,SSP3-7.0,2
39,SSP3-7.0,2
39,SSP3-7.0,2
39,SSP3-7.0,3
39,SSP5-8.5,1
39,SSP5-8.5,1
39,SSP5-8.5,1
39,SSP5-8.5,1
39,SSP5-8.5,1
39,SSP5-8.5,1
39,SSP5-8.5,1
39,SSP5-8.5,1
39,SSP5-8.5,1
39,SSP5-8.5,1
39,SSP5-8.5,1
39,SSP5-8.5,1
39,SSP5-8.5,1
39,SSP5-8.5,1
39,SSP5-8.5,1
39,SSP5-8.5,1
39,SSP5-8.5,2
39,SSP5-8.5,2
39,SSP5-8.5,2
39,SSP5-8.5,2
39,SSP5-8.5,2
39,SSP5-8.5,2
39,SSP5-8.5,2
39,SSP5-8.5,2
39,SSP5-8.5,2
39,SSP5-8.5,2
39,SSP5-8.5,2
39,SSP5-8.5,2
39,SSP5-8.5,2
39,SSP5-8.5,2
39,SSP5-8.5,2
39,SSP5-8.5,2
39,SSP5-8.5,2
39,SSP5-8.5,2
39,SSP5-8.5,2
39,SSP5-8.5,2
39,SSP5-8.5,2
39,SSP5-8.5,2
39,SSP5-8.5,2
39,SSP5-8.5,2
39,SSP5-8.5,2
39,SSP5-8.5,2
39,SSP5-8.5,2
39,SSP5-8.5,2
39,SSP5-8.5,2
39,SSP5-8.5,2
39,SSP5-8.5,2
39,SSP5-8.5,2
39,SSP5-8.5,2
39,SSP5-8.5,2
39,SSP5-8.5,2
39,SSP5-8.5,2
39,SSP5-8.5,2
39,SSP5-8.5,2
39,SSP5-8.5,2
39,SSP5-8.5,2
39,SSP5-8.5,2
39,SSP5-8.5,2
39,SSP5-8.5,2
39,SSP5-8.5,2
39,SSP5-8.5,2
39,SSP5-8.5,2
39,SSP5-8.5,2
39,SSP5-8.5,2
39,SSP5-8.5,2
39,SSP5-8.5,2
39,SSP5-8.5,2
39,SSP5-8.5,2
39,SSP5-8.5,2
39,SSP5-8.5,2
39,SSP5-8.5,2
39,SSP5-8.5,2
39,SSP5-8.5,2
39,SSP5-8.5,2
39,SSP5-8.5,2
39,SSP5-8.5,2
39,SSP5-8.5,2
39,SSP5-8.5,2
39,SSP5-8.5,2
39,SSP5-8.5,2
39,SSP5-8.5,2
39,SSP5-8.5,2
39,SSP5-8.5,2
39,SSP5-8.5,2
39,SSP5-8.5,2
39,SSP5-8.5,2
39,SSP5-8.5,2
39,SSP5-8.5,2
39,SSP5-8.5,2
39,SSP5-8.5,2
39,SSP5-8.5,2
39,SSP5-8.5,2
39,SSP5-8.5,2
39,SSP5-8.5,2
39,SSP5-8.5,2
39,SSP5-8.5,2
39,SSP5-8.5,3
39,SSP5-8.5,3
40,SSP2-4.5,2
40,SSP2-4.5,2
40,SSP2-4.5,2
40,SSP2-4.5,2
40,SSP2-4.5,2
40,SSP2-4.5,2
40,SSP2-4.5,2
40,SSP2-4.5,2
40,SSP2-4.5,2
40,SSP2-4.5,2
40,SSP2-4.5,2
40,SSP2-4.5,2
40,SSP2-4.5,2
40,SSP2-4.5,2
40,SSP2-4.5,2
40,SSP2-4.5,2
40,SSP2-4.5,2
40,SSP2-4.5,2
40,SSP2-4.5,2
40,SSP2-4.5,2
40,SSP2-4.5,2
40,SSP2-4.5,2
40,SSP2-4.5,2
40,SSP2-4.5,2
40,SSP2-4.5,2
40,SSP2-4.5,2
40,SSP2-4.5,2
40,SSP2-4.5,2
40,SSP2-4.5,2
40,SSP2-4.5,2
40,SSP2-4.5,2
40,SSP2-4.5,2
40,SSP2-4.5,2
40,SSP2-4.5,2
40,SSP2-4.5,2
40,SSP2-4.5,2
40,SSP2-4.5,2
40,SSP2-4.5,2
40,SSP2-4.5,2
40,SSP2-4.5,2
40,SSP2-4.5,2
40,SSP2-4.5,2
40,SSP2-4.5,2
40,SSP2-4.5,2
40,SSP2-4.5,2
40,SSP2-4.5,2
40,SSP2-4.5,2
40,SSP2-4.5,2
40,SSP2-4.5,2
40,SSP2-4.5,2
40,SSP2-4.5,2
40,SSP2-4.5,2
40,SSP2-4.5,2
40,SSP2-4.5,2
40,SSP2-4.5,2
40,SSP2-4.5,2
40,SSP2-4.5,2
40,SSP2-4.5,2
40,SSP2-4.5,2
40,SSP2-4.5,2
40,SSP2-4.5,2
40,SSP2-4.5,2
40,SSP2-4.5,2
40,SSP2-4.5,2
40,SSP2-4.5,2
40,SSP2-4.5,2
40,SSP2-4.5,2
40,SSP2-4.5,2
40,SSP2-4.5,2
40,SSP2-4.5,2
40,SSP2-4.5,2
40,SSP2-4.5,2
40,SSP2-4.5,2
40,SSP2-4.5,2
40,SSP2-4.5,2
40,SSP2-4.5,2
40,SSP2-4.5,2
40,SSP2-4.5,2
40,SSP2-4.5,2
40,SSP2-4.5,2
40,SSP2-4.5,2
40,SSP2-4.5,2
40,SSP2-4.5,2
40,SSP2-4.5,2
40,SSP2-4.5,2
40,SSP2-4.5,2
40,SSP2-4.5,2
40,SSP2-4.5,2
40,SSP2-4.5,2
40,SSP2-4.5,2
40,SSP2-4.5,2
40,SSP2-4.5,2
40,SSP2-4.5,2
40,SSP2-4.5,2
40,SSP2-4.5,2
40,SSP2-4.5,2
40,SSP2-4.5,3
40,SSP2-4.5,3
40,SSP2-4.5,3
40,SSP3-7.0,2
40,SSP3-7.0,2
40,SSP3-7.0,2
40,SSP3-7.0,2
40,SSP3-7.0,2
40,SSP3-7.0,2
40,SSP3-7.0,2
40,SSP3-7.0,2
40,SSP3-7.0,2
40,SSP3-7.0,2
40,SSP3-7.0,2
40,SSP3-7.0,2
40,SSP3-7.0,2
40,SSP3-7.0,2
40,SSP3-7.0,2
40,SSP3-7.0,2
40,SSP3-7.0,2
40,SSP3-7.0,2
40,SSP3-7.0,2
40,SSP3-7.0,2
40,SSP3-7.0,2
40,SSP3-7.0,2
40,SSP3-7.0,2
40,SSP3-7.0,2
40,SSP3-7.0,2
40,SSP3-7.0,2
40,SSP3-7.0,2
40,SSP3-7.0,2
40,SSP3-7.0,2
40,SSP3-7.0,2
40,SSP3-7.0,2
40,SSP3-7.0,2
40,SSP3-7.0,2
40,SSP3-7.0,2
40,SSP3-7.0,2
40,SSP3-7.0,2
40,SSP3-7.0,2
40,SSP3-7.0,2
40,SSP3-7.0,2
40,SSP3-7.0,2
40,SSP3-7.0,2
40,SSP3-7.0,2
40,SSP3-7.0,2
40,SSP3-7.0,2
40,SSP3-7.0,2
40,SSP3-7.0,2
40,SSP3-7.0,2
40,SSP3-7.0,2
40,SSP3-7.0,2
40,SSP3-7.0,2
40,SSP3-7.0,2
40,SSP3-7.0,2
40,SSP3-7.0,2
40,SSP3-7.0,2
40,SSP3-7.0,2
40,SSP3-7.0,2
40,SSP3-7.0,2
40,SSP3-7.0,2
40,SSP3-7.0,2
40,SSP3-7.0,2
40,SSP3-7.0,2
40,SSP3-7.0,2
40,SSP3-7.0,2
40,SSP3-7.0,2
40,SSP3-7.0,2
40,SSP3-7.0,2
40,SSP3-7.0,2
40,SSP3-7.0,2
40,SSP3-7.0,2
40,SSP3-7.0,2
40,SSP3-7.0,2
40,SSP3-7.0,2
40,SSP3-7.0,2
40,SSP3-7.0,2
40,SSP3-7.0,2
40,SSP3-7.0,2
40,SSP3-7.0,2
40,SSP3-7.0,2
40,SSP3-7.0,2
40,SSP3-7.0,2
40,SSP3-7.0,2
40,SSP3-7.0,2
40,SSP3-7.0,2
40,SSP3-7.0,2
40,SSP3-7.0,2
40,SSP3-7.0,2
40,SSP3-7.0,2
40,SSP3-7.0,2
40,SSP3-7.0,2
40,SSP3-7.0,2
40,SSP3-7.0,3
40,SSP3-7.0,3
40,SSP3-7.0,3
40,SSP3-7.0,3
40,SSP3-7.0,3
40,SSP3-7.0,3
40,SSP3-7.0,3
40,SSP3-7.0,3
40,SSP3-7.0,3
40,SSP5-8.5,2
40,SSP5-8.5,2
40,SSP5-8.5,2
40,SSP5-8.5,2
40,SSP5-8.5,2
40,SSP5-8.5,2
40,SSP5-8.5,2
40,SSP5-8.5,2
40,SSP5-8.5,2
40,SSP5-8.5,2
40,SSP5-8.5,2
40,SSP5-8.5,2
40,SSP5-8.5,2
40,SSP5-8.5,2
40,SSP5-8.5,2
40,SSP5-8.5,2
40,SSP5-8.5,2
40,SSP5-8.5,2
40,SSP5-8.5,2
40,SSP5-8.5,2
40,SSP5-8.5,2
40,SSP5-8.5,2
40,SSP5-8.5,2
40,SSP5-8.5,2
40,SSP5-8.5,2
40,SSP5-8.5,2
40,SSP5-8.5,2
40,SSP5-8.5,2
40,SSP5-8.5,2
40,SSP5-8.5,2
40,SSP5-8.5,2
40,SSP5-8.5,2
40,SSP5-8.5,2
40,SSP5-8.5,2
40,SSP5-8.5,2
40,SSP5-8.5,2
40,SSP5-8.5,2
40,SSP5-8.5,2
40,SSP5-8.5,2
40,SSP5-8.5,2
40,SSP5-8.5,2
40,SSP5-8.5,2
40,SSP5-8.5,2
40,SSP5-8.5,2
40,SSP5-8.5,2
40,SSP5-8.5,2
40,SSP5-8.5,2
40,SSP5-8.5,2
40,SSP5-8.5,2
40,SSP5-8.5,2
40,SSP5-8.5,2
40,SSP5-8.5,2
40,SSP5-8.5,2
40,SSP5-8.5,2
40,SSP5-8.5,2
40,SSP5-8.5,2
40,SSP5-8.5,2
40,SSP5-8.5,2
40,SSP5-8.5,2
40,SSP5-8.5,2
40,SSP5-8.5,2
40,SSP5-8.5,2
40,SSP5-8.5,2
40,SSP5-8.5,2
40,SSP5-8.5,2
40,SSP5-8.5,2
40,SSP5-8.5,2
40,SSP5-8.5,2
40,SSP5-8.5,2
40,SSP5-8.5,2
40,SSP5-8.5,2
40,SSP5-8.5,2
40,SSP5-8.5,2
40,SSP5-8.5,2
40,SSP5-8.5,2
40,SSP5-8.5,2
40,SSP5-8.5,2
40,SSP5-8.5,2
40,SSP5-8.5,2
40,SSP5-8.5,2
40,SSP5-8.5,2
40,SSP5-8.5,3
40,SSP5-8.5,3
40,SSP5-8.5,3
40,SSP5-8.5,3
40,SSP5-8.5,3
40,SSP5-8.5,3
40,SSP5-8.5,3
40,SSP5-8.5,3
40,SSP5-8.5,3
40,SSP5-8.5,3
40,SSP5-8.5,3
40,SSP5-8.5,3
40,SSP5-8.5,3
40,SSP5-8.5,3
40,SSP5-8.5,3
40,SSP5-8.5,3
40,SSP5-8.5,3
40,SSP5-8.5,3
41,SSP1-2.6,1
41,SSP1-2.6,1
41,SSP1-2.6,1
41,SSP1-2.6,1
41,SSP1-2.6,1
41,SSP1-2.6,1
41,SSP1-2.6,1
41,SSP1-2.6,1
41,SSP1-2.6,1
41,SSP1-2.6,1
41,SSP1-2.6,1
41,SSP1-2.6,1
41,SSP1-2.6,1
41,SSP1-2.6,1
41,SSP1-2.6,1
41,SSP1-2.6,1
41,SSP1-2.6,1
41,SSP1-2.6,1
41,SSP1-2.6,1
41,SSP1-2.6,1
41,SSP1-2.6,1
41,SSP1-2.6,1
41,SSP1-2.6,1
41,SSP1-2.6,1
41,SSP1-2.6,1
41,SSP1-2.6,1
41,SSP1-2.6,1
41,SSP1-2.6,1
41,SSP1-2.6,1
41,SSP1-2.6,1
41,SSP1-2.6,1
41,SSP1-2.6,1
41,SSP1-2.6,1
41,SSP1-2.6,1
41,SSP1-2.6,1
41,SSP1-2.6,1
41,SSP1-2.6,1
41,SSP1-2.6,1
41,SSP1-2.6,1
41,SSP1-2.6,1
41,SSP1-2.6,1
41,SSP1-2.6,1
41,SSP1-2.6,1
41,SSP1-2.6,1
41,SSP1-2.6,1
41,SSP1-2.6,1
41,SSP1-2.6,1
41,SSP1-2.6,1
41,SSP1-2.6,1
41,SSP1-2.6,1
41,SSP1-2.6,1
41,SSP1-2.6,1
41,SSP1-2.6,1
41,SSP1-2.6,1
41,SSP1-2.6,1
41,SSP1-2.6,1
41,SSP1-2.6,1
41,SSP1-2.6,1
41,SSP1-2.6,1
41,SSP1-2.6,1
41,SSP1-2.6,1
41,SSP1-2.6,1
41,SSP1-2.6,1
41,SSP1-2.6,1
41,SSP1-2.6,2
41,SSP1-2.6,2
41,SSP1-2.6,2
41,SSP1-2.6,2
41,SSP1-2.6,2
41,SSP1-2.6,2
41,SSP1-2.6,2
41,SSP1-2.6,2
41,SSP1-2.6,2
41,SSP1-2.6,2
41,SSP1-2.6,2
41,SSP1-2.6,2
41,SSP1-2.6,2
41,SSP1-2.6,2
41,SSP1-2.6,2
41,SSP1-2.6,2
41,SSP1-2.6,2
41,SSP1-2.6,2
41,SSP1-2.6,2
41,SSP1-2.6,2
41,SSP1-2.6,2
41,SSP1-2.6,2
41,SSP1-2.6,2
41,SSP1-2.6,2
41,SSP1-2.6,2
41,SSP1-2.6,2
41,SSP1-2.6,2
41,SSP1-2.6,2
41,SSP1-2.6,2
41,SSP1-2.6,2
41,SSP1-2.6,2
41,SSP1-2.6,2
41,SSP1-2.6,2
41,SSP1-2.6,2
41,SSP1-2.6,2
41,SSP2-4.5,1
41,SSP2-4.5,1
41,SSP2-4.5,1
41,SSP2-4.5,1
41,SSP2-4.5,1
41,SSP2-4.5,1
41,SSP2-4.5,1
41,SSP2-4.5,1
41,SSP2-4.5,1
41,SSP2-4.5,1
41,SSP2-4.5,1
41,SSP2-4.5,1
41,SSP2-4.5,1
41,SSP2-4.5,1
41,SSP2-4.5,1
41,SSP2-4.5,1
41,SSP2-4.5,1
41,SSP2-4.5,1
41,SSP2-4.5,1
41,SSP2-4.5,1
41,SSP2-4.5,1
41,SSP2-4.5,1
41,SSP2-4.5,1
41,SSP2-4.5,1
41,SSP2-4.5,1
41,SSP2-4.5,1
41,SSP2-4.5,1
41,SSP2-4.5,1
41,SSP2-4.5,1
41,SSP2-4.5,1
41,SSP2-4.5,1
41,SSP2-4.5,1
41,SSP2-4.5,1
41,SSP2-4.5,1
41,SSP2-4.5,1
41,SSP2-4.5,1
41,SSP2-4.5,1
41,SSP2-4.5,1
41,SSP2-4.5,1
41,SSP2-4.5,1
41,SSP2-4.5,1
41,SSP2-4.5,1
41,SSP2-4.5,1
41,SSP2-4.5,1
41,SSP2-4.5,1
41,SSP2-4.5,1
41,SSP2-4.5,1
41,SSP2-4.5,1
41,SSP2-4.5,1
41,SSP2-4.5,1
41,SSP2-4.5,1
41,SSP2-4.5,1
41,SSP2-4.5,1
41,SSP2-4.5,1
41,SSP2-4.5,1
41,SSP2-4.5,1
41,SSP2-4.5,1
41,SSP2-4.5,1
41,SSP2-4.5,1
41,SSP2-4.5,1
41,SSP2-4.5,1
41,SSP2-4.5,1
41,SSP2-4.5,1
41,SSP2-4.5,1
41,SSP2-4.5,2
41,SSP2-4.5,2
41,SSP2-4.5,2
41,SSP2-4.5,2
41,SSP2-4.5,2
41,SSP2-4.5,2
41,SSP2-4.5,2
41,SSP2-4.5,2
41,SSP2-4.5,2
41,SSP2-4.5,2
41,SSP2-4.5,2
41,SSP2-4.5,2
41,SSP2-4.5,2
41,SSP2-4.5,2
41,SSP2-4.5,2
41,SSP2-4.5,2
41,SSP2-4.5,2
41,SSP2-4.5,2
41,SSP2-4.5,2
41,SSP2-4.5,2
41,SSP2-4.5,2
41,SSP2-4.5,2
41,SSP2-4.5,2
41,SSP2-4.5,2
41,SSP2-4.5,2
41,SSP2-4.5,2
41,SSP2-4.5,2
41,SSP2-4.5,2
41,SSP2-4.5,2
41,SSP2-4.5,2
41,SSP2-4.5,2
41,SSP2-4.5,2
41,SSP2-4.5,2
41,SSP2-4.5,2
41,SSP2-4.5,2
41,SSP3-7.0,1
41,SSP3-7.0,1
41,SSP3-7.0,1
41,SSP3-7.0,1
41,SSP3-7.0,1
41,SSP3-7.0,1
41,SSP3-7.0,1
41,SSP3-7.0,1
41,SSP3-7.0,1
41,SSP3-7.0,1
41,SSP3-7.0,1
41,SSP3-7.0,1
41,SSP3-7.0,1
41,SSP3-7.0,1
41,SSP3-7.0,1
41,SSP3-7.0,1
41,SSP3-7.0,1
41,SSP3-7.0,1
41,SSP3-7.0,1
41,SSP3-7.0,1
41,SSP3-7.0,1
41,SSP3-7.0,1
41,SSP3-7.0,1
41,SSP3-7.0,1
41,SSP3-7.0,1
41,SSP3-7.0,1
41,SSP3-7.0,1
41,SSP3-7.0,2
41,SSP3-7.0,2
41,SSP3-7.0,2
41,SSP3-7.0,2
41,SSP3-7.0,2
41,SSP3-7.0,2
41,SSP3-7.0,2
41,SSP3-7.0,2
41,SSP3-7.0,2
41,SSP3-7.0,2
41,SSP3-7.0,2
41,SSP3-7.0,2
41,SSP3-7.0,2
41,SSP3-7.0,2
41,SSP3-7.0,2
41,SSP3-7.0,2
41,SSP3-7.0,2
41,SSP3-7.0,2
41,SSP3-7.0,2
41,SSP3-7.0,2
41,SSP3-7.0,2
41,SSP3-7.0,2
41,SSP3-7.0,2
41,SSP3-7.0,2
41,SSP3-7.0,2
41,SSP3-7.0,2
41,SSP3-7.0,2
41,SSP3-7.0,2
41,SSP3-7.0,2
41,SSP3-7.0,2
41,SSP3-7.0,2
41,SSP3-7.0,2
41,SSP3-7.0,2
41,SSP3-7.0,2
41,SSP3-7.0,2
41,SSP3-7.0,2
41,SSP3-7.0,2
41,SSP3-7.0,2
41,SSP3-7.0,2
41,SSP3-7.0,2
41,SSP3-7.0,2
41,SSP3-7.0,2
41,SSP3-7.0,2
41,SSP3-7.0,2
41,SSP3-7.0,2
41,SSP3-7.0,2
41,SSP3-7.0,2
41,SSP3-7.0,2
41,SSP3-7.0,2
41,SSP3-7.0,2
41,SSP3-7.0,2
41,SSP3-7.0,2
41,SSP3-7.0,2
41,SSP3-7.0,2
41,SSP3-7.0,2
41,SSP3-7.0,2
41,SSP3-7.0,2
41,SSP3-7.0,2
41,SSP3-7.0,2
41,SSP3-7.0,2
41,SSP3-7.0,2
41,SSP3-7.0,2
41,SSP3-7.0,2
41,SSP3-7.0,2
41,SSP3-7.0,2
41,SSP3-7.0,2
41,SSP3-7.0,2
41,SSP3-7.0,2
41,SSP3-7.0,2
41,SSP3-7.0,2
41,SSP3-7.0,2
41,SSP3-7.0,2
41,SSP5-8.5,1
41,SSP5-8.5,1
41,SSP5-8.5,1
41,SSP5-8.5,1
41,SSP5-8.5,1
41,SSP5-8.5,1
41,SSP5-8.5,1
41,SSP5-8.5,1
41,SSP5-8.5,1
41,SSP5-8.5,1
41,SSP5-8.5,1
41,SSP5-8.5,1
41,SSP5-8.5,1
41,SSP5-8.5,1
41,SSP5-8.5,1
41,SSP5-8.5,1
41,SSP5-8.5,1
41,SSP5-8.5,1
41,SSP5-8.5,1
41,SSP5-8.5,2
41,SSP5-8.5,2
41,SSP5-8.5,2
41,SSP5-8.5,2
41,SSP5-8.5,2
41,SSP5-8.5,2
41,SSP5-8.5,2
41,SSP5-8.5,2
41,SSP5-8.5,2
41,SSP5-8.5,2
41,SSP5-8.5,2
41,SSP5-8.5,2
41,SSP5-8.5,2
41,SSP5-8.5,2
41,SSP5-8.5,2
41,SSP5-8.5,2
41,SSP5-8.5,2
41,SSP5-8.5,2
41,SSP5-8.5,2
41,SSP5-8.5,2
41,SSP5-8.5,2
41,SSP5-8.5,2
41,SSP5-8.5,2
41,SSP5-8.5,2
41,SSP5-8.5,2
41,SSP5-8.5,2
41,SSP5-8.5,2
41,SSP5-8.5,2
41,SSP5-8.5,2
41,SSP5-8.5,2
41,SSP5-8.5,2
41,SSP5-8.5,2
41,SSP5-8.5,2
41,SSP5-8.5,2
41,SSP5-8.5,2
41,SSP5-8.5,2
41,SSP5-8.5,2
41,SSP5-8.5,2
41,SSP5-8.5,2
41,SSP5-8.5,2
41,SSP5-8.5,2
41,SSP5-8.5,2
41,SSP5-8.5,2
41,SSP5-8.5,2
41,SSP5-8.5,2
41,SSP5-8.5,2
41,SSP5-8.5,2
41,SSP5-8.5,2
41,SSP5-8.5,2
41,SSP5-8.5,2
41,SSP5-8.5,2
41,SSP5-8.5,2
41,SSP5-8.5,2
41,SSP5-8.5,2
41,SSP5-8.5,2
41,SSP5-8.5,2
41,SSP5-8.5,2
41,SSP5-8.5,2
41,SSP5-8.5,2
41,SSP5-8.5,2
41,SSP5-8.5,2
41,SSP5-8.5,2
41,SSP5-8.5,2
41,SSP5-8.5,2
41,SSP5-8.5,2
41,SSP5-8.5,2
41,SSP5-8.5,2
41,SSP5-8.5,2
41,SSP5-8.5,2
41,SSP5-8.5,2
41,SSP5-8.5,2
41,SSP5-8.5,2
41,SSP5-8.5,2
41,SSP5-8.5,3
41,SSP5-8.5,3
41,SSP5-8.5,3
41,SSP5-8.5,3
41,SSP5-8.5,3
41,SSP5-8.5,3
42,SSP1-2.6,1
42,SSP1-2.6,1
42,SSP1-2.6,1
42,SSP1-2.6,1
42,SSP1-2.6,1
42,SSP1-2.6,1
42,SSP1-2.6,1
42,SSP1-2.6,1
42,SSP1-2.6,1
42,SSP1-2.6,1
42,SSP1-2.6,1
42,SSP1-2.6,1
42,SSP1-2.6,1
42,SSP1-2.6,1
42,SSP1-2.6,1
42,SSP1-2.6,1
42,SSP1-2.6,1
42,SSP1-2.6,1
42,SSP1-2.6,1
42,SSP1-2.6,2
42,SSP1-2.6,2
42,SSP1-2.6,2
42,SSP1-2.6,2
42,SSP1-2.6,2
42,SSP1-2.6,2
42,SSP1-2.6,2
42,SSP1-2.6,2
42,SSP1-2.6,2
42,SSP1-2.6,2
42,SSP1-2.6,2
42,SSP1-2.6,2
42,SSP1-2.6,2
42,SSP1-2.6,2
42,SSP1-2.6,2
42,SSP1-2.6,2
42,SSP1-2.6,2
42,SSP1-2.6,2
42,SSP1-2.6,2
42,SSP1-2.6,2
42,SSP1-2.6,2
42,SSP1-2.6,2
42,SSP1-2.6,2
42,SSP1-2.6,2
42,SSP1-2.6,2
42,SSP1-2.6,2
42,SSP1-2.6,2
42,SSP1-2.6,2
42,SSP1-2.6,2
42,SSP1-2.6,2
42,SSP1-2.6,2
42,SSP1-2.6,2
42,SSP1-2.6,2
42,SSP1-2.6,2
42,SSP1-2.6,2
42,SSP1-2.6,2
42,SSP1-2.6,2
42,SSP1-2.6,2
42,SSP1-2.6,2
42,SSP1-2.6,2
42,SSP1-2.6,2
42,SSP1-2.6,2
42,SSP1-2.6,2
42,SSP1-2.6,2
42,SSP1-2.6,2
42,SSP1-2.6,2
42,SSP1-2.6,2
42,SSP1-2.6,2
42,SSP1-2.6,2
42,SSP1-2.6,2
42,SSP1-2.6,2
42,SSP1-2.6,2
42,SSP1-2.6,2
42,SSP1-2.6,2
42,SSP1-2.6,3
42,SSP1-2.6,3
42,SSP1-2.6,3
42,SSP1-2.6,3
42,SSP1-2.6,3
42,SSP1-2.6,3
42,SSP1-2.6,3
42,SSP1-2.6,3
42,SSP1-2.6,4
42,SSP1-2.6,4
42,SSP1-2.6,4
42,SSP1-2.6,4
42,SSP1-2.6,4
42,SSP1-2.6,4
42,SSP1-2.6,4
42,SSP1-2.6,4
42,SSP1-2.6,4
42,SSP1-2.6,4
42,SSP1-2.6,4
42,SSP1-2.6,4
42,SSP1-2.6,4
42,SSP1-2.6,4
42,SSP1-2.6,5
42,SSP2-4.5,1
42,SSP2-4.5,1
42,SSP2-4.5,1
42,SSP2-4.5,1
42,SSP2-4.5,2
42,SSP2-4.5,2
42,SSP2-4.5,2
42,SSP2-4.5,2
42,SSP2-4.5,2
42,SSP2-4.5,2
42,SSP2-4.5,2
42,SSP2-4.5,2
42,SSP2-4.5,2
42,SSP2-4.5,2
42,SSP2-4.5,2
42,SSP2-4.5,2
42,SSP2-4.5,2
42,SSP2-4.5,2
42,SSP2-4.5,2
42,SSP2-4.5,2
42,SSP2-4.5,2
42,SSP2-4.5,2
42,SSP2-4.5,2
42,SSP2-4.5,2
42,SSP2-4.5,2
42,SSP2-4.5,2
42,SSP2-4.5,2
42,SSP2-4.5,2
42,SSP2-4.5,2
42,SSP2-4.5,2
42,SSP2-4.5,2
42,SSP2-4.5,2
42,SSP2-4.5,2
42,SSP2-4.5,2
42,SSP2-4.5,2
42,SSP2-4.5,2
42,SSP2-4.5,2
42,SSP2-4.5,2
42,SSP2-4.5,2
42,SSP2-4.5,2
42,SSP2-4.5,2
42,SSP2-4.5,2
42,SSP2-4.5,2
42,SSP2-4.5,2
42,SSP2-4.5,2
42,SSP2-4.5,2
42,SSP2-4.5,2
42,SSP2-4.5,2
42,SSP2-4.5,2
42,SSP2-4.5,2
42,SSP2-4.5,2
42,SSP2-4.5,2
42,SSP2-4.5,3
42,SSP2-4.5,3
42,SSP2-4.5,3
42,SSP2-4.5,3
42,SSP2-4.5,3
42,SSP2-4.5,3
42,SSP2-4.5,3
42,SSP2-4.5,3
42,SSP2-4.5,3
42,SSP2-4.5,3
42,SSP2-4.5,3
42,SSP2-4.5,3
42,SSP2-4.5,3
42,SSP2-4.5,3
42,SSP2-4.5,3
42,SSP2-4.5,3
42,SSP2-4.5,3
42,SSP2-4.5,3
42,SSP2-4.5,3
42,SSP2-4.5,3
42,SSP2-4.5,3
42,SSP2-4.5,4
42,SSP2-4.5,4
42,SSP2-4.5,4
42,SSP2-4.5,4
42,SSP2-4.5,4
42,SSP2-4.5,5
42,SSP2-4.5,5
42,SSP2-4.5,5
42,SSP2-4.5,5
42,SSP2-4.5,5
42,SSP2-4.5,5
42,SSP2-4.5,5
42,SSP2-4.5,5
42,SSP2-4.5,5
42,SSP2-4.5,5
42,SSP2-4.5,5
42,SSP2-4.5,6
42,SSP2-4.5,6
42,SSP2-4.5,6
42,SSP2-4.5,6
42,SSP2-4.5,6
42,SSP2-4.5,6
42,SSP2-4.5,6
42,SSP2-4.5,6
42,SSP3-7.0,1
42,SSP3-7.0,2
42,SSP3-7.0,2
42,SSP3-7.0,2
42,SSP3-7.0,2
42,SSP3-7.0,2
42,SSP3-7.0,2
42,SSP3-7.0,2
42,SSP3-7.0,2
42,SSP3-7.0,2
42,SSP3-7.0,2
42,SSP3-7.0,2
42,SSP3-7.0,2
42,SSP3-7.0,2
42,SSP3-7.0,2
42,SSP3-7.0,2
42,SSP3-7.0,2
42,SSP3-7.0,2
42,SSP3-7.0,2
42,SSP3-7.0,2
42,SSP3-7.0,2
42,SSP3-7.0,2
42,SSP3-7.0,2
42,SSP3-7.0,2
42,SSP3-7.0,2
42,SSP3-7.0,2
42,SSP3-7.0,2
42,SSP3-7.0,2
42,SSP3-7.0,2
42,SSP3-7.0,2
42,SSP3-7.0,2
42,SSP3-7.0,2
42,SSP3-7.0,2
42,SSP3-7.0,2
42,SSP3-7.0,2
42,SSP3-7.0,2
42,SSP3-7.0,2
42,SSP3-7.0,2
42,SSP3-7.0,2
42,SSP3-7.0,2
42,SSP3-7.0,2
42,SSP3-7.0,2
42,SSP3-7.0,2
42,SSP3-7.0,3
42,SSP3-7.0,3
42,SSP3-7.0,3
42,SSP3-7.0,3
42,SSP3-7.0,3
42,SSP3-7.0,3
42,SSP3-7.0,3
42,SSP3-7.0,3
42,SSP3-7.0,3
42,SSP3-7.0,3
42,SSP3-7.0,3
42,SSP3-7.0,3
42,SSP3-7.0,3
42,SSP3-7.0,3
42,SSP3-7.0,3
42,SSP3-7.0,3
42,SSP3-7.0,3
42,SSP3-7.0,3
42,SSP3-7.0,3
42,SSP3-7.0,3
42,SSP3-7.0,3
42,SSP3-7.0,3
42,SSP3-7.0,3
42,SSP3-7.0,4
42,SSP3-7.0,4
42,SSP3-7.0,4
42,SSP3-7.0,4
42,SSP3-7.0,4
42,SSP3-7.0,4
42,SSP3-7.0,4
42,SSP3-7.0,4
42,SSP3-7.0,4
42,SSP3-7.0,5
42,SSP3-7.0,5
42,SSP3-7.0,6
42,SSP3-7.0,6
42,SSP3-7.0,6
42,SSP3-7.0,6
42,SSP3-7.0,6
42,SSP3-7.0,6
42,SSP3-7.0,6
42,SSP3-7.0,6
42,SSP3-7.0,6
42,SSP3-7.0,6
42,SSP3-7.0,6
42,SSP3-7.0,6
42,SSP3-7.0,6
42,SSP3-7.0,6
42,SSP3-7.0,6
42,SSP3-7.0,6
42,SSP3-7.0,6
42,SSP3-7.0,6
42,SSP3-7.0,6
42,SSP3-7.0,6
42,SSP5-8.5,2
42,SSP5-8.5,2
42,SSP5-8.5,2
42,SSP5-8.5,2
42,SSP5-8.5,2
42,SSP5-8.5,2
42,SSP5-8.5,2
42,SSP5-8.5,2
42,SSP5-8.5,2
42,SSP5-8.5,2
42,SSP5-8.5,2
42,SSP5-8.5,2
42,SSP5-8.5,2
42,SSP5-8.5,2
42,SSP5-8.5,2
42,SSP5-8.5,2
42,SSP5-8.5,2
42,SSP5-8.5,2
42,SSP5-8.5,2
42,SSP5-8.5,2
42,SSP5-8.5,2
42,SSP5-8.5,2
42,SSP5-8.5,2
42,SSP5-8.5,2
42,SSP5-8.5,2
42,SSP5-8.5,2
42,SSP5-8.5,2
42,SSP5-8.5,2
42,SSP5-8.5,2
42,SSP5-8.5,2
42,SSP5-8.5,3
42,SSP5-8.5,3
42,SSP5-8.5,3
42,SSP5-8.5,3
42,SSP5-8.5,3
42,SSP5-8.5,3
42,SSP5-8.5,3
42,SSP5-8.5,3
42,SSP5-8.5,3
42,SSP5-8.5,3
42,SSP5-8.5,3
42,SSP5-8.5,3
42,SSP5-8.5,3
42,SSP5-8.5,3
42,SSP5-8.5,3
42,SSP5-8.5,3
42,SSP5-8.5,3
42,SSP5-8.5,3
42,SSP5-8.5,3
42,SSP5-8.5,3
42,SSP5-8.5,3
42,SSP5-8.5,3
42,SSP5-8.5,3
42,SSP5-8.5,4
42,SSP5-8.5,4
42,SSP5-8.5,4
42,SSP5-8.5,4
42,SSP5-8.5,4
42,SSP5-8.5,4
42,SSP5-8.5,4
42,SSP5-8.5,4
42,SSP5-8.5,4
42,SSP5-8.5,4
42,SSP5-8.5,4
42,SSP5-8.5,4
42,SSP5-8.5,4
42,SSP5-8.5,4
42,SSP5-8.5,4
42,SSP5-8.5,4
42,SSP5-8.5,4
42,SSP5-8.5,5
42,SSP5-8.5,5
42,SSP5-8.5,5
42,SSP5-8.5,5
42,SSP5-8.5,6
42,SSP5-8.5,6
42,SSP5-8.5,6
42,SSP5-8.5,6
42,SSP5-8.5,6
42,SSP5-8.5,6
42,SSP5-8.5,6
42,SSP5-8.5,6
42,SSP5-8.5,6
42,SSP5-8.5,6
42,SSP5-8.5,6
42,SSP5-8.5,6
42,SSP5-8.5,6
42,SSP5-8.5,6
42,SSP5-8.5,6
42,SSP5-8.5,6
42,SSP5-8.5,6
42,SSP5-8.5,6
42,SSP5-8.5,6
42,SSP5-8.5,6
42,SSP5-8.5,6
42,SSP5-8.5,6
42,SSP5-8.5,6
43,SSP1-2.6,1
43,SSP1-2.6,1
43,SSP1-2.6,1
43,SSP1-2.6,1
43,SSP1-2.6,1
43,SSP1-2.6,1
43,SSP1-2.6,1
43,SSP1-2.6,1
43,SSP1-2.6,1
43,SSP1-2.6,1
43,SSP1-2.6,1
43,SSP1-2.6,1
43,SSP1-2.6,1
43,SSP1-2.6,1
43,SSP1-2.6,1
43,SSP1-2.6,1
43,SSP1-2.6,1
43,SSP1-2.6,1
43,SSP1-2.6,1
43,SSP1-2.6,1
43,SSP1-2.6,1
43,SSP1-2.6,1
43,SSP1-2.6,1
43,SSP1-2.6,1
43,SSP1-2.6,2
43,SSP1-2.6,2
43,SSP1-2.6,2
43,SSP1-2.6,2
43,SSP1-2.6,2
43,SSP1-2.6,2
43,SSP1-2.6,2
43,SSP1-2.6,2
43,SSP1-2.6,2
43,SSP1-2.6,2
43,SSP1-2.6,2
43,SSP1-2.6,2
43,SSP1-2.6,2
43,SSP1-2.6,2
43,SSP1-2.6,2
43,SSP1-2.6,2
43,SSP1-2.6,2
43,SSP1-2.6,2
43,SSP1-2.6,2
43,SSP1-2.6,2
43,SSP1-2.6,2
43,SSP1-2.6,2
43,SSP1-2.6,2
43,SSP1-2.6,2
43,SSP1-2.6,2
43,SSP1-2.6,2
43,SSP1-2.6,2
43,SSP1-2.6,2
43,SSP1-2.6,2
43,SSP1-2.6,2
43,SSP1-2.6,2
43,SSP1-2.6,2
43,SSP1-2.6,2
43,SSP1-2.6,2
43,SSP1-2.6,2
43,SSP1-2.6,2
43,SSP1-2.6,2
43,SSP1-2.6,3
43,SSP1-2.6,3
43,SSP1-2.6,3
43,SSP1-2.6,3
43,SSP1-2.6,3
43,SSP1-2.6,3
43,SSP1-2.6,3
43,SSP1-2.6,3
43,SSP1-2.6,3
43,SSP1-2.6,3
43,SSP1-2.6,3
43,SSP1-2.6,3
43,SSP1-2.6,3
43,SSP1-2.6,3
43,SSP1-2.6,3
43,SSP1-2.6,3
43,SSP1-2.6,3
43,SSP1-2.6,3
43,SSP1-2.6,3
43,SSP1-2.6,3
43,SSP1-2.6,3
43,SSP1-2.6,3
43,SSP1-2.6,3
43,SSP1-2.6,3
43,SSP1-2.6,3
43,SSP1-2.6,6
43,SSP1-2.6,6
43,SSP1-2.6,6
43,SSP1-2.6,6
43,SSP1-2.6,6
43,SSP1-2.6,6
43,SSP1-2.6,6
43,SSP1-2.6,6
43,SSP1-2.6,6
43,SSP1-2.6,6
43,SSP1-2.6,6
43,SSP1-2.6,6
43,SSP2-4.5,2
43,SSP2-4.5,2
43,SSP2-4.5,2
43,SSP2-4.5,2
43,SSP2-4.5,2
43,SSP2-4.5,2
43,SSP2-4.5,2
43,SSP2-4.5,2
43,SSP2-4.5,2
43,SSP2-4.5,2
43,SSP2-4.5,2
43,SSP2-4.5,2
43,SSP2-4.5,2
43,SSP2-4.5,2
43,SSP2-4.5,2
43,SSP2-4.5,3
43,SSP2-4.5,3
43,SSP2-4.5,3
43,SSP2-4.5,3
43,SSP2-4.5,3
43,SSP2-4.5,3
43,SSP2-4.5,3
43,SSP2-4.5,3
43,SSP2-4.5,3
43,SSP2-4.5,3
43,SSP2-4.5,3
43,SSP2-4.5,3
43,SSP2-4.5,3
43,SSP2-4.5,3
43,SSP2-4.5,3
43,SSP2-4.5,3
43,SSP2-4.5,3
43,SSP2-4.5,3
43,SSP2-4.5,3
43,SSP2-4.5,3
43,SSP2-4.5,3
43,SSP2-4.5,3
43,SSP2-4.5,3
43,SSP2-4.5,3
43,SSP2-4.5,3
43,SSP2-4.5,3
43,SSP2-4.5,3
43,SSP2-4.5,3
43,SSP2-4.5,3
43,SSP2-4.5,4
43,SSP2-4.5,4
43,SSP2-4.5,4
43,SSP2-4.5,4
43,SSP2-4.5,4
43,SSP2-4.5,4
43,SSP2-4.5,4
43,SSP2-4.5,4
43,SSP2-4.5,4
43,SSP2-4.5,4
43,SSP2-4.5,4
43,SSP2-4.5,4
43,SSP2-4.5,4
43,SSP2-4.5,4
43,SSP2-4.5,4
43,SSP2-4.5,4
43,SSP2-4.5,4
43,SSP2-4.5,4
43,SSP2-4.5,4
43,SSP2-4.5,4
43,SSP2-4.5,5
43,SSP2-4.5,5
43,SSP2-4.5,5
43,SSP2-4.5,5
43,SSP2-4.5,5
43,SSP2-4.5,5
43,SSP2-4.5,5
43,SSP2-4.5,5
43,SSP2-4.5,5
43,SSP2-4.5,5
43,SSP2-4.5,5
43,SSP2-4.5,5
43,SSP2-4.5,5
43,SSP2-4.5,5
43,SSP2-4.5,5
43,SSP2-4.5,5
43,SSP2-4.5,5
43,SSP2-4.5,5
43,SSP2-4.5,5
43,SSP2-4.5,5
43,SSP2-4.5,5
43,SSP2-4.5,5
43,SSP2-4.5,6
43,SSP2-4.5,6
43,SSP2-4.5,6
43,SSP2-4.5,6
43,SSP2-4.5,6
43,SSP2-4.5,6
43,SSP2-4.5,6
43,SSP2-4.5,6
43,SSP2-4.5,6
43,SSP2-4.5,6
43,SSP2-4.5,6
43,SSP2-4.5,6
43,SSP3-7.0,3
43,SSP3-7.0,3
43,SSP3-7.0,3
43,SSP3-7.0,3
43,SSP3-7.0,3
43,SSP3-7.0,3
43,SSP3-7.0,3
43,SSP3-7.0,3
43,SSP3-7.0,3
43,SSP3-7.0,3
43,SSP3-7.0,3
43,SSP3-7.0,3
43,SSP3-7.0,3
43,SSP3-7.0,3
43,SSP3-7.0,3
43,SSP3-7.0,3
43,SSP3-7.0,3
43,SSP3-7.0,3
43,SSP3-7.0,3
43,SSP3-7.0,3
43,SSP3-7.0,3
43,SSP3-7.0,3
43,SSP3-7.0,3
43,SSP3-7.0,3
43,SSP3-7.0,3
43,SSP3-7.0,4
43,SSP3-7.0,4
43,SSP3-7.0,4
43,SSP3-7.0,4
43,SSP3-7.0,4
43,SSP3-7.0,6
43,SSP3-7.0,6
43,SSP3-7.0,6
43,SSP3-7.0,6
43,SSP3-7.0,6
43,SSP3-7.0,6
43,SSP3-7.0,6
43,SSP3-7.0,6
43,SSP3-7.0,6
43,SSP3-7.0,6
43,SSP3-7.0,6
43,SSP3-7.0,6
43,SSP3-7.0,6
43,SSP3-7.0,6
43,SSP3-7.0,6
43,SSP3-7.0,6
43,SSP3-7.0,6
43,SSP3-7.0,6
43,SSP3-7.0,6
43,SSP3-7.0,6
43,SSP3-7.0,6
43,SSP3-7.0,6
43,SSP3-7.0,6
43,SSP3-7.0,6
43,SSP3-7.0,6
43,SSP3-7.0,6
43,SSP3-7.0,6
43,SSP3-7.0,6
43,SSP3-7.0,6
43,SSP3-7.0,6
43,SSP3-7.0,6
43,SSP3-7.0,6
43,SSP3-7.0,6
43,SSP3-7.0,6
43,SSP3-7.0,6
43,SSP3-7.0,6
43,SSP3-7.0,6
43,SSP3-7.0,6
43,SSP3-7.0,6
43,SSP3-7.0,6
43,SSP3-7.0,6
43,SSP3-7.0,6
43,SSP3-7.0,6
43,SSP3-7.0,6
43,SSP3-7.0,6
43,SSP3-7.0,6
43,SSP3-7.0,6
43,SSP3-7.0,6
43,SSP3-7.0,6
43,SSP3-7.0,6
43,SSP3-7.0,6
43,SSP3-7.0,6
43,SSP3-7.0,6
43,SSP3-7.0,6
43,SSP3-7.0,6
43,SSP3-7.0,6
43,SSP3-7.0,6
43,SSP3-7.0,6
43,SSP3-7.0,6
43,SSP3-7.0,6
43,SSP3-7.0,6
43,SSP3-7.0,6
43,SSP3-7.0,6
43,SSP3-7.0,6
43,SSP3-7.0,6
43,SSP3-7.0,6
43,SSP3-7.0,6
43,SSP3-7.0,6
43,SSP3-7.0,6
43,SSP3-7.0,6
43,SSP5-8.5,2
43,SSP5-8.5,2
43,SSP5-8.5,2
43,SSP5-8.5,2
43,SSP5-8.5,2
43,SSP5-8.5,2
43,SSP5-8.5,2
43,SSP5-8.5,2
43,SSP5-8.5,2
43,SSP5-8.5,2
43,SSP5-8.5,4
43,SSP5-8.5,4
43,SSP5-8.5,4
43,SSP5-8.5,4
43,SSP5-8.5,4
43,SSP5-8.5,4
43,SSP5-8.5,4
43,SSP5-8.5,4
43,SSP5-8.5,4
43,SSP5-8.5,4
43,SSP5-8.5,5
43,SSP5-8.5,5
43,SSP5-8.5,5
43,SSP5-8.5,5
43,SSP5-8.5,5
43,SSP5-8.5,5
43,SSP5-8.5,6
43,SSP5-8.5,6
43,SSP5-8.5,6
43,SSP5-8.5,6
43,SSP5-8.5,6
43,SSP5-8.5,6
43,SSP5-8.5,6
43,SSP5-8.5,6
43,SSP5-8.5,6
43,SSP5-8.5,6
43,SSP5-8.5,6
43,SSP5-8.5,6
43,SSP5-8.5,6
43,SSP5-8.5,6
43,SSP5-8.5,6
43,SSP5-8.5,6
43,SSP5-8.5,6
43,SSP5-8.5,6
43,SSP5-8.5,6
43,SSP5-8.5,6
43,SSP5-8.5,6
43,SSP5-8.5,6
43,SSP5-8.5,6
43,SSP5-8.5,6
43,SSP5-8.5,6
43,SSP5-8.5,6
43,SSP5-8.5,6
43,SSP5-8.5,6
43,SSP5-8.5,6
43,SSP5-8.5,6
43,SSP5-8.5,6
43,SSP5-8.5,6
43,SSP5-8.5,6
43,SSP5-8.5,6
43,SSP5-8.5,6
43,SSP5-8.5,6
43,SSP5-8.5,6
43,SSP5-8.5,6
43,SSP5-8.5,6
43,SSP5-8.5,6
43,SSP5-8.5,6
43,SSP5-8.5,6
43,SSP5-8.5,6
43,SSP5-8.5,6
43,SSP5-8.5,6
43,SSP5-8.5,6
43,SSP5-8.5,6
43,SSP5-8.5,6
43,SSP5-8.5,6
43,SSP5-8.5,6
43,SSP5-8.5,6
43,SSP5-8.5,6
43,SSP5-8.5,6
43,SSP5-8.5,6
43,SSP5-8.5,6
43,SSP5-8.5,6
43,SSP5-8.5,6
43,SSP5-8.5,6
43,SSP5-8.5,6
43,SSP5-8.5,6
43,SSP5-8.5,6
43,SSP5-8.5,6
43,SSP5-8.5,6
43,SSP5-8.5,6
43,SSP5-8.5,6
43,SSP5-8.5,6
43,SSP5-8.5,6
43,SSP5-8.5,6
43,SSP5-8.5,6
43,SSP5-8.5,6
43,SSP5-8.5,6
43,SSP5-8.5,6
43,SSP5-8.5,6
